id,user_id,reference_code,bill_ids,payment_type,payment_method,amount,status,tenant_note,preferred_date,preferred_time,schedule_confirmed,created_at
896,209,REF-20230512-2946,2946,full,GCASH,63059.64,APPROVED,,,,False,2026-05-14 17:36:39.323402+00:00
897,176,REF-20230510-1758,1758,full,CASH,73253.88,APPROVED,,,,False,2026-05-14 17:36:39.579565+00:00
898,196,REF-20230510-2478,2478,full,CASH,50575.14,APPROVED,,,,False,2026-05-14 17:36:39.690170+00:00
899,190,REF-20230511-2262,2262,full,CASH,109906.96,APPROVED,,,,False,2026-05-14 17:36:39.800283+00:00
900,210,REF-20230703-2982,2982,full,GCASH,87894.03,APPROVED,,,,False,2026-05-14 17:36:39.910156+00:00
901,184,REF-20230515-2046,2046,full,CASH,93775.33,APPROVED,,,,False,2026-05-14 17:36:40.020652+00:00
902,182,REF-20230510-1974,1974,full,CASH,88516.54,APPROVED,,,,False,2026-05-14 17:36:40.130990+00:00
903,201,REF-20230505-2658,2658,full,GCASH,140562.97,APPROVED,,,,False,2026-05-14 17:36:40.240393+00:00
904,185,REF-20230515-2082,2082,full,GCASH,95370.10,APPROVED,,,,False,2026-05-14 17:36:40.350022+00:00
905,204,REF-20230515-2766,2766,full,CASH,61605.19,APPROVED,,,,False,2026-05-14 17:36:40.460080+00:00
906,193,REF-20230510-2370,2370,full,GCASH,104703.34,APPROVED,,,,False,2026-05-14 17:36:40.569707+00:00
907,202,REF-20230510-2694,2694,full,CASH,91736.68,APPROVED,,,,False,2026-05-14 17:36:40.680322+00:00
908,181,REF-20230509-1938,1938,full,GCASH,49558.53,APPROVED,,,,False,2026-05-14 17:36:40.790174+00:00
909,205,REF-20230505-2802,2802,full,GCASH,48035.25,APPROVED,,,,False,2026-05-14 17:36:40.899044+00:00
910,200,REF-20230515-2622,2622,full,GCASH,82064.12,APPROVED,,,,False,2026-05-14 17:36:41.008715+00:00
911,186,REF-20230517-2118,2118,full,GCASH,107290.90,APPROVED,,,,False,2026-05-14 17:36:41.117809+00:00
912,180,REF-20230510-1902,1902,full,CASH,51608.34,APPROVED,,,,False,2026-05-14 17:36:41.229090+00:00
913,206,REF-20230522-2838,2838,full,CASH,76165.69,APPROVED,,,,False,2026-05-14 17:36:41.338588+00:00
914,174,REF-20230510-1686,1686,full,GCASH,74430.58,APPROVED,,,,False,2026-05-14 17:36:41.450505+00:00
915,199,REF-20230505-2586,2586,full,CASH,55853.60,APPROVED,,,,False,2026-05-14 17:36:41.559643+00:00
916,187,REF-20230505-2154,2154,full,GCASH,127574.70,APPROVED,,,,False,2026-05-14 17:36:41.668962+00:00
917,203,REF-20230520-2730,2730,full,GCASH,66664.25,APPROVED,,,,False,2026-05-14 17:36:41.777918+00:00
918,179,REF-20230510-1866,1866,full,CASH,126630.14,APPROVED,,,,False,2026-05-14 17:36:41.887123+00:00
919,173,REF-20230510-1650,1650,full,GCASH,141117.90,APPROVED,,,,False,2026-05-14 17:36:41.996797+00:00
920,207,REF-20230513-2874,2874,full,CASH,69666.38,APPROVED,,,,False,2026-05-14 17:36:42.105759+00:00
921,198,REF-20230510-2550,2550,full,GCASH,120568.70,APPROVED,,,,False,2026-05-14 17:36:42.214551+00:00
922,188,REF-20230505-2190,2190,full,CASH,75235.03,APPROVED,,,,False,2026-05-14 17:36:42.323637+00:00
923,211,REF-20230510-3018,3018,full,CASH,99238.86,APPROVED,,,,False,2026-05-14 17:36:42.431955+00:00
924,192,REF-20230516-2334,2334,full,GCASH,52785.04,APPROVED,,,,False,2026-05-14 17:36:42.541199+00:00
925,191,REF-20230515-2298,2298,full,GCASH,88430.77,APPROVED,,,,False,2026-05-14 17:36:42.650612+00:00
926,195,REF-20230515-2442,2442,full,GCASH,114731.03,APPROVED,,,,False,2026-05-14 17:36:42.759211+00:00
927,178,REF-20230505-1830,1830,full,GCASH,69661.21,APPROVED,,,,False,2026-05-14 17:36:42.868736+00:00
928,194,REF-20230510-2406,2406,full,GCASH,87598.14,APPROVED,,,,False,2026-05-14 17:36:42.978130+00:00
929,208,REF-20230525-2910,2910,full,CASH,103647.92,APPROVED,,,,False,2026-05-14 17:36:43.087654+00:00
930,197,REF-20230520-2514,2514,full,GCASH,73698.97,APPROVED,,,,False,2026-05-14 17:36:43.198779+00:00
931,183,REF-20230520-2010,2010,full,CASH,116957.93,APPROVED,,,,False,2026-05-14 17:36:43.307953+00:00
932,175,REF-20230515-1722,1722,full,CASH,76588.23,APPROVED,,,,False,2026-05-14 17:36:43.419907+00:00
933,177,REF-20230514-1794,1794,full,CASH,74149.32,APPROVED,,,,False,2026-05-14 17:36:43.528613+00:00
934,189,REF-20230601-2226,2226,full,GCASH,46494.00,APPROVED,,,,False,2026-05-14 17:36:43.638533+00:00
935,206,REF-20230615-2839,2839,full,CASH,76406.41,APPROVED,,,,False,2026-05-14 17:36:43.747928+00:00
936,209,REF-20230610-2947,2947,full,GCASH,63267.54,APPROVED,,,,False,2026-05-14 17:36:43.857037+00:00
937,176,REF-20230610-1759,1759,full,CASH,73744.38,APPROVED,,,,False,2026-05-14 17:36:43.965635+00:00
938,199,REF-20230605-2587,2587,full,CASH,57197.00,APPROVED,,,,False,2026-05-14 17:36:44.080254+00:00
939,196,REF-20230610-2479,2479,full,GCASH,51712.29,APPROVED,,,,False,2026-05-14 17:36:44.189529+00:00
940,175,REF-20230615-1723,1723,full,CASH,77859.57,APPROVED,,,,False,2026-05-14 17:36:44.299964+00:00
941,192,REF-20230610-2335,2335,full,GCASH,53731.24,APPROVED,,,,False,2026-05-14 17:36:44.408905+00:00
942,190,REF-20230605-2263,2263,full,CASH,109788.91,APPROVED,,,,False,2026-05-14 17:36:44.517739+00:00
943,173,REF-20230619-1651,1651,full,CASH,139338.15,APPROVED,,,,False,2026-05-14 17:36:44.628932+00:00
944,187,REF-20230605-2155,2155,full,CASH,126342.60,APPROVED,,,,False,2026-05-14 17:36:44.738878+00:00
945,210,REF-20230615-2983,2983,full,CASH,88315.32,APPROVED,,,,False,2026-05-14 17:36:44.848239+00:00
946,195,REF-20230615-2443,2443,full,CASH,113993.87,APPROVED,,,,False,2026-05-14 17:36:44.957655+00:00
947,179,REF-20230612-1867,1867,full,CASH,126663.59,APPROVED,,,,False,2026-05-14 17:36:45.066447+00:00
948,193,REF-20230610-2371,2371,full,CASH,104080.84,APPROVED,,,,False,2026-05-14 17:36:45.176027+00:00
949,201,REF-20230605-2659,2659,full,GCASH,140013.37,APPROVED,,,,False,2026-05-14 17:36:45.284584+00:00
950,182,REF-20230610-1975,1975,full,GCASH,88785.49,APPROVED,,,,False,2026-05-14 17:36:45.393268+00:00
951,178,REF-20230605-1831,1831,full,GCASH,70407.61,APPROVED,,,,False,2026-05-14 17:36:45.502092+00:00
952,177,REF-20230610-1795,1795,full,CASH,74467.02,APPROVED,,,,False,2026-05-14 17:36:45.612440+00:00
953,194,REF-20230618-2407,2407,full,CASH,87551.79,APPROVED,,,,False,2026-05-14 17:36:45.721878+00:00
954,204,REF-20230615-2767,2767,full,GCASH,61741.06,APPROVED,,,,False,2026-05-14 17:36:45.831385+00:00
955,207,REF-20230611-2875,2875,full,GCASH,69923.03,APPROVED,,,,False,2026-05-14 17:36:45.940992+00:00
956,185,REF-20230613-2083,2083,full,CASH,95899.15,APPROVED,,,,False,2026-05-14 17:36:46.050983+00:00
957,198,REF-20230610-2551,2551,full,GCASH,120243.05,APPROVED,,,,False,2026-05-14 17:36:46.160204+00:00
958,181,REF-20230605-1939,1939,full,GCASH,50808.63,APPROVED,,,,False,2026-05-14 17:36:46.269554+00:00
959,183,REF-20230615-2011,2011,full,CASH,117373.22,APPROVED,,,,False,2026-05-14 17:36:46.379379+00:00
960,200,REF-20230615-2623,2623,full,GCASH,82668.23,APPROVED,,,,False,2026-05-14 17:36:46.488964+00:00
961,189,REF-20230610-2227,2227,full,GCASH,47626.20,APPROVED,,,,False,2026-05-14 17:36:46.599591+00:00
962,205,REF-20230605-2803,2803,full,CASH,49165.20,APPROVED,,,,False,2026-05-14 17:36:46.710901+00:00
963,188,REF-20230605-2191,2191,full,GCASH,75803.68,APPROVED,,,,False,2026-05-14 17:36:46.821955+00:00
964,203,REF-20230615-2731,2731,full,CASH,67110.05,APPROVED,,,,False,2026-05-14 17:36:46.932607+00:00
965,186,REF-20230615-2119,2119,full,GCASH,107192.95,APPROVED,,,,False,2026-05-14 17:36:47.040777+00:00
966,180,REF-20230610-1903,1903,full,CASH,52353.54,APPROVED,,,,False,2026-05-14 17:36:47.149635+00:00
967,208,REF-20230615-2911,2911,full,CASH,103479.83,APPROVED,,,,False,2026-05-14 17:36:47.260711+00:00
968,197,REF-20230620-2515,2515,full,GCASH,74803.78,APPROVED,,,,False,2026-05-14 17:36:47.370380+00:00
969,202,REF-20230614-2695,2695,full,GCASH,91156.93,APPROVED,,,,False,2026-05-14 17:36:47.482562+00:00
970,211,REF-20230610-3019,3019,full,CASH,98802.81,APPROVED,,,,False,2026-05-14 17:36:47.591925+00:00
971,191,REF-20230615-2299,2299,full,CASH,88516.78,APPROVED,,,,False,2026-05-14 17:36:47.701490+00:00
972,174,REF-20230610-1687,1687,full,CASH,75032.08,APPROVED,,,,False,2026-05-14 17:36:47.810666+00:00
973,184,REF-20230615-2047,2047,full,GCASH,93884.47,APPROVED,,,,False,2026-05-14 17:36:47.919664+00:00
974,179,REF-20230710-1868,1868,full,CASH,123148.22,APPROVED,,,,False,2026-05-14 17:36:48.029047+00:00
975,202,REF-20230710-2696,2696,full,GCASH,90442.39,APPROVED,,,,False,2026-05-14 17:36:48.138984+00:00
976,183,REF-20230802-2012,2012,full,GCASH,113417.87,APPROVED,,,,False,2026-05-14 17:36:48.248674+00:00
977,194,REF-20230710-2408,2408,full,CASH,86078.67,APPROVED,,,,False,2026-05-14 17:36:48.357591+00:00
978,211,REF-20230710-3020,3020,full,CASH,97267.23,APPROVED,,,,False,2026-05-14 17:36:48.466590+00:00
979,174,REF-20230710-1688,1688,full,GCASH,73654.69,APPROVED,,,,False,2026-05-14 17:36:48.575346+00:00
980,173,REF-20230710-1652,1652,full,GCASH,135829.95,APPROVED,,,,False,2026-05-14 17:36:48.684455+00:00
981,191,REF-20230715-2300,2300,full,CASH,87648.58,APPROVED,,,,False,2026-05-14 17:36:48.793457+00:00
982,195,REF-20230715-2444,2444,full,GCASH,110655.92,APPROVED,,,,False,2026-05-14 17:36:48.902822+00:00
983,210,REF-20230715-2984,2984,full,CASH,86663.82,APPROVED,,,,False,2026-05-14 17:36:49.011595+00:00
984,175,REF-20230715-1724,1724,full,GCASH,75790.02,APPROVED,,,,False,2026-05-14 17:36:49.120577+00:00
985,190,REF-20230705-2264,2264,full,CASH,107393.35,APPROVED,,,,False,2026-05-14 17:36:49.229685+00:00
986,176,REF-20230731-1760,1760,full,CASH,71843.49,APPROVED,,,,False,2026-05-14 17:36:49.343870+00:00
987,196,REF-20230710-2480,2480,full,GCASH,50485.32,APPROVED,,,,False,2026-05-14 17:36:49.457001+00:00
988,209,REF-20230710-2948,2948,full,CASH,61555.92,APPROVED,,,,False,2026-05-14 17:36:49.568615+00:00
989,189,REF-20230710-2228,2228,full,CASH,46084.95,APPROVED,,,,False,2026-05-14 17:36:49.678187+00:00
990,192,REF-20230720-2336,2336,full,GCASH,52833.82,APPROVED,,,,False,2026-05-14 17:36:49.787461+00:00
991,177,REF-20230710-1796,1796,full,CASH,72433.11,APPROVED,,,,False,2026-05-14 17:36:49.899333+00:00
992,197,REF-20230717-2516,2516,full,CASH,72541.48,APPROVED,,,,False,2026-05-14 17:36:50.009710+00:00
993,208,REF-20230720-2912,2912,full,GCASH,100562.18,APPROVED,,,,False,2026-05-14 17:36:50.127525+00:00
994,188,REF-20230705-2192,2192,full,GCASH,73948.75,APPROVED,,,,False,2026-05-14 17:36:50.249946+00:00
995,178,REF-20230705-1832,1832,full,CASH,68837.35,APPROVED,,,,False,2026-05-14 17:36:50.358996+00:00
996,198,REF-20230710-2552,2552,full,CASH,117534.80,APPROVED,,,,False,2026-05-14 17:36:50.470878+00:00
997,207,REF-20230710-2876,2876,full,CASH,68359.49,APPROVED,,,,False,2026-05-14 17:36:50.580079+00:00
998,187,REF-20230705-2156,2156,full,CASH,123554.40,APPROVED,,,,False,2026-05-14 17:36:50.689444+00:00
999,199,REF-20230705-2588,2588,full,GCASH,55043.60,APPROVED,,,,False,2026-05-14 17:36:50.799378+00:00
1000,206,REF-20230715-2840,2840,full,CASH,73914.16,APPROVED,,,,False,2026-05-14 17:36:50.910536+00:00
1001,180,REF-20230710-1904,1904,full,CASH,50763.42,APPROVED,,,,False,2026-05-14 17:36:51.020759+00:00
1002,186,REF-20230715-2120,2120,full,CASH,104430.25,APPROVED,,,,False,2026-05-14 17:36:51.131648+00:00
1003,205,REF-20230705-2804,2804,full,CASH,47872.80,APPROVED,,,,False,2026-05-14 17:36:51.251037+00:00
1004,200,REF-20230715-2624,2624,full,CASH,80045.33,APPROVED,,,,False,2026-05-14 17:36:51.363339+00:00
1005,181,REF-20230705-1940,1940,full,GCASH,50124.90,APPROVED,,,,False,2026-05-14 17:36:51.475195+00:00
1006,193,REF-20230710-2372,2372,full,GCASH,102007.57,APPROVED,,,,False,2026-05-14 17:36:51.585090+00:00
1007,185,REF-20230710-2084,2084,full,GCASH,93301.90,APPROVED,,,,False,2026-05-14 17:36:51.695611+00:00
1008,204,REF-20230717-2768,2768,full,CASH,61492.96,APPROVED,,,,False,2026-05-14 17:36:51.804640+00:00
1009,201,REF-20230705-2660,2660,full,CASH,137077.90,APPROVED,,,,False,2026-05-14 17:36:51.915944+00:00
1010,182,REF-20230710-1976,1976,full,CASH,87222.97,APPROVED,,,,False,2026-05-14 17:36:52.027423+00:00
1011,184,REF-20230715-2048,2048,full,GCASH,92817.82,APPROVED,,,,False,2026-05-14 17:36:52.137156+00:00
1012,203,REF-20230810-2732,2732,full,GCASH,66637.70,APPROVED,,,,False,2026-05-14 17:36:52.248230+00:00
1013,198,REF-20230810-2553,2553,full,CASH,113726.75,APPROVED,,,,False,2026-05-14 17:36:52.358141+00:00
1014,190,REF-20230805-2265,2265,full,CASH,104234.65,APPROVED,,,,False,2026-05-14 17:36:52.470967+00:00
1015,199,REF-20230805-2589,2589,full,GCASH,53598.80,APPROVED,,,,False,2026-05-14 17:36:52.584733+00:00
1016,207,REF-20230815-2877,2877,full,GCASH,66943.10,APPROVED,,,,False,2026-05-14 17:36:52.694596+00:00
1017,211,REF-20230810-3021,3021,full,CASH,95095.80,APPROVED,,,,False,2026-05-14 17:36:52.807645+00:00
1018,174,REF-20230810-1689,1689,full,GCASH,71961.40,APPROVED,,,,False,2026-05-14 17:36:52.918790+00:00
1019,206,REF-20230815-2841,2841,full,GCASH,73462.33,APPROVED,,,,False,2026-05-14 17:36:53.028101+00:00
1020,187,REF-20230805-2157,2157,full,CASH,120701.85,APPROVED,,,,False,2026-05-14 17:36:53.143342+00:00
1021,179,REF-20230814-1869,1869,full,CASH,121223.60,APPROVED,,,,False,2026-05-14 17:36:53.252757+00:00
1022,189,REF-20230810-2229,2229,full,CASH,45059.40,APPROVED,,,,False,2026-05-14 17:36:53.366511+00:00
1023,182,REF-20230810-1977,1977,full,CASH,84126.40,APPROVED,,,,False,2026-05-14 17:36:53.475909+00:00
1024,196,REF-20230810-2481,2481,full,CASH,50089.95,APPROVED,,,,False,2026-05-14 17:36:53.586260+00:00
1025,173,REF-20230810-1653,1653,full,CASH,134246.85,APPROVED,,,,False,2026-05-14 17:36:53.696061+00:00
1026,175,REF-20230815-1725,1725,full,GCASH,73680.96,APPROVED,,,,False,2026-05-14 17:36:53.805368+00:00
1027,210,REF-20230815-2985,2985,full,GCASH,83573.76,APPROVED,,,,False,2026-05-14 17:36:53.914460+00:00
1028,192,REF-20230810-2337,2337,full,CASH,51552.10,APPROVED,,,,False,2026-05-14 17:36:54.023284+00:00
1029,177,REF-20230810-1797,1797,full,GCASH,71423.85,APPROVED,,,,False,2026-05-14 17:36:54.132688+00:00
1030,176,REF-20230810-1761,1761,full,CASH,69626.70,APPROVED,,,,False,2026-05-14 17:36:54.241370+00:00
1031,201,REF-20230806-2661,2661,full,GCASH,132920.65,APPROVED,,,,False,2026-05-14 17:36:54.350485+00:00
1032,204,REF-20230815-2769,2769,full,GCASH,59736.13,APPROVED,,,,False,2026-05-14 17:36:54.460863+00:00
1033,183,REF-20230815-2013,2013,full,GCASH,111189.86,APPROVED,,,,False,2026-05-14 17:36:54.570681+00:00
1034,185,REF-20230810-2085,2085,full,CASH,91138.45,APPROVED,,,,False,2026-05-14 17:36:54.680824+00:00
1035,197,REF-20230815-2517,2517,full,CASH,70817.14,APPROVED,,,,False,2026-05-14 17:36:54.790083+00:00
1036,209,REF-20230813-2949,2949,full,CASH,61114.65,APPROVED,,,,False,2026-05-14 17:36:54.900865+00:00
1037,208,REF-20230815-2913,2913,full,GCASH,98410.94,APPROVED,,,,False,2026-05-14 17:36:55.010095+00:00
1038,181,REF-20230805-1941,1941,full,GCASH,48522.00,APPROVED,,,,False,2026-05-14 17:36:55.123584+00:00
1039,194,REF-20230918-2409,2409,full,GCASH,83899.95,APPROVED,,,,False,2026-05-14 17:36:55.235677+00:00
1040,193,REF-20230810-2373,2373,full,GCASH,99633.70,APPROVED,,,,False,2026-05-14 17:36:55.363892+00:00
1041,200,REF-20230815-2625,2625,full,GCASH,78727.49,APPROVED,,,,False,2026-05-14 17:36:55.477740+00:00
1042,202,REF-20230810-2697,2697,full,GCASH,87060.70,APPROVED,,,,False,2026-05-14 17:36:55.588506+00:00
1043,203,REF-20230815-2733,2733,full,GCASH,64711.55,APPROVED,,,,False,2026-05-14 17:36:55.700086+00:00
1044,188,REF-20230805-2193,2193,full,GCASH,72057.70,APPROVED,,,,False,2026-05-14 17:36:55.831489+00:00
1045,184,REF-20230815-2049,2049,full,GCASH,89800.81,APPROVED,,,,False,2026-05-14 17:36:55.945253+00:00
1046,205,REF-20230805-2805,2805,full,GCASH,45945.90,APPROVED,,,,False,2026-05-14 17:36:56.067023+00:00
1047,186,REF-20230815-2121,2121,full,CASH,102415.30,APPROVED,,,,False,2026-05-14 17:36:56.180962+00:00
1048,195,REF-20230817-2445,2445,full,GCASH,108745.61,APPROVED,,,,False,2026-05-14 17:36:56.292852+00:00
1049,178,REF-20230808-1833,1833,full,CASH,66456.70,APPROVED,,,,False,2026-05-14 17:36:56.402664+00:00
1050,180,REF-20230814-1905,1905,full,CASH,51040.80,APPROVED,,,,False,2026-05-14 17:36:56.515106+00:00
1051,191,REF-20230815-2301,2301,full,CASH,84819.94,APPROVED,,,,False,2026-05-14 17:36:56.624262+00:00
1052,184,REF-20230915-2050,2050,full,GCASH,87405.70,APPROVED,,,,False,2026-05-14 17:36:56.735794+00:00
1053,198,REF-20231025-2554,2554,full,GCASH,111561.95,APPROVED,,,,False,2026-05-14 17:36:56.846182+00:00
1054,199,REF-20230909-2590,2590,full,CASH,53220.20,APPROVED,,,,False,2026-05-14 17:36:56.955174+00:00
1055,197,REF-20230920-2518,2518,full,CASH,69786.70,APPROVED,,,,False,2026-05-14 17:36:57.064828+00:00
1056,207,REF-20230910-2878,2878,full,GCASH,65714.30,APPROVED,,,,False,2026-05-14 17:36:57.175212+00:00
1057,209,REF-20230910-2950,2950,full,CASH,58785.00,APPROVED,,,,False,2026-05-14 17:36:57.284836+00:00
1058,185,REF-20230913-2086,2086,full,GCASH,88517.05,APPROVED,,,,False,2026-05-14 17:36:57.394929+00:00
1059,181,REF-20230906-1942,1942,full,CASH,46790.22,APPROVED,,,,False,2026-05-14 17:36:57.504773+00:00
1060,173,REF-20230910-1654,1654,full,CASH,129390.90,APPROVED,,,,False,2026-05-14 17:36:57.613795+00:00
1061,206,REF-20230915-2842,2842,full,CASH,70797.40,APPROVED,,,,False,2026-05-14 17:36:57.723585+00:00
1062,174,REF-20230910-1690,1690,full,GCASH,70253.50,APPROVED,,,,False,2026-05-14 17:36:57.833413+00:00
1063,195,REF-20230915-2446,2446,full,CASH,105833.60,APPROVED,,,,False,2026-05-14 17:36:57.942436+00:00
1064,187,REF-20230905-2158,2158,full,GCASH,117420.90,APPROVED,,,,False,2026-05-14 17:36:58.052342+00:00
1065,179,REF-20230910-1870,1870,full,CASH,116879.45,APPROVED,,,,False,2026-05-14 17:36:58.161802+00:00
1066,191,REF-20230915-2302,2302,full,GCASH,82980.40,APPROVED,,,,False,2026-05-14 17:36:58.271794+00:00
1067,196,REF-20230910-2482,2482,full,GCASH,48355.20,APPROVED,,,,False,2026-05-14 17:36:58.382484+00:00
1068,189,REF-20230910-2230,2230,full,CASH,44305.65,APPROVED,,,,False,2026-05-14 17:36:58.493584+00:00
1069,202,REF-20230919-2698,2698,full,CASH,86431.00,APPROVED,,,,False,2026-05-14 17:36:58.607033+00:00
1070,194,REF-20230910-2410,2410,full,CASH,81848.85,APPROVED,,,,False,2026-05-14 17:36:58.719284+00:00
1071,183,REF-20230915-2014,2014,full,GCASH,109250.75,APPROVED,,,,False,2026-05-14 17:36:58.829214+00:00
1072,175,REF-20230915-1726,1726,full,GCASH,72871.50,APPROVED,,,,False,2026-05-14 17:36:58.940186+00:00
1073,182,REF-20230910-1978,1978,full,GCASH,82179.55,APPROVED,,,,False,2026-05-14 17:36:59.053300+00:00
1074,190,REF-20230905-2266,2266,full,CASH,102277.39,APPROVED,,,,False,2026-05-14 17:36:59.162998+00:00
1075,200,REF-20230922-2626,2626,full,CASH,77942.45,APPROVED,,,,False,2026-05-14 17:36:59.276163+00:00
1076,201,REF-20230905-2662,2662,full,CASH,128958.73,APPROVED,,,,False,2026-05-14 17:36:59.387354+00:00
1077,176,REF-20230910-1762,1762,full,CASH,68411.70,APPROVED,,,,False,2026-05-14 17:36:59.496079+00:00
1078,208,REF-20231006-2914,2914,full,CASH,95891.15,APPROVED,,,,False,2026-05-14 17:36:59.606284+00:00
1079,178,REF-20230905-1834,1834,full,GCASH,64491.79,APPROVED,,,,False,2026-05-14 17:36:59.715491+00:00
1080,192,REF-20230910-2338,2338,full,CASH,50184.85,APPROVED,,,,False,2026-05-14 17:36:59.826728+00:00
1081,186,REF-20230915-2122,2122,full,CASH,100104.25,APPROVED,,,,False,2026-05-14 17:36:59.947026+00:00
1082,188,REF-20230905-2194,2194,full,CASH,70274.32,APPROVED,,,,False,2026-05-14 17:37:00.057075+00:00
1083,177,REF-20230910-1798,1798,full,GCASH,69464.10,APPROVED,,,,False,2026-05-14 17:37:00.167203+00:00
1084,193,REF-20230910-2374,2374,full,CASH,96953.80,APPROVED,,,,False,2026-05-14 17:37:00.283756+00:00
1085,180,REF-20230912-1906,1906,full,GCASH,49207.50,APPROVED,,,,False,2026-05-14 17:37:00.394160+00:00
1086,203,REF-20230915-2734,2734,full,CASH,63020.30,APPROVED,,,,False,2026-05-14 17:37:00.504604+00:00
1087,211,REF-20230910-3022,3022,full,GCASH,91948.50,APPROVED,,,,False,2026-05-14 17:37:00.616603+00:00
1088,210,REF-20230915-2986,2986,full,CASH,82702.65,APPROVED,,,,False,2026-05-14 17:37:00.727054+00:00
1089,205,REF-20230905-2806,2806,full,GCASH,45776.25,APPROVED,,,,False,2026-05-14 17:37:00.836674+00:00
1090,204,REF-20230915-2770,2770,full,GCASH,57774.55,APPROVED,,,,False,2026-05-14 17:37:00.958248+00:00
1091,182,REF-20231010-1979,1979,full,GCASH,80133.28,APPROVED,,,,False,2026-05-14 17:37:01.067621+00:00
1092,202,REF-20231117-2699,2699,full,GCASH,83222.56,APPROVED,,,,False,2026-05-14 17:37:01.179315+00:00
1093,196,REF-20231010-2483,2483,full,GCASH,47864.43,APPROVED,,,,False,2026-05-14 17:37:01.291567+00:00
1094,189,REF-20231010-2231,2231,full,CASH,44001.90,APPROVED,,,,False,2026-05-14 17:37:01.400181+00:00
1095,175,REF-20231022-1727,1727,full,CASH,69539.70,APPROVED,,,,False,2026-05-14 17:37:01.510325+00:00
1096,208,REF-20231015-2915,2915,full,GCASH,93853.70,APPROVED,,,,False,2026-05-14 17:37:01.620927+00:00
1097,177,REF-20231101-1799,1799,full,CASH,67377.99,APPROVED,,,,False,2026-05-14 17:37:01.734529+00:00
1098,210,REF-20231015-2987,2987,full,GCASH,80114.25,APPROVED,,,,False,2026-05-14 17:37:01.843681+00:00
1099,197,REF-20231024-2519,2519,full,CASH,67936.60,APPROVED,,,,False,2026-05-14 17:37:01.962214+00:00
1100,173,REF-20231010-1655,1655,full,CASH,127390.65,APPROVED,,,,False,2026-05-14 17:37:02.075291+00:00
1101,188,REF-20231005-2195,2195,full,GCASH,69190.69,APPROVED,,,,False,2026-05-14 17:37:02.185583+00:00
1102,207,REF-20231010-2879,2879,full,CASH,63661.16,APPROVED,,,,False,2026-05-14 17:37:02.298675+00:00
1103,178,REF-20231005-1835,1835,full,GCASH,63919.63,APPROVED,,,,False,2026-05-14 17:37:02.408198+00:00
1104,191,REF-20231018-2303,2303,full,GCASH,80850.40,APPROVED,,,,False,2026-05-14 17:37:02.520227+00:00
1105,198,REF-20231010-2555,2555,full,CASH,108959.45,APPROVED,,,,False,2026-05-14 17:37:02.629229+00:00
1106,187,REF-20231005-2159,2159,full,CASH,115377.45,APPROVED,,,,False,2026-05-14 17:37:02.739210+00:00
1107,179,REF-20231010-1871,1871,full,GCASH,114376.58,APPROVED,,,,False,2026-05-14 17:37:02.849585+00:00
1108,174,REF-20231010-1691,1691,full,GCASH,67222.36,APPROVED,,,,False,2026-05-14 17:37:02.960615+00:00
1109,206,REF-20231015-2843,2843,full,CASH,69865.30,APPROVED,,,,False,2026-05-14 17:37:03.069689+00:00
1110,199,REF-20231005-2591,2591,full,CASH,51418.70,APPROVED,,,,False,2026-05-14 17:37:03.182565+00:00
1111,193,REF-20231010-2375,2375,full,GCASH,95289.13,APPROVED,,,,False,2026-05-14 17:37:03.291960+00:00
1112,211,REF-20231010-3023,3023,full,CASH,89338.77,APPROVED,,,,False,2026-05-14 17:37:03.400779+00:00
1113,184,REF-20231015-2051,2051,full,GCASH,84760.90,APPROVED,,,,False,2026-05-14 17:37:03.510817+00:00
1114,180,REF-20231010-1907,1907,full,GCASH,48696.93,APPROVED,,,,False,2026-05-14 17:37:03.620412+00:00
1115,186,REF-20231103-2123,2123,full,CASH,96895.15,APPROVED,,,,False,2026-05-14 17:37:03.730136+00:00
1116,205,REF-20231025-2807,2807,full,GCASH,44564.85,APPROVED,,,,False,2026-05-14 17:37:03.840420+00:00
1117,194,REF-20231010-2411,2411,full,CASH,79620.18,APPROVED,,,,False,2026-05-14 17:37:03.949867+00:00
1118,200,REF-20231015-2627,2627,full,CASH,75449.60,APPROVED,,,,False,2026-05-14 17:37:04.059557+00:00
1119,181,REF-20231025-1943,1943,full,GCASH,46730.19,APPROVED,,,,False,2026-05-14 17:37:04.168550+00:00
1120,185,REF-20231014-2087,2087,full,GCASH,86954.35,APPROVED,,,,False,2026-05-14 17:37:04.277616+00:00
1121,204,REF-20231015-2771,2771,full,GCASH,55834.45,APPROVED,,,,False,2026-05-14 17:37:04.388656+00:00
1122,203,REF-20231015-2735,2735,full,GCASH,62138.45,APPROVED,,,,False,2026-05-14 17:37:04.500687+00:00
1123,183,REF-20231015-2015,2015,full,GCASH,106747.55,APPROVED,,,,False,2026-05-14 17:37:04.610277+00:00
1124,201,REF-20231005-2663,2663,full,CASH,127419.16,APPROVED,,,,False,2026-05-14 17:37:04.719496+00:00
1125,190,REF-20231005-2267,2267,full,GCASH,99645.58,APPROVED,,,,False,2026-05-14 17:37:04.829461+00:00
1126,195,REF-20231015-2447,2447,full,GCASH,103620.65,APPROVED,,,,False,2026-05-14 17:37:04.940900+00:00
1127,209,REF-20231013-2951,2951,full,CASH,58687.08,APPROVED,,,,False,2026-05-14 17:37:05.050127+00:00
1128,192,REF-20231017-2339,2339,full,CASH,48844.18,APPROVED,,,,False,2026-05-14 17:37:05.159074+00:00
1129,176,REF-20231010-1763,1763,full,GCASH,67742.91,APPROVED,,,,False,2026-05-14 17:37:05.268707+00:00
1130,210,REF-20231115-2988,2988,full,GCASH,79126.59,APPROVED,,,,False,2026-05-14 17:37:05.378383+00:00
1131,192,REF-20231110-2340,2340,full,GCASH,48407.11,APPROVED,,,,False,2026-05-14 17:37:05.487275+00:00
1132,204,REF-20231115-2772,2772,full,CASH,55740.37,APPROVED,,,,False,2026-05-14 17:37:05.597342+00:00
1133,203,REF-20231115-2736,2736,full,CASH,60397.25,APPROVED,,,,False,2026-05-14 17:37:05.706226+00:00
1134,194,REF-20231110-2412,2412,full,GCASH,78259.56,APPROVED,,,,False,2026-05-14 17:37:05.815200+00:00
1135,209,REF-20231110-2952,2952,full,CASH,57424.11,APPROVED,,,,False,2026-05-14 17:37:05.924754+00:00
1136,188,REF-20231105-2196,2196,full,GCASH,67470.19,APPROVED,,,,False,2026-05-14 17:37:06.035805+00:00
1137,206,REF-20231115-2844,2844,full,CASH,67580.62,APPROVED,,,,False,2026-05-14 17:37:06.145517+00:00
1138,182,REF-20231110-1980,1980,full,GCASH,79074.31,APPROVED,,,,False,2026-05-14 17:37:06.255459+00:00
1139,176,REF-20231110-1764,1764,full,CASH,64803.87,APPROVED,,,,False,2026-05-14 17:37:06.365184+00:00
1140,200,REF-20231115-2628,2628,full,GCASH,73529.21,APPROVED,,,,False,2026-05-14 17:37:06.474233+00:00
1141,198,REF-20231110-2556,2556,full,CASH,105828.65,APPROVED,,,,False,2026-05-14 17:37:06.582948+00:00
1142,197,REF-20231115-2520,2520,full,GCASH,66227.11,APPROVED,,,,False,2026-05-14 17:37:06.692546+00:00
1143,185,REF-20231110-2088,2088,full,CASH,85091.50,APPROVED,,,,False,2026-05-14 17:37:06.803420+00:00
1144,181,REF-20231105-1944,1944,full,GCASH,44635.89,APPROVED,,,,False,2026-05-14 17:37:06.912306+00:00
1145,174,REF-20231113-1692,1692,full,CASH,67174.72,APPROVED,,,,False,2026-05-14 17:37:07.022823+00:00
1146,196,REF-20231115-2484,2484,full,GCASH,45824.76,APPROVED,,,,False,2026-05-14 17:37:07.133815+00:00
1147,173,REF-20231110-1656,1656,full,CASH,124171.35,APPROVED,,,,False,2026-05-14 17:37:07.243784+00:00
1148,191,REF-20231115-2304,2304,full,CASH,78080.26,APPROVED,,,,False,2026-05-14 17:37:07.353528+00:00
1149,195,REF-20231115-2448,2448,full,CASH,101239.19,APPROVED,,,,False,2026-05-14 17:37:07.463778+00:00
1150,187,REF-20231105-2160,2160,full,GCASH,111308.55,APPROVED,,,,False,2026-05-14 17:37:07.582397+00:00
1151,190,REF-20231105-2268,2268,full,GCASH,96668.68,APPROVED,,,,False,2026-05-14 17:37:07.692321+00:00
1152,201,REF-20231105-2664,2664,full,CASH,123554.86,APPROVED,,,,False,2026-05-14 17:37:07.802045+00:00
1153,175,REF-20231115-1728,1728,full,CASH,68312.64,APPROVED,,,,False,2026-05-14 17:37:07.910688+00:00
1154,180,REF-20231110-1908,1908,full,CASH,46390.86,APPROVED,,,,False,2026-05-14 17:37:08.019888+00:00
1155,189,REF-20231110-2232,2232,full,GCASH,41564.25,APPROVED,,,,False,2026-05-14 17:37:08.129072+00:00
1156,208,REF-20231115-2916,2916,full,GCASH,91681.76,APPROVED,,,,False,2026-05-14 17:37:08.238672+00:00
1157,193,REF-20231116-2376,2376,full,GCASH,92827.06,APPROVED,,,,False,2026-05-14 17:37:08.347799+00:00
1158,186,REF-20231120-2124,2124,full,GCASH,95200.15,APPROVED,,,,False,2026-05-14 17:37:08.457282+00:00
1159,177,REF-20231110-1800,1800,full,GCASH,66484.38,APPROVED,,,,False,2026-05-14 17:37:08.567210+00:00
1160,178,REF-20231105-1836,1836,full,GCASH,62181.13,APPROVED,,,,False,2026-05-14 17:37:08.676908+00:00
1161,207,REF-20231110-2880,2880,full,CASH,63188.87,APPROVED,,,,False,2026-05-14 17:37:08.785241+00:00
1162,199,REF-20231105-2592,2592,full,CASH,50261.45,APPROVED,,,,False,2026-05-14 17:37:08.894284+00:00
1163,211,REF-20231110-3024,3024,full,CASH,88891.74,APPROVED,,,,False,2026-05-14 17:37:09.004229+00:00
1164,184,REF-20231225-2052,2052,full,CASH,83520.04,APPROVED,,,,False,2026-05-14 17:37:09.113885+00:00
1165,183,REF-20231115-2016,2016,full,CASH,103330.19,APPROVED,,,,False,2026-05-14 17:37:09.223112+00:00
1166,202,REF-20231110-2700,2700,full,GCASH,81061.27,APPROVED,,,,False,2026-05-14 17:37:09.333489+00:00
1167,205,REF-20231105-2808,2808,full,GCASH,42790.05,APPROVED,,,,False,2026-05-14 17:37:09.442206+00:00
1168,179,REF-20231114-1872,1872,full,CASH,112012.31,APPROVED,,,,False,2026-05-14 17:37:09.551980+00:00
1169,184,REF-20231215-2053,2053,full,CASH,81524.98,APPROVED,,,,False,2026-05-14 17:37:09.661914+00:00
1170,189,REF-20231210-2233,2233,full,GCASH,41407.20,APPROVED,,,,False,2026-05-14 17:37:09.771325+00:00
1171,191,REF-20231215-2305,2305,full,CASH,76082.32,APPROVED,,,,False,2026-05-14 17:37:09.882373+00:00
1172,201,REF-20231208-2665,2665,full,GCASH,119789.59,APPROVED,,,,False,2026-05-14 17:37:09.993569+00:00
1173,199,REF-20231210-2593,2593,full,GCASH,50676.20,APPROVED,,,,False,2026-05-14 17:37:10.106839+00:00
1174,186,REF-20231215-2125,2125,full,CASH,92942.20,APPROVED,,,,False,2026-05-14 17:37:10.216929+00:00
1175,195,REF-20231215-2449,2449,full,CASH,98553.08,APPROVED,,,,False,2026-05-14 17:37:10.328304+00:00
1176,205,REF-20231205-2809,2809,full,CASH,43339.95,APPROVED,,,,False,2026-05-14 17:37:10.437710+00:00
1177,180,REF-20231216-1909,1909,full,GCASH,45402.21,APPROVED,,,,False,2026-05-14 17:37:10.551817+00:00
1178,178,REF-20231205-1837,1837,full,GCASH,60853.42,APPROVED,,,,False,2026-05-14 17:37:10.661720+00:00
1179,207,REF-20231227-2881,2881,full,CASH,60842.27,APPROVED,,,,False,2026-05-14 17:37:10.771511+00:00
1180,211,REF-20240104-3025,3025,full,GCASH,84510.09,APPROVED,,,,False,2026-05-14 17:37:10.882056+00:00
1181,209,REF-20231210-2953,2953,full,GCASH,55283.46,APPROVED,,,,False,2026-05-14 17:37:10.992463+00:00
1182,188,REF-20231206-2197,2197,full,GCASH,66166.96,APPROVED,,,,False,2026-05-14 17:37:11.106532+00:00
1183,200,REF-20231220-2629,2629,full,GCASH,71645.27,APPROVED,,,,False,2026-05-14 17:37:11.216870+00:00
1184,210,REF-20231215-2989,2989,full,CASH,76944.63,APPROVED,,,,False,2026-05-14 17:37:11.329098+00:00
1185,182,REF-20231210-1981,1981,full,GCASH,75749.56,APPROVED,,,,False,2026-05-14 17:37:11.438710+00:00
1186,197,REF-20231215-2521,2521,full,GCASH,64367.32,APPROVED,,,,False,2026-05-14 17:37:11.552798+00:00
1187,175,REF-20231216-1729,1729,full,CASH,66917.73,APPROVED,,,,False,2026-05-14 17:37:11.663976+00:00
1188,181,REF-20231212-1945,1945,full,GCASH,43487.31,APPROVED,,,,False,2026-05-14 17:37:11.787606+00:00
1189,203,REF-20231215-2737,2737,full,CASH,58145.75,APPROVED,,,,False,2026-05-14 17:37:11.897204+00:00
1190,185,REF-20231210-2089,2089,full,GCASH,81891.40,APPROVED,,,,False,2026-05-14 17:37:12.006465+00:00
1191,202,REF-20231210-2701,2701,full,GCASH,79806.52,APPROVED,,,,False,2026-05-14 17:37:12.116667+00:00
1192,204,REF-20231215-2773,2773,full,CASH,53940.79,APPROVED,,,,False,2026-05-14 17:37:12.228090+00:00
1193,176,REF-20231210-1765,1765,full,CASH,63576.27,APPROVED,,,,False,2026-05-14 17:37:12.337559+00:00
1194,183,REF-20231215-2017,2017,full,CASH,100221.08,APPROVED,,,,False,2026-05-14 17:37:12.447485+00:00
1195,177,REF-20231210-1801,1801,full,CASH,64809.48,APPROVED,,,,False,2026-05-14 17:37:12.559065+00:00
1196,196,REF-20231225-2485,2485,full,CASH,44279.01,APPROVED,,,,False,2026-05-14 17:37:12.668561+00:00
1197,208,REF-20231215-2917,2917,full,GCASH,90231.62,APPROVED,,,,False,2026-05-14 17:37:12.778170+00:00
1198,190,REF-20231205-2269,2269,full,GCASH,94196.17,APPROVED,,,,False,2026-05-14 17:37:12.887196+00:00
1199,193,REF-20231210-2377,2377,full,GCASH,90233.56,APPROVED,,,,False,2026-05-14 17:37:12.995859+00:00
1200,206,REF-20231215-2845,2845,full,GCASH,67379.89,APPROVED,,,,False,2026-05-14 17:37:13.109085+00:00
1201,194,REF-20231210-2413,2413,full,GCASH,76248.51,APPROVED,,,,False,2026-05-14 17:37:13.219406+00:00
1202,192,REF-20231210-2341,2341,full,GCASH,46733.41,APPROVED,,,,False,2026-05-14 17:37:13.328594+00:00
1203,187,REF-20231205-2161,2161,full,CASH,109661.10,APPROVED,,,,False,2026-05-14 17:37:13.438270+00:00
1204,179,REF-20231210-1873,1873,full,GCASH,107721.71,APPROVED,,,,False,2026-05-14 17:37:13.548965+00:00
1205,174,REF-20231210-1693,1693,full,CASH,64484.47,APPROVED,,,,False,2026-05-14 17:37:13.658421+00:00
1206,198,REF-20231211-2557,2557,full,CASH,103776.80,APPROVED,,,,False,2026-05-14 17:37:13.771786+00:00
1207,173,REF-20231210-1657,1657,full,GCASH,120807.60,APPROVED,,,,False,2026-05-14 17:37:13.881626+00:00
1208,175,REF-20240115-1730,1730,full,GCASH,65065.53,APPROVED,,,,False,2026-05-14 17:37:13.990650+00:00
1209,173,REF-20240110-1658,1658,full,CASH,118462.20,APPROVED,,,,False,2026-05-14 17:37:14.099853+00:00
1210,183,REF-20240127-2018,2018,full,CASH,97781.33,APPROVED,,,,False,2026-05-14 17:37:14.209331+00:00
1211,187,REF-20240108-2162,2162,full,CASH,107005.65,APPROVED,,,,False,2026-05-14 17:37:14.319094+00:00
1212,211,REF-20240110-3026,3026,full,CASH,83128.86,APPROVED,,,,False,2026-05-14 17:37:14.428883+00:00
1213,196,REF-20240110-2486,2486,full,CASH,43089.84,APPROVED,,,,False,2026-05-14 17:37:14.538378+00:00
1214,208,REF-20240115-2918,2918,full,CASH,86027.87,APPROVED,,,,False,2026-05-14 17:37:14.647960+00:00
1215,209,REF-20240110-2954,2954,full,CASH,55169.34,APPROVED,,,,False,2026-05-14 17:37:14.757105+00:00
1216,180,REF-20240112-1910,1910,full,CASH,44118.54,APPROVED,,,,False,2026-05-14 17:37:14.866362+00:00
1217,199,REF-20240105-2594,2594,full,GCASH,48317.60,APPROVED,,,,False,2026-05-14 17:37:14.976590+00:00
1218,178,REF-20240105-1838,1838,full,CASH,58334.56,APPROVED,,,,False,2026-05-14 17:37:15.086756+00:00
1219,193,REF-20240110-2378,2378,full,CASH,88362.34,APPROVED,,,,False,2026-05-14 17:37:15.195476+00:00
1220,201,REF-20240105-2666,2666,full,CASH,116669.17,APPROVED,,,,False,2026-05-14 17:37:15.304295+00:00
1221,179,REF-20240110-1874,1874,full,GCASH,106059.44,APPROVED,,,,False,2026-05-14 17:37:15.413835+00:00
1222,190,REF-20240105-2270,2270,full,CASH,91774.96,APPROVED,,,,False,2026-05-14 17:37:15.524853+00:00
1223,210,REF-20240115-2990,2990,full,GCASH,74317.53,APPROVED,,,,False,2026-05-14 17:37:15.634848+00:00
1224,176,REF-20240116-1766,1766,full,GCASH,62444.88,APPROVED,,,,False,2026-05-14 17:37:15.744665+00:00
1225,203,REF-20240116-2738,2738,full,GCASH,56827.85,APPROVED,,,,False,2026-05-14 17:37:15.854476+00:00
1226,205,REF-20240112-2810,2810,full,CASH,41350.05,APPROVED,,,,False,2026-05-14 17:37:15.964072+00:00
1227,195,REF-20240119-2450,2450,full,GCASH,95502.68,APPROVED,,,,False,2026-05-14 17:37:16.073432+00:00
1228,206,REF-20240115-2846,2846,full,GCASH,64777.39,APPROVED,,,,False,2026-05-14 17:37:16.182926+00:00
1229,204,REF-20240115-2774,2774,full,CASH,53457.34,APPROVED,,,,False,2026-05-14 17:37:16.292216+00:00
1230,194,REF-20240115-2414,2414,full,CASH,72984.39,APPROVED,,,,False,2026-05-14 17:37:16.401994+00:00
1231,181,REF-20240105-1946,1946,full,GCASH,43085.28,APPROVED,,,,False,2026-05-14 17:37:16.510762+00:00
1232,186,REF-20240115-2126,2126,full,GCASH,89544.55,APPROVED,,,,False,2026-05-14 17:37:16.621012+00:00
1233,185,REF-20240110-2090,2090,full,CASH,80465.50,APPROVED,,,,False,2026-05-14 17:37:16.729829+00:00
1234,198,REF-20240110-2558,2558,full,CASH,100752.65,APPROVED,,,,False,2026-05-14 17:37:16.839166+00:00
1235,197,REF-20240115-2522,2522,full,CASH,61925.47,APPROVED,,,,False,2026-05-14 17:37:16.948482+00:00
1236,189,REF-20240110-2234,2234,full,GCASH,39913.65,APPROVED,,,,False,2026-05-14 17:37:17.057692+00:00
1237,200,REF-20240115-2630,2630,full,CASH,69617.27,APPROVED,,,,False,2026-05-14 17:37:17.167635+00:00
1238,188,REF-20240105-2198,2198,full,CASH,64980.73,APPROVED,,,,False,2026-05-14 17:37:17.278115+00:00
1239,192,REF-20240110-2342,2342,full,GCASH,44980.99,APPROVED,,,,False,2026-05-14 17:37:17.388009+00:00
1240,202,REF-20240110-2702,2702,full,GCASH,77641.18,APPROVED,,,,False,2026-05-14 17:37:17.497503+00:00
1241,184,REF-20240115-2054,2054,full,GCASH,79360.33,APPROVED,,,,False,2026-05-14 17:37:17.607330+00:00
1242,174,REF-20240110-1694,1694,full,GCASH,62165.23,APPROVED,,,,False,2026-05-14 17:37:17.717228+00:00
1243,182,REF-20240110-1982,1982,full,GCASH,73869.79,APPROVED,,,,False,2026-05-14 17:37:17.827302+00:00
1244,191,REF-20240115-2306,2306,full,GCASH,74664.22,APPROVED,,,,False,2026-05-14 17:37:17.936840+00:00
1245,207,REF-20240110-2882,2882,full,CASH,58914.23,APPROVED,,,,False,2026-05-14 17:37:18.045697+00:00
1246,177,REF-20240110-1802,1802,full,GCASH,63429.42,APPROVED,,,,False,2026-05-14 17:37:18.154950+00:00
1247,198,REF-20240210-2559,2559,full,CASH,97923.20,APPROVED,,,,False,2026-05-14 17:37:18.264907+00:00
1248,193,REF-20240210-2379,2379,full,GCASH,85601.89,APPROVED,,,,False,2026-05-14 17:37:18.374911+00:00
1249,211,REF-20240210-3027,3027,full,GCASH,81054.81,APPROVED,,,,False,2026-05-14 17:37:18.483714+00:00
1250,174,REF-20240210-1695,1695,full,GCASH,61837.48,APPROVED,,,,False,2026-05-14 17:37:18.593160+00:00
1251,210,REF-20240215-2991,2991,full,CASH,72161.67,APPROVED,,,,False,2026-05-14 17:37:18.701679+00:00
1252,175,REF-20240215-1731,1731,full,GCASH,62245.02,APPROVED,,,,False,2026-05-14 17:37:18.811363+00:00
1253,209,REF-20240210-2955,2955,full,CASH,52209.24,APPROVED,,,,False,2026-05-14 17:37:18.920628+00:00
1254,176,REF-20240210-1767,1767,full,CASH,60178.68,APPROVED,,,,False,2026-05-14 17:37:19.030154+00:00
1255,208,REF-20240215-2919,2919,full,GCASH,85681.13,APPROVED,,,,False,2026-05-14 17:37:19.140572+00:00
1256,177,REF-20240210-1803,1803,full,GCASH,61749.12,APPROVED,,,,False,2026-05-14 17:37:19.249570+00:00
1257,207,REF-20240217-2883,2883,full,GCASH,58040.03,APPROVED,,,,False,2026-05-14 17:37:19.359387+00:00
1258,178,REF-20240207-1839,1839,full,GCASH,57337.21,APPROVED,,,,False,2026-05-14 17:37:19.469930+00:00
1259,206,REF-20240222-2847,2847,full,CASH,62529.61,APPROVED,,,,False,2026-05-14 17:37:19.579547+00:00
1260,179,REF-20240210-1875,1875,full,CASH,102535.19,APPROVED,,,,False,2026-05-14 17:37:19.690875+00:00
1261,205,REF-20240205-2811,2811,full,CASH,40299.30,APPROVED,,,,False,2026-05-14 17:37:19.802035+00:00
1262,180,REF-20240210-1911,1911,full,CASH,43398.54,APPROVED,,,,False,2026-05-14 17:37:19.912303+00:00
1263,204,REF-20240406-2775,2775,full,CASH,51373.81,APPROVED,,,,False,2026-05-14 17:37:20.021419+00:00
1264,181,REF-20240205-1947,1947,full,GCASH,41958.93,APPROVED,,,,False,2026-05-14 17:37:20.132154+00:00
1265,173,REF-20240210-1659,1659,full,GCASH,113276.85,APPROVED,,,,False,2026-05-14 17:37:20.241944+00:00
1266,203,REF-20240215-2739,2739,full,GCASH,55879.10,APPROVED,,,,False,2026-05-14 17:37:20.353399+00:00
1267,182,REF-20240214-1983,1983,full,GCASH,72412.99,APPROVED,,,,False,2026-05-14 17:37:20.462032+00:00
1268,183,REF-20240320-2019,2019,full,CASH,95110.97,APPROVED,,,,False,2026-05-14 17:37:20.571303+00:00
1269,202,REF-20240217-2703,2703,full,CASH,75653.38,APPROVED,,,,False,2026-05-14 17:37:20.681501+00:00
1270,184,REF-20240215-2055,2055,full,GCASH,76950.37,APPROVED,,,,False,2026-05-14 17:37:20.790837+00:00
1271,201,REF-20240205-2667,2667,full,GCASH,113517.67,APPROVED,,,,False,2026-05-14 17:37:20.899212+00:00
1272,185,REF-20240210-2091,2091,full,GCASH,78401.20,APPROVED,,,,False,2026-05-14 17:37:21.008849+00:00
1273,200,REF-20240215-2631,2631,full,GCASH,67129.43,APPROVED,,,,False,2026-05-14 17:37:21.118967+00:00
1274,186,REF-20240215-2127,2127,full,CASH,86744.35,APPROVED,,,,False,2026-05-14 17:37:21.228405+00:00
1275,199,REF-20240205-2595,2595,full,CASH,46221.65,APPROVED,,,,False,2026-05-14 17:37:21.338719+00:00
1276,187,REF-20240207-2163,2163,full,CASH,102392.70,APPROVED,,,,False,2026-05-14 17:37:21.447803+00:00
1277,188,REF-20240205-2199,2199,full,GCASH,60938.23,APPROVED,,,,False,2026-05-14 17:37:21.557018+00:00
1278,197,REF-20240215-2523,2523,full,CASH,60054.43,APPROVED,,,,False,2026-05-14 17:37:21.666654+00:00
1279,189,REF-20240210-2235,2235,full,GCASH,38517.75,APPROVED,,,,False,2026-05-14 17:37:21.776516+00:00
1280,196,REF-20240210-2487,2487,full,CASH,41843.34,APPROVED,,,,False,2026-05-14 17:37:21.886154+00:00
1281,190,REF-20240208-2271,2271,full,CASH,89213.86,APPROVED,,,,False,2026-05-14 17:37:21.995290+00:00
1282,195,REF-20240215-2451,2451,full,GCASH,94148.57,APPROVED,,,,False,2026-05-14 17:37:22.104786+00:00
1283,191,REF-20240220-2307,2307,full,GCASH,73082.08,APPROVED,,,,False,2026-05-14 17:37:22.213977+00:00
1284,194,REF-20240212-2415,2415,full,CASH,72659.94,APPROVED,,,,False,2026-05-14 17:37:22.323728+00:00
1285,192,REF-20240210-2343,2343,full,CASH,44920.99,APPROVED,,,,False,2026-05-14 17:37:22.435399+00:00
1286,188,REF-20240309-2200,2200,full,GCASH,60604.75,APPROVED,,,,False,2026-05-14 17:37:22.545894+00:00
1287,210,REF-20240315-2992,2992,full,GCASH,70922.91,APPROVED,,,,False,2026-05-14 17:37:22.655811+00:00
1288,183,REF-20240315-2020,2020,full,GCASH,92617.01,APPROVED,,,,False,2026-05-14 17:37:22.766689+00:00
1289,174,REF-20240310-1696,1696,full,GCASH,59347.69,APPROVED,,,,False,2026-05-14 17:37:22.877745+00:00
1290,208,REF-20240315-2920,2920,full,CASH,82311.74,APPROVED,,,,False,2026-05-14 17:37:22.987471+00:00
1291,194,REF-20240310-2416,2416,full,GCASH,69741.87,APPROVED,,,,False,2026-05-14 17:37:23.097266+00:00
1292,193,REF-20240310-2380,2380,full,GCASH,82203.82,APPROVED,,,,False,2026-05-14 17:37:23.207114+00:00
1293,191,REF-20240315-2308,2308,full,GCASH,70909.54,APPROVED,,,,False,2026-05-14 17:37:23.317747+00:00
1294,202,REF-20240310-2704,2704,full,CASH,72892.24,APPROVED,,,,False,2026-05-14 17:37:23.427548+00:00
1295,204,REF-20240315-2776,2776,full,GCASH,50174.08,APPROVED,,,,False,2026-05-14 17:37:23.537214+00:00
1296,209,REF-20240310-2956,2956,full,GCASH,51012.87,APPROVED,,,,False,2026-05-14 17:37:23.646714+00:00
1297,181,REF-20240305-1948,1948,full,GCASH,39999.45,APPROVED,,,,False,2026-05-14 17:37:23.756239+00:00
1298,173,REF-20240310-1660,1660,full,GCASH,110828.40,APPROVED,,,,False,2026-05-14 17:37:23.866911+00:00
1299,185,REF-20240501-2092,2092,full,GCASH,76356.10,APPROVED,,,,False,2026-05-14 17:37:23.976410+00:00
1300,187,REF-20240305-2164,2164,full,GCASH,99951.00,APPROVED,,,,False,2026-05-14 17:37:24.087035+00:00
1301,200,REF-20240315-2632,2632,full,CASH,65670.74,APPROVED,,,,False,2026-05-14 17:37:24.196679+00:00
1302,189,REF-20240312-2236,2236,full,GCASH,38360.25,APPROVED,,,,False,2026-05-14 17:37:24.305767+00:00
1303,197,REF-20240315-2524,2524,full,GCASH,59316.49,APPROVED,,,,False,2026-05-14 17:37:24.416587+00:00
1304,192,REF-20240310-2344,2344,full,GCASH,42891.82,APPROVED,,,,False,2026-05-14 17:37:24.526282+00:00
1305,177,REF-20240310-1804,1804,full,GCASH,59180.61,APPROVED,,,,False,2026-05-14 17:37:24.635804+00:00
1306,207,REF-20240310-2884,2884,full,GCASH,55410.44,APPROVED,,,,False,2026-05-14 17:37:24.745778+00:00
1307,206,REF-20240315-2848,2848,full,GCASH,60860.08,APPROVED,,,,False,2026-05-14 17:37:24.855728+00:00
1308,179,REF-20240310-1876,1876,full,CASH,98859.62,APPROVED,,,,False,2026-05-14 17:37:24.967169+00:00
1309,178,REF-20240501-1840,1840,full,CASH,55192.30,APPROVED,,,,False,2026-05-14 17:37:25.077122+00:00
1310,184,REF-20240315-2056,2056,full,GCASH,73943.71,APPROVED,,,,False,2026-05-14 17:37:25.187530+00:00
1311,201,REF-20240308-2668,2668,full,GCASH,110571.85,APPROVED,,,,False,2026-05-14 17:37:25.297277+00:00
1312,190,REF-20240312-2272,2272,full,CASH,87611.20,APPROVED,,,,False,2026-05-14 17:37:25.406942+00:00
1313,196,REF-20240310-2488,2488,full,GCASH,41513.67,APPROVED,,,,False,2026-05-14 17:37:25.516682+00:00
1314,182,REF-20240310-1984,1984,full,GCASH,70441.42,APPROVED,,,,False,2026-05-14 17:37:25.626454+00:00
1315,203,REF-20240315-2740,2740,full,CASH,54191.00,APPROVED,,,,False,2026-05-14 17:37:25.736118+00:00
1316,198,REF-20240310-2560,2560,full,CASH,95354.00,APPROVED,,,,False,2026-05-14 17:37:25.845740+00:00
1317,195,REF-20240315-2452,2452,full,CASH,91789.61,APPROVED,,,,False,2026-05-14 17:37:25.955140+00:00
1318,199,REF-20240312-2596,2596,full,CASH,45442.55,APPROVED,,,,False,2026-05-14 17:37:26.065486+00:00
1319,186,REF-20240315-2128,2128,full,GCASH,85669.45,APPROVED,,,,False,2026-05-14 17:37:26.174990+00:00
1320,175,REF-20240315-1732,1732,full,GCASH,61455.36,APPROVED,,,,False,2026-05-14 17:37:26.287598+00:00
1321,205,REF-20240305-2812,2812,full,CASH,38938.95,APPROVED,,,,False,2026-05-14 17:37:26.397387+00:00
1322,180,REF-20240310-1912,1912,full,CASH,41866.92,APPROVED,,,,False,2026-05-14 17:37:26.508935+00:00
1323,176,REF-20240310-1768,1768,full,GCASH,57758.04,APPROVED,,,,False,2026-05-14 17:37:26.621772+00:00
1324,211,REF-20240310-3028,3028,full,CASH,79107.03,APPROVED,,,,False,2026-05-14 17:37:26.731193+00:00
1325,179,REF-20240410-1877,1877,full,CASH,97421.45,APPROVED,,,,False,2026-05-14 17:37:26.841559+00:00
1326,189,REF-20240410-2237,2237,full,CASH,37315.80,APPROVED,,,,False,2026-05-14 17:37:26.950667+00:00
1327,192,REF-20240410-2345,2345,full,CASH,42392.65,APPROVED,,,,False,2026-05-14 17:37:27.059814+00:00
1328,188,REF-20240405-2201,2201,full,GCASH,58059.52,APPROVED,,,,False,2026-05-14 17:37:27.169084+00:00
1329,208,REF-20240418-2921,2921,full,CASH,79840.49,APPROVED,,,,False,2026-05-14 17:37:27.281230+00:00
1330,197,REF-20240415-2525,2525,full,GCASH,57427.69,APPROVED,,,,False,2026-05-14 17:37:27.390506+00:00
1331,177,REF-20240410-1805,1805,full,GCASH,57703.35,APPROVED,,,,False,2026-05-14 17:37:27.500739+00:00
1332,173,REF-20240410-1661,1661,full,GCASH,107559.15,APPROVED,,,,False,2026-05-14 17:37:27.611812+00:00
1333,182,REF-20240410-1985,1985,full,GCASH,69292.45,APPROVED,,,,False,2026-05-14 17:37:27.722272+00:00
1334,203,REF-20240416-2741,2741,full,GCASH,51548.75,APPROVED,,,,False,2026-05-14 17:37:27.831283+00:00
1335,211,REF-20240413-3029,3029,full,GCASH,76165.20,APPROVED,,,,False,2026-05-14 17:37:27.941298+00:00
1336,201,REF-20240405-2669,2669,full,CASH,107525.23,APPROVED,,,,False,2026-05-14 17:37:28.055053+00:00
1337,174,REF-20240411-1697,1697,full,GCASH,57178.75,APPROVED,,,,False,2026-05-14 17:37:28.164969+00:00
1338,194,REF-20240410-2417,2417,full,GCASH,68284.50,APPROVED,,,,False,2026-05-14 17:37:28.276297+00:00
1339,181,REF-20240405-1949,1949,full,GCASH,40192.77,APPROVED,,,,False,2026-05-14 17:37:28.387150+00:00
1340,185,REF-20240417-2093,2093,full,GCASH,73766.05,APPROVED,,,,False,2026-05-14 17:37:28.496705+00:00
1341,202,REF-20240410-2705,2705,full,GCASH,72172.75,APPROVED,,,,False,2026-05-14 17:37:28.617763+00:00
1342,200,REF-20240415-2633,2633,full,CASH,63890.24,APPROVED,,,,False,2026-05-14 17:37:28.726490+00:00
1343,204,REF-20240415-2777,2777,full,GCASH,48200.68,APPROVED,,,,False,2026-05-14 17:37:28.838227+00:00
1344,191,REF-20240415-2309,2309,full,GCASH,68668.39,APPROVED,,,,False,2026-05-14 17:37:28.947362+00:00
1345,210,REF-20240425-2993,2993,full,GCASH,68185.56,APPROVED,,,,False,2026-05-14 17:37:29.056963+00:00
1346,183,REF-20240415-2021,2021,full,CASH,90251.51,APPROVED,,,,False,2026-05-14 17:37:29.166970+00:00
1347,180,REF-20240410-1913,1913,full,GCASH,41451.30,APPROVED,,,,False,2026-05-14 17:37:29.276251+00:00
1348,205,REF-20240405-2813,2813,full,CASH,38481.75,APPROVED,,,,False,2026-05-14 17:37:29.386168+00:00
1349,186,REF-20240415-2129,2129,full,CASH,83263.60,APPROVED,,,,False,2026-05-14 17:37:29.495201+00:00
1350,175,REF-20240415-1733,1733,full,GCASH,59467.26,APPROVED,,,,False,2026-05-14 17:37:29.605122+00:00
1351,199,REF-20240405-2597,2597,full,GCASH,43714.40,APPROVED,,,,False,2026-05-14 17:37:29.713851+00:00
1352,195,REF-20240422-2453,2453,full,GCASH,87582.71,APPROVED,,,,False,2026-05-14 17:37:29.822663+00:00
1353,190,REF-20240405-2273,2273,full,GCASH,85018.99,APPROVED,,,,False,2026-05-14 17:37:29.946568+00:00
1354,193,REF-20240410-2381,2381,full,CASH,80546.35,APPROVED,,,,False,2026-05-14 17:37:30.056123+00:00
1355,206,REF-20240415-2849,2849,full,GCASH,58307.53,APPROVED,,,,False,2026-05-14 17:37:30.166732+00:00
1356,187,REF-20240405-2165,2165,full,GCASH,97441.35,APPROVED,,,,False,2026-05-14 17:37:30.276719+00:00
1357,184,REF-20240415-2057,2057,full,GCASH,72620.11,APPROVED,,,,False,2026-05-14 17:37:30.385761+00:00
1358,209,REF-20240410-2957,2957,full,CASH,50137.35,APPROVED,,,,False,2026-05-14 17:37:30.495291+00:00
1359,176,REF-20240410-1769,1769,full,GCASH,57627.90,APPROVED,,,,False,2026-05-14 17:37:30.606848+00:00
1360,198,REF-20240410-2561,2561,full,CASH,92232.20,APPROVED,,,,False,2026-05-14 17:37:30.720964+00:00
1361,196,REF-20240410-2489,2489,full,CASH,41107.05,APPROVED,,,,False,2026-05-14 17:37:30.829814+00:00
1362,178,REF-20240409-1841,1841,full,GCASH,54035.14,APPROVED,,,,False,2026-05-14 17:37:30.940474+00:00
1363,207,REF-20240410-2885,2885,full,CASH,53666.90,APPROVED,,,,False,2026-05-14 17:37:31.051946+00:00
1364,196,REF-20240510-2490,2490,full,GCASH,39687.03,APPROVED,,,,False,2026-05-14 17:37:31.161449+00:00
1365,183,REF-20240515-2022,2022,full,CASH,88045.10,APPROVED,,,,False,2026-05-14 17:37:31.271115+00:00
1366,177,REF-20240517-1806,1806,full,GCASH,55864.74,APPROVED,,,,False,2026-05-14 17:37:31.380703+00:00
1367,203,REF-20240515-2742,2742,full,GCASH,50754.35,APPROVED,,,,False,2026-05-14 17:37:31.489685+00:00
1368,206,REF-20240515-2850,2850,full,GCASH,57239.65,APPROVED,,,,False,2026-05-14 17:37:31.599434+00:00
1369,205,REF-20240519-2814,2814,full,CASH,38063.25,APPROVED,,,,False,2026-05-14 17:37:31.708135+00:00
1370,209,REF-20240510-2958,2958,full,GCASH,48244.83,APPROVED,,,,False,2026-05-14 17:37:31.817711+00:00
1371,197,REF-20240515-2526,2526,full,GCASH,56579.95,APPROVED,,,,False,2026-05-14 17:37:31.927086+00:00
1372,186,REF-20240515-2130,2130,full,CASH,80750.95,APPROVED,,,,False,2026-05-14 17:37:32.036352+00:00
1373,187,REF-20240510-2166,2166,full,GCASH,94046.10,APPROVED,,,,False,2026-05-14 17:37:32.145804+00:00
1374,182,REF-20240604-1986,1986,full,CASH,66971.68,APPROVED,,,,False,2026-05-14 17:37:32.255514+00:00
1375,189,REF-20240510-2238,2238,full,GCASH,37133.10,APPROVED,,,,False,2026-05-14 17:37:32.366604+00:00
1376,207,REF-20240510-2886,2886,full,GCASH,52082.66,APPROVED,,,,False,2026-05-14 17:37:32.475299+00:00
1377,211,REF-20240510-3030,3030,full,GCASH,74886.12,APPROVED,,,,False,2026-05-14 17:37:32.584290+00:00
1378,208,REF-20240515-2922,2922,full,CASH,77604.20,APPROVED,,,,False,2026-05-14 17:37:32.693682+00:00
1379,195,REF-20240518-2454,2454,full,CASH,85568.90,APPROVED,,,,False,2026-05-14 17:37:32.804643+00:00
1380,180,REF-20240510-1914,1914,full,GCASH,39205.08,APPROVED,,,,False,2026-05-14 17:37:32.914938+00:00
1381,192,REF-20240510-2346,2346,full,CASH,39988.18,APPROVED,,,,False,2026-05-14 17:37:33.025628+00:00
1382,194,REF-20240510-2418,2418,full,CASH,65311.98,APPROVED,,,,False,2026-05-14 17:37:33.137695+00:00
1383,190,REF-20240505-2274,2274,full,GCASH,80970.64,APPROVED,,,,False,2026-05-14 17:37:33.247157+00:00
1384,175,REF-20240515-1734,1734,full,GCASH,57832.50,APPROVED,,,,False,2026-05-14 17:37:33.356637+00:00
1385,193,REF-20240510-2382,2382,full,GCASH,77782.78,APPROVED,,,,False,2026-05-14 17:37:33.466526+00:00
1386,198,REF-20240510-2562,2562,full,CASH,89644.10,APPROVED,,,,False,2026-05-14 17:37:33.575734+00:00
1387,185,REF-20240510-2094,2094,full,CASH,72832.45,APPROVED,,,,False,2026-05-14 17:37:33.685145+00:00
1388,176,REF-20240510-1770,1770,full,CASH,55323.36,APPROVED,,,,False,2026-05-14 17:37:33.794326+00:00
1389,181,REF-20240505-1950,1950,full,GCASH,37635.87,APPROVED,,,,False,2026-05-14 17:37:33.903701+00:00
1390,188,REF-20240505-2202,2202,full,CASH,57505.42,APPROVED,,,,False,2026-05-14 17:37:34.012389+00:00
1391,204,REF-20240515-2778,2778,full,GCASH,46150.00,APPROVED,,,,False,2026-05-14 17:37:34.121919+00:00
1392,201,REF-20240505-2670,2670,full,GCASH,103178.98,APPROVED,,,,False,2026-05-14 17:37:34.244197+00:00
1393,178,REF-20240505-1842,1842,full,CASH,52259.74,APPROVED,,,,False,2026-05-14 17:37:34.353007+00:00
1394,191,REF-20240515-2310,2310,full,CASH,67085.35,APPROVED,,,,False,2026-05-14 17:37:34.463310+00:00
1395,173,REF-20240510-1662,1662,full,GCASH,104802.00,APPROVED,,,,False,2026-05-14 17:37:34.571882+00:00
1396,202,REF-20240510-2706,2706,full,GCASH,68398.66,APPROVED,,,,False,2026-05-14 17:37:34.681777+00:00
1397,174,REF-20240513-1698,1698,full,GCASH,57375.91,APPROVED,,,,False,2026-05-14 17:37:34.791519+00:00
1398,199,REF-20240507-2598,2598,full,GCASH,42997.70,APPROVED,,,,False,2026-05-14 17:37:34.900881+00:00
1399,179,REF-20240510-1878,1878,full,CASH,94311.98,APPROVED,,,,False,2026-05-14 17:37:35.009853+00:00
1400,210,REF-20240703-2994,2994,full,GCASH,65562.60,APPROVED,,,,False,2026-05-14 17:37:35.120551+00:00
1401,200,REF-20240515-2634,2634,full,CASH,62350.55,APPROVED,,,,False,2026-05-14 17:37:35.230697+00:00
1402,184,REF-20240515-2058,2058,full,GCASH,70350.10,APPROVED,,,,False,2026-05-14 17:37:35.341905+00:00
1403,199,REF-20240605-2599,2599,full,CASH,41501.75,APPROVED,,,,False,2026-05-14 17:37:35.452041+00:00
1404,200,REF-20240615-2635,2635,full,GCASH,59579.15,APPROVED,,,,False,2026-05-14 17:37:35.563526+00:00
1405,180,REF-20240630-1915,1915,full,GCASH,38602.98,APPROVED,,,,False,2026-05-14 17:37:35.673391+00:00
1406,176,REF-20240610-1771,1771,full,CASH,53973.81,APPROVED,,,,False,2026-05-14 17:37:35.783429+00:00
1407,211,REF-20240610-3031,3031,full,GCASH,71851.77,APPROVED,,,,False,2026-05-14 17:37:35.893143+00:00
1408,183,REF-20240615-2023,2023,full,CASH,84062.30,APPROVED,,,,False,2026-05-14 17:37:36.002580+00:00
1409,186,REF-20240615-2131,2131,full,CASH,76737.70,APPROVED,,,,False,2026-05-14 17:37:36.114377+00:00
1410,202,REF-20240610-2707,2707,full,GCASH,66832.51,APPROVED,,,,False,2026-05-14 17:37:36.223724+00:00
1411,207,REF-20240610-2887,2887,full,GCASH,50623.01,APPROVED,,,,False,2026-05-14 17:37:36.333627+00:00
1412,175,REF-20240615-1735,1735,full,CASH,55869.15,APPROVED,,,,False,2026-05-14 17:37:36.442438+00:00
1413,182,REF-20240610-1987,1987,full,CASH,64690.48,APPROVED,,,,False,2026-05-14 17:37:36.552009+00:00
1414,203,REF-20240615-2743,2743,full,CASH,48851.90,APPROVED,,,,False,2026-05-14 17:37:36.662029+00:00
1415,205,REF-20240605-2815,2815,full,GCASH,36350.10,APPROVED,,,,False,2026-05-14 17:37:36.771906+00:00
1416,184,REF-20240622-2059,2059,full,GCASH,68865.85,APPROVED,,,,False,2026-05-14 17:37:36.881597+00:00
1417,195,REF-20240615-2455,2455,full,CASH,82487.45,APPROVED,,,,False,2026-05-14 17:37:36.991296+00:00
1418,190,REF-20240605-2275,2275,full,CASH,80272.03,APPROVED,,,,False,2026-05-14 17:37:37.106424+00:00
1419,178,REF-20240605-1843,1843,full,GCASH,51283.48,APPROVED,,,,False,2026-05-14 17:37:37.215865+00:00
1420,192,REF-20240610-2347,2347,full,CASH,39635.23,APPROVED,,,,False,2026-05-14 17:37:37.325721+00:00
1421,209,REF-20240610-2959,2959,full,CASH,47635.08,APPROVED,,,,False,2026-05-14 17:37:37.435155+00:00
1422,179,REF-20240610-1879,1879,full,CASH,91347.53,APPROVED,,,,False,2026-05-14 17:37:37.546007+00:00
1423,201,REF-20240612-2671,2671,full,CASH,100945.96,APPROVED,,,,False,2026-05-14 17:37:37.655135+00:00
1424,177,REF-20240610-1807,1807,full,GCASH,54998.04,APPROVED,,,,False,2026-05-14 17:37:37.764911+00:00
1425,196,REF-20240610-2491,2491,full,GCASH,38359.98,APPROVED,,,,False,2026-05-14 17:37:37.874398+00:00
1426,206,REF-20240615-2851,2851,full,CASH,56147.35,APPROVED,,,,False,2026-05-14 17:37:37.983845+00:00
1427,189,REF-20240610-2239,2239,full,GCASH,34906.05,APPROVED,,,,False,2026-05-14 17:37:38.093559+00:00
1428,187,REF-20240611-2167,2167,full,GCASH,91316.40,APPROVED,,,,False,2026-05-14 17:37:38.203052+00:00
1429,197,REF-20240615-2527,2527,full,GCASH,54093.55,APPROVED,,,,False,2026-05-14 17:37:38.312517+00:00
1430,188,REF-20240605-2203,2203,full,GCASH,55564.54,APPROVED,,,,False,2026-05-14 17:37:38.422468+00:00
1431,185,REF-20240614-2095,2095,full,GCASH,68913.70,APPROVED,,,,False,2026-05-14 17:37:38.531761+00:00
1432,198,REF-20240704-2563,2563,full,GCASH,86222.00,APPROVED,,,,False,2026-05-14 17:37:38.642093+00:00
1433,194,REF-20240610-2419,2419,full,GCASH,64275.63,APPROVED,,,,False,2026-05-14 17:37:38.751250+00:00
1434,191,REF-20240621-2311,2311,full,GCASH,63616.15,APPROVED,,,,False,2026-05-14 17:37:38.860780+00:00
1435,173,REF-20240610-1663,1663,full,CASH,102407.10,APPROVED,,,,False,2026-05-14 17:37:38.971521+00:00
1436,193,REF-20240610-2383,2383,full,GCASH,76932.13,APPROVED,,,,False,2026-05-14 17:37:39.081051+00:00
1437,204,REF-20240615-2779,2779,full,CASH,44636.50,APPROVED,,,,False,2026-05-14 17:37:39.190091+00:00
1438,181,REF-20240607-1951,1951,full,GCASH,36958.44,APPROVED,,,,False,2026-05-14 17:37:39.299161+00:00
1439,208,REF-20240615-2923,2923,full,GCASH,73958.00,APPROVED,,,,False,2026-05-14 17:37:39.408688+00:00
1440,174,REF-20240610-1699,1699,full,GCASH,54831.01,APPROVED,,,,False,2026-05-14 17:37:39.517760+00:00
1441,210,REF-20240615-2995,2995,full,CASH,63401.25,APPROVED,,,,False,2026-05-14 17:37:39.627513+00:00
1442,191,REF-20240715-2312,2312,full,CASH,62950.66,APPROVED,,,,False,2026-05-14 17:37:39.737410+00:00
1443,201,REF-20240705-2672,2672,full,CASH,97582.09,APPROVED,,,,False,2026-05-14 17:37:39.846249+00:00
1444,182,REF-20240716-1988,1988,full,GCASH,62918.26,APPROVED,,,,False,2026-05-14 17:37:39.955285+00:00
1445,184,REF-20240715-2060,2060,full,CASH,66213.79,APPROVED,,,,False,2026-05-14 17:37:40.065131+00:00
1446,203,REF-20240715-2744,2744,full,GCASH,47164.25,APPROVED,,,,False,2026-05-14 17:37:40.174502+00:00
1447,200,REF-20240715-2636,2636,full,GCASH,57823.46,APPROVED,,,,False,2026-05-14 17:37:40.284170+00:00
1448,181,REF-20240708-1952,1952,full,CASH,36293.16,APPROVED,,,,False,2026-05-14 17:37:40.393008+00:00
1449,185,REF-20240714-2096,2096,full,GCASH,66912.25,APPROVED,,,,False,2026-05-14 17:37:40.502502+00:00
1450,193,REF-20240710-2384,2384,full,CASH,73346.41,APPROVED,,,,False,2026-05-14 17:37:40.611537+00:00
1451,204,REF-20240715-2780,2780,full,GCASH,44604.52,APPROVED,,,,False,2026-05-14 17:37:40.722170+00:00
1452,199,REF-20240708-2600,2600,full,CASH,40557.50,APPROVED,,,,False,2026-05-14 17:37:40.831482+00:00
1453,180,REF-20240710-1916,1916,full,GCASH,37386.36,APPROVED,,,,False,2026-05-14 17:37:40.939812+00:00
1454,186,REF-20240715-2132,2132,full,GCASH,74897.35,APPROVED,,,,False,2026-05-14 17:37:41.054263+00:00
1455,173,REF-20240710-1664,1664,full,CASH,98700.45,APPROVED,,,,False,2026-05-14 17:37:41.163449+00:00
1456,205,REF-20240705-2816,2816,full,CASH,35147.70,APPROVED,,,,False,2026-05-14 17:37:41.273489+00:00
1457,198,REF-20240710-2564,2564,full,GCASH,83996.15,APPROVED,,,,False,2026-05-14 17:37:41.382743+00:00
1458,179,REF-20240710-1880,1880,full,GCASH,88001.36,APPROVED,,,,False,2026-05-14 17:37:41.495334+00:00
1459,187,REF-20240705-2168,2168,full,CASH,90595.05,APPROVED,,,,False,2026-05-14 17:37:41.605449+00:00
1460,206,REF-20240718-2852,2852,full,GCASH,54854.47,APPROVED,,,,False,2026-05-14 17:37:41.714561+00:00
1461,178,REF-20240705-1844,1844,full,GCASH,49955.77,APPROVED,,,,False,2026-05-14 17:37:41.824347+00:00
1462,207,REF-20240710-2888,2888,full,GCASH,49353.77,APPROVED,,,,False,2026-05-14 17:37:41.933475+00:00
1463,188,REF-20240705-2204,2204,full,GCASH,53687.11,APPROVED,,,,False,2026-05-14 17:37:42.043207+00:00
1464,197,REF-20240722-2528,2528,full,CASH,52379.56,APPROVED,,,,False,2026-05-14 17:37:42.152125+00:00
1465,177,REF-20240718-1808,1808,full,GCASH,51963.33,APPROVED,,,,False,2026-05-14 17:37:42.261578+00:00
1466,208,REF-20240715-2924,2924,full,GCASH,72768.41,APPROVED,,,,False,2026-05-14 17:37:42.371496+00:00
1467,189,REF-20240710-2240,2240,full,CASH,34023.15,APPROVED,,,,False,2026-05-14 17:37:42.481014+00:00
1468,196,REF-20240710-2492,2492,full,GCASH,35801.01,APPROVED,,,,False,2026-05-14 17:37:42.591166+00:00
1469,176,REF-20240710-1772,1772,full,CASH,51957.27,APPROVED,,,,False,2026-05-14 17:37:42.700900+00:00
1470,209,REF-20240710-2960,2960,full,CASH,45081.96,APPROVED,,,,False,2026-05-14 17:37:42.810386+00:00
1471,190,REF-20240901-2276,2276,full,CASH,76927.42,APPROVED,,,,False,2026-05-14 17:37:42.919780+00:00
1472,175,REF-20240716-1736,1736,full,GCASH,53998.59,APPROVED,,,,False,2026-05-14 17:37:43.030340+00:00
1473,195,REF-20240715-2456,2456,full,CASH,79617.29,APPROVED,,,,False,2026-05-14 17:37:43.139940+00:00
1474,192,REF-20240721-2348,2348,full,GCASH,38435.86,APPROVED,,,,False,2026-05-14 17:37:43.249748+00:00
1475,210,REF-20240717-2996,2996,full,GCASH,62642.19,APPROVED,,,,False,2026-05-14 17:37:43.358434+00:00
1476,174,REF-20240710-1700,1700,full,GCASH,52050.97,APPROVED,,,,False,2026-05-14 17:37:43.467006+00:00
1477,194,REF-20240727-2420,2420,full,CASH,62705.76,APPROVED,,,,False,2026-05-14 17:37:43.579865+00:00
1478,211,REF-20240710-3032,3032,full,GCASH,70191.54,APPROVED,,,,False,2026-05-14 17:37:43.689865+00:00
1479,183,REF-20240715-2024,2024,full,CASH,82031.39,APPROVED,,,,False,2026-05-14 17:37:43.802296+00:00
1480,202,REF-20240710-2708,2708,full,CASH,65699.92,APPROVED,,,,False,2026-05-14 17:37:43.911679+00:00
1481,181,REF-20240805-1953,1953,full,CASH,34992.21,APPROVED,,,,False,2026-05-14 17:37:44.021003+00:00
1482,207,REF-20240810-2889,2889,full,CASH,48503.87,APPROVED,,,,False,2026-05-14 17:37:44.132136+00:00
1483,197,REF-20240815-2529,2529,full,CASH,50916.22,APPROVED,,,,False,2026-05-14 17:37:44.241574+00:00
1484,189,REF-20240815-2241,2241,full,CASH,33565.50,APPROVED,,,,False,2026-05-14 17:37:44.351138+00:00
1485,196,REF-20240816-2493,2493,full,CASH,35416.71,APPROVED,,,,False,2026-05-14 17:37:44.461386+00:00
1486,178,REF-20240831-1845,1845,full,CASH,47851.42,APPROVED,,,,False,2026-05-14 17:37:44.570611+00:00
1487,176,REF-20240810-1773,1773,full,GCASH,50139.72,APPROVED,,,,False,2026-05-14 17:37:44.679916+00:00
1488,206,REF-20240815-2853,2853,full,CASH,52531.54,APPROVED,,,,False,2026-05-14 17:37:44.788800+00:00
1489,173,REF-20240812-1665,1665,full,CASH,94544.25,APPROVED,,,,False,2026-05-14 17:37:44.899982+00:00
1490,187,REF-20240830-2169,2169,full,CASH,85346.70,APPROVED,,,,False,2026-05-14 17:37:45.009316+00:00
1491,198,REF-20240810-2565,2565,full,GCASH,80451.65,APPROVED,,,,False,2026-05-14 17:37:45.119361+00:00
1492,209,REF-20240810-2961,2961,full,GCASH,42786.96,APPROVED,,,,False,2026-05-14 17:37:45.229362+00:00
1493,175,REF-20240815-1737,1737,full,GCASH,52599.18,APPROVED,,,,False,2026-05-14 17:37:45.338586+00:00
1494,179,REF-20240810-1881,1881,full,CASH,85761.41,APPROVED,,,,False,2026-05-14 17:37:45.449388+00:00
1495,184,REF-20240815-2061,2061,full,GCASH,63100.48,APPROVED,,,,False,2026-05-14 17:37:45.559890+00:00
1496,190,REF-20240805-2277,2277,full,CASH,75432.37,APPROVED,,,,False,2026-05-14 17:37:45.668801+00:00
1497,182,REF-20240810-1989,1989,full,GCASH,59815.36,APPROVED,,,,False,2026-05-14 17:37:45.777521+00:00
1498,195,REF-20240815-2457,2457,full,GCASH,79048.88,APPROVED,,,,False,2026-05-14 17:37:45.886980+00:00
1499,205,REF-20240805-2817,2817,full,GCASH,33360.75,APPROVED,,,,False,2026-05-14 17:37:45.996861+00:00
1500,186,REF-20240815-2133,2133,full,GCASH,72743.80,APPROVED,,,,False,2026-05-14 17:37:46.106269+00:00
1501,193,REF-20240810-2385,2385,full,GCASH,70716.01,APPROVED,,,,False,2026-05-14 17:37:46.218791+00:00
1502,180,REF-20240810-1917,1917,full,GCASH,35767.26,APPROVED,,,,False,2026-05-14 17:37:46.331965+00:00
1503,199,REF-20240820-2601,2601,full,GCASH,39379.10,APPROVED,,,,False,2026-05-14 17:37:46.440955+00:00
1504,210,REF-20240815-2997,2997,full,CASH,60241.08,APPROVED,,,,False,2026-05-14 17:37:46.550533+00:00
1505,174,REF-20240810-1701,1701,full,CASH,50105.92,APPROVED,,,,False,2026-05-14 17:37:46.659647+00:00
1506,192,REF-20240810-2349,2349,full,CASH,36043.51,APPROVED,,,,False,2026-05-14 17:37:46.770748+00:00
1507,204,REF-20240815-2781,2781,full,CASH,43375.09,APPROVED,,,,False,2026-05-14 17:37:46.880515+00:00
1508,191,REF-20240815-2313,2313,full,CASH,60579.67,APPROVED,,,,False,2026-05-14 17:37:46.989308+00:00
1509,194,REF-20240810-2421,2421,full,GCASH,59216.91,APPROVED,,,,False,2026-05-14 17:37:47.098897+00:00
1510,201,REF-20240805-2673,2673,full,CASH,94119.19,APPROVED,,,,False,2026-05-14 17:37:47.207697+00:00
1511,185,REF-20240810-2097,2097,full,CASH,65683.15,APPROVED,,,,False,2026-05-14 17:37:47.317136+00:00
1512,200,REF-20240916-2637,2637,full,GCASH,56286.02,APPROVED,,,,False,2026-05-14 17:37:47.427824+00:00
1513,211,REF-20240810-3033,3033,full,GCASH,67356.54,APPROVED,,,,False,2026-05-14 17:37:47.537811+00:00
1514,203,REF-20240819-2745,2745,full,CASH,46060.70,APPROVED,,,,False,2026-05-14 17:37:47.647359+00:00
1515,202,REF-20240810-2709,2709,full,GCASH,61615.57,APPROVED,,,,False,2026-05-14 17:37:47.758610+00:00
1516,177,REF-20240904-1809,1809,full,GCASH,50563.38,APPROVED,,,,False,2026-05-14 17:37:47.867928+00:00
1517,188,REF-20240805-2205,2205,full,CASH,50767.81,APPROVED,,,,False,2026-05-14 17:37:47.977613+00:00
1518,183,REF-20240815-2025,2025,full,CASH,79702.13,APPROVED,,,,False,2026-05-14 17:37:48.087345+00:00
1519,208,REF-20240815-2925,2925,full,GCASH,69655.97,APPROVED,,,,False,2026-05-14 17:37:48.196428+00:00
1520,188,REF-20240907-2206,2206,full,CASH,50216.53,APPROVED,,,,False,2026-05-14 17:37:48.307770+00:00
1521,190,REF-20240905-2278,2278,full,GCASH,73420.21,APPROVED,,,,False,2026-05-14 17:37:48.417912+00:00
1522,200,REF-20240915-2638,2638,full,GCASH,53578.97,APPROVED,,,,False,2026-05-14 17:37:48.527640+00:00
1523,195,REF-20240915-2458,2458,full,GCASH,75495.83,APPROVED,,,,False,2026-05-14 17:37:48.639616+00:00
1524,182,REF-20240910-1990,1990,full,CASH,57650.29,APPROVED,,,,False,2026-05-14 17:37:48.749338+00:00
1525,205,REF-20240919-2818,2818,full,GCASH,33612.75,APPROVED,,,,False,2026-05-14 17:37:48.859343+00:00
1526,203,REF-20240915-2746,2746,full,CASH,45195.95,APPROVED,,,,False,2026-05-14 17:37:48.970092+00:00
1527,193,REF-20240910-2386,2386,full,CASH,68018.14,APPROVED,,,,False,2026-05-14 17:37:49.080996+00:00
1528,186,REF-20240915-2134,2134,full,GCASH,70711.90,APPROVED,,,,False,2026-05-14 17:37:49.192054+00:00
1529,179,REF-20240910-1882,1882,full,GCASH,82691.54,APPROVED,,,,False,2026-05-14 17:37:49.300764+00:00
1530,211,REF-20240910-3034,3034,full,CASH,64882.71,APPROVED,,,,False,2026-05-14 17:37:49.410985+00:00
1531,180,REF-20240921-1918,1918,full,GCASH,34233.84,APPROVED,,,,False,2026-05-14 17:37:49.521723+00:00
1532,208,REF-20240915-2926,2926,full,CASH,67254.02,APPROVED,,,,False,2026-05-14 17:37:49.631352+00:00
1533,199,REF-20240905-2602,2602,full,GCASH,37868.30,APPROVED,,,,False,2026-05-14 17:37:49.741275+00:00
1534,210,REF-20240918-2998,2998,full,GCASH,58097.28,APPROVED,,,,False,2026-05-14 17:37:49.852533+00:00
1535,174,REF-20240910-1702,1702,full,GCASH,49167.28,APPROVED,,,,False,2026-05-14 17:37:49.963465+00:00
1536,202,REF-20240910-2710,2710,full,GCASH,60221.98,APPROVED,,,,False,2026-05-14 17:37:50.072757+00:00
1537,177,REF-20240917-1810,1810,full,CASH,48812.97,APPROVED,,,,False,2026-05-14 17:37:50.182681+00:00
1538,204,REF-20240915-2782,2782,full,CASH,41672.14,APPROVED,,,,False,2026-05-14 17:37:50.292301+00:00
1539,201,REF-20240905-2674,2674,full,CASH,91590.07,APPROVED,,,,False,2026-05-14 17:37:50.401133+00:00
1540,207,REF-20240910-2890,2890,full,CASH,46677.98,APPROVED,,,,False,2026-05-14 17:37:50.513060+00:00
1541,191,REF-20240915-2314,2314,full,CASH,58719.67,APPROVED,,,,False,2026-05-14 17:37:50.623936+00:00
1542,197,REF-20240915-2530,2530,full,CASH,49298.77,APPROVED,,,,False,2026-05-14 17:37:50.736166+00:00
1543,183,REF-20240915-2026,2026,full,CASH,75854.33,APPROVED,,,,False,2026-05-14 17:37:50.846497+00:00
1544,189,REF-20240910-2242,2242,full,GCASH,32177.70,APPROVED,,,,False,2026-05-14 17:37:50.955827+00:00
1545,194,REF-20240910-2422,2422,full,GCASH,57708.69,APPROVED,,,,False,2026-05-14 17:37:51.065203+00:00
1546,178,REF-20240905-1846,1846,full,CASH,46800.46,APPROVED,,,,False,2026-05-14 17:37:51.174863+00:00
1547,176,REF-20240912-1774,1774,full,GCASH,49155.03,APPROVED,,,,False,2026-05-14 17:37:51.284612+00:00
1548,206,REF-20240915-2854,2854,full,CASH,49503.79,APPROVED,,,,False,2026-05-14 17:37:51.394418+00:00
1549,196,REF-20240910-2494,2494,full,CASH,34373.34,APPROVED,,,,False,2026-05-14 17:37:51.503271+00:00
1550,185,REF-20240910-2098,2098,full,GCASH,62601.25,APPROVED,,,,False,2026-05-14 17:37:51.614164+00:00
1551,187,REF-20240905-2170,2170,full,CASH,83223.15,APPROVED,,,,False,2026-05-14 17:37:51.724380+00:00
1552,173,REF-20240910-1666,1666,full,GCASH,92536.35,APPROVED,,,,False,2026-05-14 17:37:51.834020+00:00
1553,184,REF-20240915-2062,2062,full,GCASH,61801.63,APPROVED,,,,False,2026-05-14 17:37:51.946740+00:00
1554,181,REF-20240910-1954,1954,full,GCASH,33282.03,APPROVED,,,,False,2026-05-14 17:37:52.056464+00:00
1555,209,REF-20240910-2962,2962,full,GCASH,42209.79,APPROVED,,,,False,2026-05-14 17:37:52.166130+00:00
1556,175,REF-20240915-1738,1738,full,CASH,50187.18,APPROVED,,,,False,2026-05-14 17:37:52.276523+00:00
1557,192,REF-20240910-2350,2350,full,GCASH,36096.49,APPROVED,,,,False,2026-05-14 17:37:52.386037+00:00
1558,198,REF-20240910-2566,2566,full,GCASH,78409.40,APPROVED,,,,False,2026-05-14 17:37:52.495978+00:00
1559,207,REF-20241010-2891,2891,full,GCASH,45334.94,APPROVED,,,,False,2026-05-14 17:37:52.605679+00:00
1560,179,REF-20241010-1883,1883,full,CASH,79429.52,APPROVED,,,,False,2026-05-14 17:37:52.715824+00:00
1561,203,REF-20241015-2747,2747,full,CASH,42936.35,APPROVED,,,,False,2026-05-14 17:37:52.824732+00:00
1562,188,REF-20241115-2207,2207,full,GCASH,48159.43,APPROVED,,,,False,2026-05-14 17:37:52.934481+00:00
1563,192,REF-20241010-2351,2351,full,CASH,35166.67,APPROVED,,,,False,2026-05-14 17:37:53.044138+00:00
1564,190,REF-20241005-2279,2279,full,CASH,69433.96,APPROVED,,,,False,2026-05-14 17:37:53.153501+00:00
1565,175,REF-20241016-1739,1739,full,GCASH,48704.97,APPROVED,,,,False,2026-05-14 17:37:53.263296+00:00
1566,191,REF-20241015-2315,2315,full,CASH,56389.63,APPROVED,,,,False,2026-05-14 17:37:53.375090+00:00
1567,200,REF-20241017-2639,2639,full,CASH,52103.63,APPROVED,,,,False,2026-05-14 17:37:53.484569+00:00
1568,181,REF-20241005-1955,1955,full,CASH,32633.58,APPROVED,,,,False,2026-05-14 17:37:53.594198+00:00
1569,205,REF-20241005-2819,2819,full,GCASH,31362.30,APPROVED,,,,False,2026-05-14 17:37:53.702934+00:00
1570,187,REF-20241005-2171,2171,full,GCASH,80426.40,APPROVED,,,,False,2026-05-14 17:37:53.812594+00:00
1571,211,REF-20241010-3035,3035,full,CASH,62857.08,APPROVED,,,,False,2026-05-14 17:37:53.922548+00:00
1572,198,REF-20241016-2567,2567,full,GCASH,75735.35,APPROVED,,,,False,2026-05-14 17:37:54.032159+00:00
1573,182,REF-20241010-1991,1991,full,GCASH,55631.92,APPROVED,,,,False,2026-05-14 17:37:54.142453+00:00
1574,186,REF-20241015-2135,2135,full,GCASH,68114.65,APPROVED,,,,False,2026-05-14 17:37:54.252191+00:00
1575,189,REF-20241105-2243,2243,full,GCASH,30448.80,APPROVED,,,,False,2026-05-14 17:37:54.362979+00:00
1576,201,REF-20241005-2675,2675,full,GCASH,88613.62,APPROVED,,,,False,2026-05-14 17:37:54.475599+00:00
1577,173,REF-20241010-1667,1667,full,GCASH,88748.25,APPROVED,,,,False,2026-05-14 17:37:54.585392+00:00
1578,194,REF-20241016-2423,2423,full,GCASH,56289.12,APPROVED,,,,False,2026-05-14 17:37:54.695396+00:00
1579,183,REF-20241015-2027,2027,full,CASH,73232.12,APPROVED,,,,False,2026-05-14 17:37:54.805560+00:00
1580,197,REF-20241015-2531,2531,full,CASH,47513.23,APPROVED,,,,False,2026-05-14 17:37:54.919009+00:00
1581,209,REF-20241106-2963,2963,full,GCASH,41528.22,APPROVED,,,,False,2026-05-14 17:37:55.030374+00:00
1582,202,REF-20241014-2711,2711,full,GCASH,58589.89,APPROVED,,,,False,2026-05-14 17:37:55.140369+00:00
1583,208,REF-20241015-2927,2927,full,GCASH,64791.38,APPROVED,,,,False,2026-05-14 17:37:55.251216+00:00
1584,195,REF-20241015-2459,2459,full,CASH,72222.92,APPROVED,,,,False,2026-05-14 17:37:55.361699+00:00
1585,210,REF-20241019-2999,2999,full,GCASH,56541.72,APPROVED,,,,False,2026-05-14 17:37:55.471150+00:00
1586,174,REF-20241010-1703,1703,full,GCASH,48552.19,APPROVED,,,,False,2026-05-14 17:37:55.582733+00:00
1587,178,REF-20241005-1847,1847,full,CASH,44990.86,APPROVED,,,,False,2026-05-14 17:37:55.691912+00:00
1588,176,REF-20241010-1775,1775,full,GCASH,47523.69,APPROVED,,,,False,2026-05-14 17:37:55.801488+00:00
1589,206,REF-20241018-2855,2855,full,GCASH,49184.26,APPROVED,,,,False,2026-05-14 17:37:55.910668+00:00
1590,199,REF-20241005-2603,2603,full,GCASH,36233.60,APPROVED,,,,False,2026-05-14 17:37:56.021033+00:00
1591,180,REF-20241010-1919,1919,full,GCASH,33343.02,APPROVED,,,,False,2026-05-14 17:37:56.130727+00:00
1592,193,REF-20241010-2387,2387,full,CASH,66074.47,APPROVED,,,,False,2026-05-14 17:37:56.240185+00:00
1593,204,REF-20241015-2783,2783,full,GCASH,39906.31,APPROVED,,,,False,2026-05-14 17:37:56.349402+00:00
1594,196,REF-20241010-2495,2495,full,CASH,33058.62,APPROVED,,,,False,2026-05-14 17:37:56.459542+00:00
1595,177,REF-20241010-1811,1811,full,GCASH,48179.91,APPROVED,,,,False,2026-05-14 17:37:56.571829+00:00
1596,185,REF-20241010-2099,2099,full,CASH,60195.70,APPROVED,,,,False,2026-05-14 17:37:56.681371+00:00
1597,184,REF-20241015-2063,2063,full,GCASH,59032.57,APPROVED,,,,False,2026-05-14 17:37:56.795688+00:00
1598,192,REF-20241110-2352,2352,full,CASH,33775.12,APPROVED,,,,False,2026-05-14 17:37:56.907772+00:00
1599,173,REF-20241110-1668,1668,full,GCASH,85214.85,APPROVED,,,,False,2026-05-14 17:37:57.017424+00:00
1600,174,REF-20241110-1704,1704,full,GCASH,45907.39,APPROVED,,,,False,2026-05-14 17:37:57.127267+00:00
1601,175,REF-20241115-1740,1740,full,CASH,47338.86,APPROVED,,,,False,2026-05-14 17:37:57.236381+00:00
1602,176,REF-20241110-1776,1776,full,CASH,44762.94,APPROVED,,,,False,2026-05-14 17:37:57.345714+00:00
1603,177,REF-20241110-1812,1812,full,CASH,44912.91,APPROVED,,,,False,2026-05-14 17:37:57.455396+00:00
1604,178,REF-20241105-1848,1848,full,CASH,43410.70,APPROVED,,,,False,2026-05-14 17:37:57.565635+00:00
1605,179,REF-20241110-1884,1884,full,GCASH,77354.72,APPROVED,,,,False,2026-05-14 17:37:57.675111+00:00
1606,180,REF-20241117-1920,1920,full,GCASH,32169.87,APPROVED,,,,False,2026-05-14 17:37:57.785673+00:00
1607,181,REF-20241105-1956,1956,full,CASH,31474.65,APPROVED,,,,False,2026-05-14 17:37:57.899280+00:00
1608,182,REF-20241127-1992,1992,full,GCASH,54536.92,APPROVED,,,,False,2026-05-14 17:37:58.010304+00:00
1609,183,REF-20241229-2028,2028,full,CASH,70679.66,APPROVED,,,,False,2026-05-14 17:37:58.120092+00:00
1610,184,REF-20241115-2064,2064,full,GCASH,57921.31,APPROVED,,,,False,2026-05-14 17:37:58.230030+00:00
1611,185,REF-20241117-2100,2100,full,CASH,58182.70,APPROVED,,,,False,2026-05-14 17:37:58.339295+00:00
1612,186,REF-20241115-2136,2136,full,CASH,65025.55,APPROVED,,,,False,2026-05-14 17:37:58.448420+00:00
1613,187,REF-20241105-2172,2172,full,CASH,77669.25,APPROVED,,,,False,2026-05-14 17:37:58.559323+00:00
1614,188,REF-20241105-2208,2208,full,GCASH,45980.95,APPROVED,,,,False,2026-05-14 17:37:58.668472+00:00
1615,189,REF-20241110-2244,2244,full,CASH,31007.70,APPROVED,,,,False,2026-05-14 17:37:58.778103+00:00
1616,190,REF-20241105-2280,2280,full,GCASH,67145.95,APPROVED,,,,False,2026-05-14 17:37:58.887230+00:00
1617,191,REF-20241119-2316,2316,full,CASH,54699.94,APPROVED,,,,False,2026-05-14 17:37:58.997092+00:00
1618,193,REF-20241110-2388,2388,full,GCASH,64281.97,APPROVED,,,,False,2026-05-14 17:37:59.106311+00:00
1619,194,REF-20241110-2424,2424,full,CASH,54329.82,APPROVED,,,,False,2026-05-14 17:37:59.217700+00:00
1620,195,REF-20241121-2460,2460,full,CASH,69517.46,APPROVED,,,,False,2026-05-14 17:37:59.326611+00:00
1621,196,REF-20241110-2496,2496,full,GCASH,31926.42,APPROVED,,,,False,2026-05-14 17:37:59.441716+00:00
1622,197,REF-20241123-2532,2532,full,CASH,45504.49,APPROVED,,,,False,2026-05-14 17:37:59.551691+00:00
1623,198,REF-20241110-2568,2568,full,GCASH,73768.55,APPROVED,,,,False,2026-05-14 17:37:59.663245+00:00
1624,199,REF-20241105-2604,2604,full,GCASH,35319.05,APPROVED,,,,False,2026-05-14 17:37:59.771984+00:00
1625,200,REF-20241115-2640,2640,full,GCASH,49783.64,APPROVED,,,,False,2026-05-14 17:37:59.883393+00:00
1626,201,REF-20241105-2676,2676,full,CASH,85372.60,APPROVED,,,,False,2026-05-14 17:37:59.992237+00:00
1627,202,REF-20241115-2712,2712,full,GCASH,55891.54,APPROVED,,,,False,2026-05-14 17:38:00.101290+00:00
1628,203,REF-20241115-2748,2748,full,GCASH,41538.95,APPROVED,,,,False,2026-05-14 17:38:00.211411+00:00
1629,204,REF-20241115-2784,2784,full,CASH,38164.33,APPROVED,,,,False,2026-05-14 17:38:00.320603+00:00
1630,205,REF-20241109-2820,2820,full,GCASH,29655.00,APPROVED,,,,False,2026-05-14 17:38:00.435631+00:00
1631,206,REF-20241118-2856,2856,full,CASH,47039.08,APPROVED,,,,False,2026-05-14 17:38:00.547684+00:00
1632,207,REF-20241110-2892,2892,full,CASH,43591.34,APPROVED,,,,False,2026-05-14 17:38:00.657964+00:00
1633,208,REF-20241115-2928,2928,full,CASH,63305.69,APPROVED,,,,False,2026-05-14 17:38:00.769833+00:00
1634,209,REF-20241110-2964,2964,full,CASH,39104.52,APPROVED,,,,False,2026-05-14 17:38:00.879136+00:00
1635,210,REF-20241115-3000,3000,full,CASH,53731.56,APPROVED,,,,False,2026-05-14 17:38:00.988528+00:00
1636,211,REF-20241110-3036,3036,full,CASH,59613.93,APPROVED,,,,False,2026-05-14 17:38:01.098001+00:00
1637,192,REF-20241213-2353,2353,full,GCASH,31896.70,APPROVED,,,,False,2026-05-14 17:38:01.208291+00:00
1638,177,REF-20241210-1813,1813,full,GCASH,43708.35,APPROVED,,,,False,2026-05-14 17:38:01.319509+00:00
1639,208,REF-20241220-2929,2929,full,CASH,60915.89,APPROVED,,,,False,2026-05-14 17:38:01.430597+00:00
1640,200,REF-20241215-2641,2641,full,GCASH,48616.94,APPROVED,,,,False,2026-05-14 17:38:01.540981+00:00
1641,185,REF-20241210-2101,2101,full,CASH,56068.75,APPROVED,,,,False,2026-05-14 17:38:01.650679+00:00
1642,197,REF-20241217-2533,2533,full,CASH,44308.69,APPROVED,,,,False,2026-05-14 17:38:01.762547+00:00
1643,175,REF-20241215-1741,1741,full,CASH,45267.06,APPROVED,,,,False,2026-05-14 17:38:01.872735+00:00
1644,206,REF-20241215-2857,2857,full,GCASH,44759.23,APPROVED,,,,False,2026-05-14 17:38:01.982067+00:00
1645,195,REF-20241215-2461,2461,full,CASH,66170.51,APPROVED,,,,False,2026-05-14 17:38:02.092190+00:00
1646,211,REF-20241210-3037,3037,full,GCASH,57980.70,APPROVED,,,,False,2026-05-14 17:38:02.201588+00:00
1647,199,REF-20241205-2605,2605,full,GCASH,33305.60,APPROVED,,,,False,2026-05-14 17:38:02.314941+00:00
1648,190,REF-20241212-2281,2281,full,CASH,64708.09,APPROVED,,,,False,2026-05-14 17:38:02.423888+00:00
1649,176,REF-20250205-1777,1777,full,CASH,43305.30,APPROVED,,,,False,2026-05-14 17:38:02.534338+00:00
1650,201,REF-20241205-2677,2677,full,CASH,83295.28,APPROVED,,,,False,2026-05-14 17:38:02.645363+00:00
1651,209,REF-20241210-2965,2965,full,CASH,37068.90,APPROVED,,,,False,2026-05-14 17:38:02.756164+00:00
1652,210,REF-20241215-3001,3001,full,GCASH,52237.11,APPROVED,,,,False,2026-05-14 17:38:02.866761+00:00
1653,187,REF-20241210-2173,2173,full,CASH,74380.20,APPROVED,,,,False,2026-05-14 17:38:02.978948+00:00
1654,174,REF-20241210-1705,1705,full,CASH,43842.40,APPROVED,,,,False,2026-05-14 17:38:03.089782+00:00
1655,173,REF-20241210-1669,1669,full,GCASH,82513.95,APPROVED,,,,False,2026-05-14 17:38:03.201585+00:00
1656,182,REF-20241210-1993,1993,full,CASH,53544.10,APPROVED,,,,False,2026-05-14 17:38:03.310999+00:00
1657,203,REF-20241215-2749,2749,full,CASH,39330.50,APPROVED,,,,False,2026-05-14 17:38:03.420971+00:00
1658,186,REF-20241216-2137,2137,full,CASH,63417.55,APPROVED,,,,False,2026-05-14 17:38:03.531559+00:00
1659,198,REF-20241210-2569,2569,full,CASH,70472.60,APPROVED,,,,False,2026-05-14 17:38:03.641692+00:00
1660,204,REF-20241215-2785,2785,full,CASH,36236.38,APPROVED,,,,False,2026-05-14 17:38:03.750870+00:00
1661,184,REF-20241215-2065,2065,full,GCASH,55464.61,APPROVED,,,,False,2026-05-14 17:38:03.862592+00:00
1662,196,REF-20241210-2497,2497,full,CASH,31185.00,APPROVED,,,,False,2026-05-14 17:38:03.974432+00:00
1663,178,REF-20241205-1849,1849,full,GCASH,42740.44,APPROVED,,,,False,2026-05-14 17:38:04.087128+00:00
1664,181,REF-20241205-1957,1957,full,CASH,30270.72,APPROVED,,,,False,2026-05-14 17:38:04.196306+00:00
1665,202,REF-20241210-2713,2713,full,GCASH,54312.55,APPROVED,,,,False,2026-05-14 17:38:04.307805+00:00
1666,180,REF-20241210-1921,1921,full,CASH,31197.15,APPROVED,,,,False,2026-05-14 17:38:04.416767+00:00
1667,189,REF-20241216-2245,2245,full,CASH,28225.35,APPROVED,,,,False,2026-05-14 17:38:04.526026+00:00
1668,183,REF-20241215-2029,2029,full,CASH,67442.06,APPROVED,,,,False,2026-05-14 17:38:04.635661+00:00
1669,191,REF-20241216-2317,2317,full,GCASH,52507.39,APPROVED,,,,False,2026-05-14 17:38:04.745398+00:00
1670,188,REF-20241205-2209,2209,full,CASH,45334.72,APPROVED,,,,False,2026-05-14 17:38:04.854289+00:00
1671,194,REF-20241214-2425,2425,full,GCASH,51342.00,APPROVED,,,,False,2026-05-14 17:38:04.963619+00:00
1672,179,REF-20241214-1885,1885,full,GCASH,73462.70,APPROVED,,,,False,2026-05-14 17:38:05.074171+00:00
1673,193,REF-20241210-2389,2389,full,CASH,61850.50,APPROVED,,,,False,2026-05-14 17:38:05.187015+00:00
1674,207,REF-20241210-2893,2893,full,CASH,41616.50,APPROVED,,,,False,2026-05-14 17:38:05.296144+00:00
1675,205,REF-20241205-2821,2821,full,GCASH,28656.00,APPROVED,,,,False,2026-05-14 17:38:05.409301+00:00
1676,188,REF-20250106-2210,2210,full,GCASH,43503.97,APPROVED,,,,False,2026-05-14 17:38:05.518680+00:00
1677,204,REF-20250115-2786,2786,full,CASH,35353.90,APPROVED,,,,False,2026-05-14 17:38:05.627739+00:00
1678,181,REF-20250105-1958,1958,full,CASH,29417.07,APPROVED,,,,False,2026-05-14 17:38:05.742291+00:00
1679,182,REF-20250110-1994,1994,full,GCASH,51183.73,APPROVED,,,,False,2026-05-14 17:38:05.851777+00:00
1680,201,REF-20250113-2678,2678,full,GCASH,77599.93,APPROVED,,,,False,2026-05-14 17:38:05.962104+00:00
1681,187,REF-20250105-2174,2174,full,GCASH,72007.80,APPROVED,,,,False,2026-05-14 17:38:06.075251+00:00
1682,198,REF-20250110-2570,2570,full,GCASH,67934.45,APPROVED,,,,False,2026-05-14 17:38:06.183880+00:00
1683,203,REF-20250115-2750,2750,full,GCASH,37736.90,APPROVED,,,,False,2026-05-14 17:38:06.292772+00:00
1684,191,REF-20250115-2318,2318,full,GCASH,50910.85,APPROVED,,,,False,2026-05-14 17:38:06.402594+00:00
1685,174,REF-20250110-1706,1706,full,CASH,43603.96,APPROVED,,,,False,2026-05-14 17:38:06.511151+00:00
1686,194,REF-20250110-2426,2426,full,GCASH,50483.58,APPROVED,,,,False,2026-05-14 17:38:06.620850+00:00
1687,185,REF-20250110-2102,2102,full,CASH,53660.50,APPROVED,,,,False,2026-05-14 17:38:06.729595+00:00
1688,173,REF-20250110-1670,1670,full,CASH,79050.75,APPROVED,,,,False,2026-05-14 17:38:06.839801+00:00
1689,175,REF-20250115-1742,1742,full,GCASH,42930.30,APPROVED,,,,False,2026-05-14 17:38:06.949538+00:00
1690,209,REF-20250110-2966,2966,full,GCASH,36400.38,APPROVED,,,,False,2026-05-14 17:38:07.059630+00:00
1691,176,REF-20250115-1778,1778,full,GCASH,41628.96,APPROVED,,,,False,2026-05-14 17:38:07.169384+00:00
1692,199,REF-20250105-2606,2606,full,GCASH,32621.75,APPROVED,,,,False,2026-05-14 17:38:07.278962+00:00
1693,190,REF-20250105-2282,2282,full,CASH,62401.24,APPROVED,,,,False,2026-05-14 17:38:07.388467+00:00
1694,195,REF-20250115-2462,2462,full,GCASH,64251.65,APPROVED,,,,False,2026-05-14 17:38:07.499317+00:00
1695,200,REF-20250115-2642,2642,full,CASH,46740.20,APPROVED,,,,False,2026-05-14 17:38:07.608433+00:00
1696,193,REF-20250110-2390,2390,full,CASH,58924.93,APPROVED,,,,False,2026-05-14 17:38:07.727538+00:00
1697,208,REF-20250115-2930,2930,full,CASH,58712.45,APPROVED,,,,False,2026-05-14 17:38:07.838327+00:00
1698,184,REF-20250115-2066,2066,full,CASH,53156.80,APPROVED,,,,False,2026-05-14 17:38:07.947919+00:00
1699,177,REF-20250110-1814,1814,full,CASH,42396.69,APPROVED,,,,False,2026-05-14 17:38:08.056560+00:00
1700,183,REF-20250115-2030,2030,full,CASH,64847.30,APPROVED,,,,False,2026-05-14 17:38:08.166281+00:00
1701,207,REF-20250110-2894,2894,full,GCASH,40146.11,APPROVED,,,,False,2026-05-14 17:38:08.276896+00:00
1702,189,REF-20250112-2246,2246,full,GCASH,27098.55,APPROVED,,,,False,2026-05-14 17:38:08.387007+00:00
1703,211,REF-20250110-3038,3038,full,CASH,57026.07,APPROVED,,,,False,2026-05-14 17:38:08.501308+00:00
1704,196,REF-20250111-2498,2498,full,CASH,30628.98,APPROVED,,,,False,2026-05-14 17:38:08.610307+00:00
1705,178,REF-20250105-1850,1850,full,GCASH,39434.14,APPROVED,,,,False,2026-05-14 17:38:08.720020+00:00
1706,186,REF-20250119-2138,2138,full,CASH,60253.30,APPROVED,,,,False,2026-05-14 17:38:08.830782+00:00
1707,206,REF-20250122-2858,2858,full,GCASH,44009.95,APPROVED,,,,False,2026-05-14 17:38:08.940700+00:00
1708,179,REF-20250112-1886,1886,full,CASH,71093.48,APPROVED,,,,False,2026-05-14 17:38:09.050792+00:00
1709,202,REF-20250116-2714,2714,full,GCASH,53403.61,APPROVED,,,,False,2026-05-14 17:38:09.160226+00:00
1710,192,REF-20250117-2354,2354,full,CASH,31932.13,APPROVED,,,,False,2026-05-14 17:38:09.269534+00:00
1711,197,REF-20250115-2534,2534,full,CASH,43531.15,APPROVED,,,,False,2026-05-14 17:38:09.379236+00:00
1712,210,REF-20250115-3002,3002,full,GCASH,50278.35,APPROVED,,,,False,2026-05-14 17:38:09.489669+00:00
1713,205,REF-20250105-2822,2822,full,GCASH,27504.45,APPROVED,,,,False,2026-05-14 17:38:09.599717+00:00
1714,180,REF-20250110-1922,1922,full,CASH,29902.23,APPROVED,,,,False,2026-05-14 17:38:09.708366+00:00
1715,202,REF-20250215-2715,2715,full,CASH,50982.91,APPROVED,,,,False,2026-05-14 17:38:09.819283+00:00
1716,208,REF-20250215-2931,2931,full,GCASH,55199.00,APPROVED,,,,False,2026-05-14 17:38:09.929155+00:00
1717,210,REF-20250215-3003,3003,full,CASH,47425.35,APPROVED,,,,False,2026-05-14 17:38:10.038614+00:00
1718,174,REF-20250210-1707,1707,full,CASH,40549.66,APPROVED,,,,False,2026-05-14 17:38:10.148068+00:00
1719,183,REF-20250215-2031,2031,full,CASH,63039.80,APPROVED,,,,False,2026-05-14 17:38:10.257536+00:00
1720,205,REF-20250205-2823,2823,full,CASH,27776.25,APPROVED,,,,False,2026-05-14 17:38:10.369184+00:00
1721,177,REF-20250407-1815,1815,full,CASH,40573.74,APPROVED,,,,False,2026-05-14 17:38:10.480529+00:00
1722,211,REF-20250318-3039,3039,full,GCASH,53684.37,APPROVED,,,,False,2026-05-14 17:38:10.590178+00:00
1723,201,REF-20250205-2679,2679,full,GCASH,76073.86,APPROVED,,,,False,2026-05-14 17:38:10.706917+00:00
1724,207,REF-20250210-2895,2895,full,CASH,38486.21,APPROVED,,,,False,2026-05-14 17:38:10.816466+00:00
1725,204,REF-20250222-2787,2787,full,GCASH,34495.15,APPROVED,,,,False,2026-05-14 17:38:10.927170+00:00
1726,194,REF-20250212-2427,2427,full,CASH,48139.98,APPROVED,,,,False,2026-05-14 17:38:11.038088+00:00
1727,203,REF-20250215-2751,2751,full,GCASH,37335.65,APPROVED,,,,False,2026-05-14 17:38:11.148874+00:00
1728,184,REF-20250215-2067,2067,full,GCASH,50107.00,APPROVED,,,,False,2026-05-14 17:38:11.258486+00:00
1729,189,REF-20250212-2247,2247,full,GCASH,26274.60,APPROVED,,,,False,2026-05-14 17:38:11.369060+00:00
1730,182,REF-20250210-1995,1995,full,CASH,48755.83,APPROVED,,,,False,2026-05-14 17:38:11.478891+00:00
1731,191,REF-20250220-2319,2319,full,GCASH,47313.40,APPROVED,,,,False,2026-05-14 17:38:11.591259+00:00
1732,197,REF-20250222-2535,2535,full,CASH,40851.25,APPROVED,,,,False,2026-05-14 17:38:11.706393+00:00
1733,196,REF-20250408-2499,2499,full,GCASH,28590.93,APPROVED,,,,False,2026-05-14 17:38:11.815743+00:00
1734,198,REF-20250213-2571,2571,full,GCASH,65173.40,APPROVED,,,,False,2026-05-14 17:38:11.925861+00:00
1735,185,REF-20250210-2103,2103,full,CASH,51289.75,APPROVED,,,,False,2026-05-14 17:38:12.038155+00:00
1736,180,REF-20250210-1923,1923,full,GCASH,29137.23,APPROVED,,,,False,2026-05-14 17:38:12.148303+00:00
1737,178,REF-20250205-1851,1851,full,GCASH,38575.33,APPROVED,,,,False,2026-05-14 17:38:12.258875+00:00
1738,187,REF-20250205-2175,2175,full,GCASH,69873.90,APPROVED,,,,False,2026-05-14 17:38:12.369661+00:00
1739,206,REF-20250215-2859,2859,full,CASH,41303.05,APPROVED,,,,False,2026-05-14 17:38:12.483651+00:00
1740,192,REF-20250325-2355,2355,full,GCASH,30173.83,APPROVED,,,,False,2026-05-14 17:38:12.596087+00:00
1741,186,REF-20250215-2139,2139,full,GCASH,57474.85,APPROVED,,,,False,2026-05-14 17:38:12.706899+00:00
1742,179,REF-20250210-1887,1887,full,CASH,68458.43,APPROVED,,,,False,2026-05-14 17:38:12.817201+00:00
1743,175,REF-20250215-1743,1743,full,GCASH,42150.90,APPROVED,,,,False,2026-05-14 17:38:12.927202+00:00
1744,199,REF-20250205-2607,2607,full,CASH,31211.75,APPROVED,,,,False,2026-05-14 17:38:13.036467+00:00
1745,209,REF-20250210-2967,2967,full,GCASH,35319.93,APPROVED,,,,False,2026-05-14 17:38:13.147896+00:00
1746,176,REF-20250210-1779,1779,full,GCASH,39942.36,APPROVED,,,,False,2026-05-14 17:38:13.256890+00:00
1747,200,REF-20250215-2643,2643,full,CASH,44588.45,APPROVED,,,,False,2026-05-14 17:38:13.366467+00:00
1748,190,REF-20250205-2283,2283,full,GCASH,59660.53,APPROVED,,,,False,2026-05-14 17:38:13.476769+00:00
1749,173,REF-20250210-1671,1671,full,CASH,75533.55,APPROVED,,,,False,2026-05-14 17:38:13.585774+00:00
1750,193,REF-20250308-2391,2391,full,CASH,56593.78,APPROVED,,,,False,2026-05-14 17:38:13.695659+00:00
1751,188,REF-20250205-2211,2211,full,GCASH,41362.39,APPROVED,,,,False,2026-05-14 17:38:13.807525+00:00
1752,195,REF-20250215-2463,2463,full,CASH,62045.45,APPROVED,,,,False,2026-05-14 17:38:13.917395+00:00
1753,181,REF-20250207-1959,1959,full,GCASH,28961.04,APPROVED,,,,False,2026-05-14 17:38:14.027050+00:00
1754,202,REF-20250316-2716,2716,full,CASH,47333.02,APPROVED,,,,False,2026-05-14 17:38:14.137443+00:00
1755,210,REF-20250315-3004,3004,full,GCASH,45831.09,APPROVED,,,,False,2026-05-14 17:38:14.247469+00:00
1756,206,REF-20250315-2860,2860,full,CASH,40094.77,APPROVED,,,,False,2026-05-14 17:38:14.357232+00:00
1757,183,REF-20250315-2032,2032,full,GCASH,60823.04,APPROVED,,,,False,2026-05-14 17:38:14.467230+00:00
1758,176,REF-20250317-1780,1780,full,GCASH,38715.12,APPROVED,,,,False,2026-05-14 17:38:14.576819+00:00
1759,205,REF-20250305-2824,2824,full,CASH,26550.90,APPROVED,,,,False,2026-05-14 17:38:14.687221+00:00
1760,190,REF-20250306-2284,2284,full,CASH,57691.57,APPROVED,,,,False,2026-05-14 17:38:14.796706+00:00
1761,201,REF-20250305-2680,2680,full,CASH,73521.79,APPROVED,,,,False,2026-05-14 17:38:14.907880+00:00
1762,187,REF-20250305-2176,2176,full,GCASH,66395.85,APPROVED,,,,False,2026-05-14 17:38:15.016880+00:00
1763,174,REF-20250310-1708,1708,full,GCASH,39929.17,APPROVED,,,,False,2026-05-14 17:38:15.126222+00:00
1764,177,REF-20250310-1816,1816,full,GCASH,38482.23,APPROVED,,,,False,2026-05-14 17:38:15.236555+00:00
1765,192,REF-20250429-2356,2356,full,CASH,28690.51,APPROVED,,,,False,2026-05-14 17:38:15.346178+00:00
1766,180,REF-20250310-1924,1924,full,CASH,27064.26,APPROVED,,,,False,2026-05-14 17:38:15.455314+00:00
1767,207,REF-20250310-2896,2896,full,CASH,36421.82,APPROVED,,,,False,2026-05-14 17:38:15.564194+00:00
1768,188,REF-20250305-2212,2212,full,CASH,39659.56,APPROVED,,,,False,2026-05-14 17:38:15.673665+00:00
1769,179,REF-20250310-1888,1888,full,CASH,65423.66,APPROVED,,,,False,2026-05-14 17:38:15.782655+00:00
1770,194,REF-20250310-2428,2428,full,CASH,46064.31,APPROVED,,,,False,2026-05-14 17:38:15.891884+00:00
1771,173,REF-20250310-1672,1672,full,GCASH,72937.50,APPROVED,,,,False,2026-05-14 17:38:16.001431+00:00
1772,184,REF-20250315-2068,2068,full,CASH,49216.69,APPROVED,,,,False,2026-05-14 17:38:16.112443+00:00
1773,186,REF-20250315-2140,2140,full,CASH,56099.80,APPROVED,,,,False,2026-05-14 17:38:16.222683+00:00
1774,204,REF-20250402-2788,2788,full,GCASH,31882.87,APPROVED,,,,False,2026-05-14 17:38:16.332502+00:00
1775,189,REF-20250315-2248,2248,full,CASH,26188.65,APPROVED,,,,False,2026-05-14 17:38:16.442264+00:00
1776,185,REF-20250313-2104,2104,full,GCASH,50078.95,APPROVED,,,,False,2026-05-14 17:38:16.551857+00:00
1777,209,REF-20250310-2968,2968,full,CASH,32769.96,APPROVED,,,,False,2026-05-14 17:38:16.660834+00:00
1778,203,REF-20250315-2752,2752,full,GCASH,35904.95,APPROVED,,,,False,2026-05-14 17:38:16.770888+00:00
1779,175,REF-20250315-1744,1744,full,GCASH,40509.84,APPROVED,,,,False,2026-05-14 17:38:16.880464+00:00
1780,191,REF-20250315-2320,2320,full,CASH,46446.76,APPROVED,,,,False,2026-05-14 17:38:16.991081+00:00
1781,200,REF-20250315-2644,2644,full,CASH,42749.51,APPROVED,,,,False,2026-05-14 17:38:17.100602+00:00
1782,198,REF-20250310-2572,2572,full,CASH,62597.00,APPROVED,,,,False,2026-05-14 17:38:17.209355+00:00
1783,197,REF-20250315-2536,2536,full,CASH,38730.01,APPROVED,,,,False,2026-05-14 17:38:17.318348+00:00
1784,195,REF-20250317-2464,2464,full,GCASH,59113.64,APPROVED,,,,False,2026-05-14 17:38:17.427335+00:00
1785,196,REF-20250310-2500,2500,full,CASH,26918.91,APPROVED,,,,False,2026-05-14 17:38:17.536055+00:00
1786,199,REF-20250412-2608,2608,full,CASH,30031.70,APPROVED,,,,False,2026-05-14 17:38:17.644767+00:00
1787,211,REF-20250310-3040,3040,full,GCASH,51383.34,APPROVED,,,,False,2026-05-14 17:38:17.753582+00:00
1788,208,REF-20250315-2932,2932,full,GCASH,53862.71,APPROVED,,,,False,2026-05-14 17:38:17.863488+00:00
1789,182,REF-20250310-1996,1996,full,CASH,46435.51,APPROVED,,,,False,2026-05-14 17:38:17.973562+00:00
1790,193,REF-20250310-2392,2392,full,GCASH,54174.91,APPROVED,,,,False,2026-05-14 17:38:18.082674+00:00
1791,178,REF-20250305-1852,1852,full,CASH,36818.77,APPROVED,,,,False,2026-05-14 17:38:18.191743+00:00
1792,181,REF-20250305-1960,1960,full,CASH,27402.06,APPROVED,,,,False,2026-05-14 17:38:18.301444+00:00
1793,184,REF-20250415-2069,2069,full,GCASH,46621.78,APPROVED,,,,False,2026-05-14 17:38:18.410370+00:00
1794,185,REF-20250413-2105,2105,full,GCASH,47297.65,APPROVED,,,,False,2026-05-14 17:38:18.520029+00:00
1795,200,REF-20250415-2645,2645,full,GCASH,40347.62,APPROVED,,,,False,2026-05-14 17:38:18.629262+00:00
1796,173,REF-20250501-1673,1673,full,GCASH,70310.85,APPROVED,,,,False,2026-05-14 17:38:18.737995+00:00
1797,210,REF-20250415-3005,3005,full,CASH,43536.18,APPROVED,,,,False,2026-05-14 17:38:18.848188+00:00
1798,193,REF-20250410-2393,2393,full,CASH,52351.39,APPROVED,,,,False,2026-05-14 17:38:18.958101+00:00
1799,191,REF-20250415-2321,2321,full,CASH,44671.57,APPROVED,,,,False,2026-05-14 17:38:19.067949+00:00
1800,194,REF-20250410-2429,2429,full,GCASH,44342.34,APPROVED,,,,False,2026-05-14 17:38:19.177061+00:00
1801,174,REF-20250417-1709,1709,full,CASH,37698.13,APPROVED,,,,False,2026-05-14 17:38:19.287422+00:00
1802,209,REF-20250410-2969,2969,full,CASH,32503.29,APPROVED,,,,False,2026-05-14 17:38:19.396764+00:00
1803,175,REF-20250417-1745,1745,full,CASH,39638.28,APPROVED,,,,False,2026-05-14 17:38:19.505744+00:00
1804,190,REF-20250410-2285,2285,full,CASH,54908.62,APPROVED,,,,False,2026-05-14 17:38:19.615186+00:00
1805,195,REF-20250415-2465,2465,full,GCASH,56315.03,APPROVED,,,,False,2026-05-14 17:38:19.725704+00:00
1806,208,REF-20250423-2933,2933,full,GCASH,51077.87,APPROVED,,,,False,2026-05-14 17:38:19.835644+00:00
1807,176,REF-20250411-1781,1781,full,GCASH,38097.18,APPROVED,,,,False,2026-05-14 17:38:19.945427+00:00
1808,207,REF-20250410-2897,2897,full,CASH,35102.18,APPROVED,,,,False,2026-05-14 17:38:20.055310+00:00
1809,177,REF-20250413-1817,1817,full,CASH,37787.97,APPROVED,,,,False,2026-05-14 17:38:20.164342+00:00
1810,189,REF-20250410-2249,2249,full,CASH,25398.00,APPROVED,,,,False,2026-05-14 17:38:20.273508+00:00
1811,196,REF-20250410-2501,2501,full,GCASH,26022.69,APPROVED,,,,False,2026-05-14 17:38:20.383974+00:00
1812,178,REF-20250406-1853,1853,full,CASH,34430.02,APPROVED,,,,False,2026-05-14 17:38:20.493128+00:00
1813,206,REF-20250415-2861,2861,full,GCASH,38787.94,APPROVED,,,,False,2026-05-14 17:38:20.602898+00:00
1814,179,REF-20250410-1889,1889,full,CASH,61931.24,APPROVED,,,,False,2026-05-14 17:38:20.712135+00:00
1815,188,REF-20250405-2213,2213,full,GCASH,37868.86,APPROVED,,,,False,2026-05-14 17:38:20.822329+00:00
1816,205,REF-20250405-2825,2825,full,GCASH,25078.95,APPROVED,,,,False,2026-05-14 17:38:20.932323+00:00
1817,197,REF-20250415-2537,2537,full,GCASH,36850.42,APPROVED,,,,False,2026-05-14 17:38:21.042429+00:00
1818,180,REF-20250410-1925,1925,full,CASH,27107.19,APPROVED,,,,False,2026-05-14 17:38:21.151669+00:00
1819,204,REF-20250415-2789,2789,full,CASH,31526.44,APPROVED,,,,False,2026-05-14 17:38:21.260530+00:00
1820,187,REF-20250405-2177,2177,full,CASH,63116.70,APPROVED,,,,False,2026-05-14 17:38:21.369453+00:00
1821,181,REF-20250405-1961,1961,full,GCASH,25000.41,APPROVED,,,,False,2026-05-14 17:38:21.479028+00:00
1822,198,REF-20250410-2573,2573,full,GCASH,60127.70,APPROVED,,,,False,2026-05-14 17:38:21.588386+00:00
1823,192,REF-20250410-2357,2357,full,GCASH,27492.04,APPROVED,,,,False,2026-05-14 17:38:21.699168+00:00
1824,203,REF-20250421-2753,2753,full,CASH,33068.45,APPROVED,,,,False,2026-05-14 17:38:21.809039+00:00
1825,182,REF-20250410-1997,1997,full,CASH,44907.19,APPROVED,,,,False,2026-05-14 17:38:21.918859+00:00
1826,202,REF-20250410-2717,2717,full,CASH,46058.23,APPROVED,,,,False,2026-05-14 17:38:22.028801+00:00
1827,186,REF-20250415-2141,2141,full,CASH,52813.15,APPROVED,,,,False,2026-05-14 17:38:22.138319+00:00
1828,211,REF-20250410-3041,3041,full,CASH,49962.51,APPROVED,,,,False,2026-05-14 17:38:22.248424+00:00
1829,199,REF-20250405-2609,2609,full,GCASH,29343.35,APPROVED,,,,False,2026-05-14 17:38:22.357900+00:00
1830,183,REF-20250415-2033,2033,full,CASH,57506.03,APPROVED,,,,False,2026-05-14 17:38:22.467695+00:00
1831,201,REF-20250405-2681,2681,full,CASH,69323.14,APPROVED,,,,False,2026-05-14 17:38:22.577248+00:00
1832,182,REF-20250510-1998,1998,full,GCASH,42193.54,APPROVED,,,,False,2026-05-14 17:38:22.687729+00:00
1833,202,REF-20250513-2718,2718,full,GCASH,42980.08,APPROVED,,,,False,2026-05-14 17:38:22.796839+00:00
1834,210,REF-20250521-3006,3006,full,GCASH,42062.97,APPROVED,,,,False,2026-05-14 17:38:22.907096+00:00
1835,197,REF-20250515-2538,2538,full,GCASH,36482.38,APPROVED,,,,False,2026-05-14 17:38:23.017367+00:00
1836,188,REF-20250701-2214,2214,full,CASH,35817.73,APPROVED,,,,False,2026-05-14 17:38:23.126714+00:00
1837,205,REF-20250505-2826,2826,full,CASH,24005.70,APPROVED,,,,False,2026-05-14 17:38:23.236810+00:00
1838,192,REF-20250522-2358,2358,full,CASH,26287.24,APPROVED,,,,False,2026-05-14 17:38:23.346378+00:00
1839,186,REF-20250515-2142,2142,full,GCASH,50236.15,APPROVED,,,,False,2026-05-14 17:38:23.456104+00:00
1840,173,REF-20250510-1674,1674,full,GCASH,65719.05,APPROVED,,,,False,2026-05-14 17:38:23.565738+00:00
1841,179,REF-20250510-1890,1890,full,GCASH,59320.49,APPROVED,,,,False,2026-05-14 17:38:23.674336+00:00
1842,178,REF-20250505-1854,1854,full,CASH,34559.86,APPROVED,,,,False,2026-05-14 17:38:23.783900+00:00
1843,206,REF-20250515-2862,2862,full,CASH,36712.06,APPROVED,,,,False,2026-05-14 17:38:23.892896+00:00
1844,196,REF-20250603-2502,2502,full,CASH,25853.94,APPROVED,,,,False,2026-05-14 17:38:24.003065+00:00
1845,177,REF-20250510-1818,1818,full,GCASH,36180.12,APPROVED,,,,False,2026-05-14 17:38:24.112971+00:00
1846,189,REF-20250510-2250,2250,full,CASH,23007.60,APPROVED,,,,False,2026-05-14 17:38:24.223589+00:00
1847,207,REF-20250510-2898,2898,full,CASH,33769.88,APPROVED,,,,False,2026-05-14 17:38:24.332802+00:00
1848,176,REF-20250510-1782,1782,full,CASH,35496.63,APPROVED,,,,False,2026-05-14 17:38:24.442074+00:00
1849,195,REF-20250515-2466,2466,full,CASH,54665.72,APPROVED,,,,False,2026-05-14 17:38:24.551842+00:00
1850,211,REF-20250606-3042,3042,full,GCASH,47613.51,APPROVED,,,,False,2026-05-14 17:38:24.661333+00:00
1851,208,REF-20250605-2934,2934,full,GCASH,49019.33,APPROVED,,,,False,2026-05-14 17:38:24.771766+00:00
1852,190,REF-20250505-2286,2286,full,CASH,51864.16,APPROVED,,,,False,2026-05-14 17:38:24.880913+00:00
1853,175,REF-20250515-1746,1746,full,GCASH,36350.67,APPROVED,,,,False,2026-05-14 17:38:24.990921+00:00
1854,209,REF-20250510-2970,2970,full,GCASH,30458.94,APPROVED,,,,False,2026-05-14 17:38:25.100026+00:00
1855,185,REF-20250516-2106,2106,full,CASH,45498.40,APPROVED,,,,False,2026-05-14 17:38:25.209643+00:00
1856,199,REF-20250505-2610,2610,full,CASH,27347.00,APPROVED,,,,False,2026-05-14 17:38:25.319170+00:00
1857,174,REF-20250510-1710,1710,full,CASH,35310.28,APPROVED,,,,False,2026-05-14 17:38:25.428649+00:00
1858,200,REF-20250607-2646,2646,full,CASH,39041.93,APPROVED,,,,False,2026-05-14 17:38:25.538278+00:00
1859,183,REF-20250515-2034,2034,full,CASH,55099.82,APPROVED,,,,False,2026-05-14 17:38:25.647925+00:00
1860,201,REF-20250505-2682,2682,full,GCASH,66110.02,APPROVED,,,,False,2026-05-14 17:38:25.756975+00:00
1861,184,REF-20250515-2070,2070,full,CASH,44181.22,APPROVED,,,,False,2026-05-14 17:38:25.867816+00:00
1862,193,REF-20250510-2394,2394,full,CASH,49639.09,APPROVED,,,,False,2026-05-14 17:38:25.977244+00:00
1863,194,REF-20250517-2430,2430,full,CASH,42298.89,APPROVED,,,,False,2026-05-14 17:38:26.086824+00:00
1864,198,REF-20250604-2574,2574,full,CASH,56154.80,APPROVED,,,,False,2026-05-14 17:38:26.197121+00:00
1865,203,REF-20250515-2754,2754,full,GCASH,32944.55,APPROVED,,,,False,2026-05-14 17:38:26.307635+00:00
1866,181,REF-20250510-1962,1962,full,CASH,25210.38,APPROVED,,,,False,2026-05-14 17:38:26.416603+00:00
1867,187,REF-20250505-2178,2178,full,GCASH,60391.50,APPROVED,,,,False,2026-05-14 17:38:26.526696+00:00
1868,204,REF-20250515-2790,2790,full,GCASH,31061.11,APPROVED,,,,False,2026-05-14 17:38:26.635886+00:00
1869,180,REF-20250510-1926,1926,full,CASH,25159.14,APPROVED,,,,False,2026-05-14 17:38:26.747128+00:00
1870,191,REF-20250515-2322,2322,full,CASH,42687.58,APPROVED,,,,False,2026-05-14 17:38:26.857233+00:00
1871,209,REF-20250610-2971,2971,full,CASH,29217.57,APPROVED,,,,False,2026-05-14 17:38:26.967254+00:00
1872,193,REF-20250612-2395,2395,full,GCASH,47873.17,APPROVED,,,,False,2026-05-14 17:38:27.077626+00:00
1873,191,REF-20250615-2323,2323,full,CASH,40554.88,APPROVED,,,,False,2026-05-14 17:38:27.187323+00:00
1874,194,REF-20250610-2431,2431,full,CASH,40125.12,APPROVED,,,,False,2026-05-14 17:38:27.297638+00:00
1875,190,REF-20250606-2287,2287,full,GCASH,50067.10,APPROVED,,,,False,2026-05-14 17:38:27.407231+00:00
1876,195,REF-20250615-2467,2467,full,GCASH,51132.02,APPROVED,,,,False,2026-05-14 17:38:27.516553+00:00
1877,189,REF-20250610-2251,2251,full,CASH,21789.90,APPROVED,,,,False,2026-05-14 17:38:27.625069+00:00
1878,196,REF-20250610-2503,2503,full,GCASH,23695.02,APPROVED,,,,False,2026-05-14 17:38:27.735967+00:00
1879,188,REF-20250605-2215,2215,full,GCASH,34993.30,APPROVED,,,,False,2026-05-14 17:38:27.845193+00:00
1880,197,REF-20250615-2539,2539,full,CASH,33989.68,APPROVED,,,,False,2026-05-14 17:38:27.954527+00:00
1881,187,REF-20250605-2179,2179,full,CASH,56625.00,APPROVED,,,,False,2026-05-14 17:38:28.063886+00:00
1882,198,REF-20250613-2575,2575,full,CASH,54753.35,APPROVED,,,,False,2026-05-14 17:38:28.173363+00:00
1883,186,REF-20250618-2143,2143,full,GCASH,47761.45,APPROVED,,,,False,2026-05-14 17:38:28.283410+00:00
1884,199,REF-20250605-2611,2611,full,GCASH,26027.45,APPROVED,,,,False,2026-05-14 17:38:28.393377+00:00
1885,185,REF-20250616-2107,2107,full,CASH,43586.50,APPROVED,,,,False,2026-05-14 17:38:28.502280+00:00
1886,200,REF-20250615-2647,2647,full,GCASH,37629.98,APPROVED,,,,False,2026-05-14 17:38:28.611585+00:00
1887,184,REF-20250615-2071,2071,full,CASH,42208.72,APPROVED,,,,False,2026-05-14 17:38:28.720935+00:00
1888,211,REF-20250610-3043,3043,full,CASH,44364.78,APPROVED,,,,False,2026-05-14 17:38:28.829987+00:00
1889,201,REF-20250605-2683,2683,full,GCASH,63193.45,APPROVED,,,,False,2026-05-14 17:38:28.940020+00:00
1890,183,REF-20250615-2035,2035,full,CASH,51884.72,APPROVED,,,,False,2026-05-14 17:38:29.049172+00:00
1891,202,REF-20250610-2719,2719,full,GCASH,41051.89,APPROVED,,,,False,2026-05-14 17:38:29.159161+00:00
1892,182,REF-20250610-1999,1999,full,CASH,40700.77,APPROVED,,,,False,2026-05-14 17:38:29.269395+00:00
1893,203,REF-20250615-2755,2755,full,CASH,30044.90,APPROVED,,,,False,2026-05-14 17:38:29.379132+00:00
1894,181,REF-20250605-1963,1963,full,CASH,23586.60,APPROVED,,,,False,2026-05-14 17:38:29.488499+00:00
1895,204,REF-20250615-2791,2791,full,GCASH,29351.86,APPROVED,,,,False,2026-05-14 17:38:29.598672+00:00
1896,180,REF-20250610-1927,1927,full,CASH,24443.82,APPROVED,,,,False,2026-05-14 17:38:29.708074+00:00
1897,179,REF-20250610-1891,1891,full,GCASH,57223.07,APPROVED,,,,False,2026-05-14 17:38:29.817342+00:00
1898,205,REF-20250605-2827,2827,full,GCASH,23492.25,APPROVED,,,,False,2026-05-14 17:38:29.926119+00:00
1899,178,REF-20250605-1855,1855,full,CASH,32573.35,APPROVED,,,,False,2026-05-14 17:38:30.034795+00:00
1900,206,REF-20250615-2863,2863,full,GCASH,34673.86,APPROVED,,,,False,2026-05-14 17:38:30.143953+00:00
1901,177,REF-20250610-1819,1819,full,GCASH,33764.16,APPROVED,,,,False,2026-05-14 17:38:30.253906+00:00
1902,207,REF-20250615-2899,2899,full,CASH,31652.84,APPROVED,,,,False,2026-05-14 17:38:30.363507+00:00
1903,176,REF-20250610-1783,1783,full,CASH,33711.84,APPROVED,,,,False,2026-05-14 17:38:30.472963+00:00
1904,208,REF-20250622-2935,2935,full,CASH,45640.88,APPROVED,,,,False,2026-05-14 17:38:30.583606+00:00
1905,175,REF-20250615-1747,1747,full,GCASH,35448.42,APPROVED,,,,False,2026-05-14 17:38:30.693759+00:00
1906,174,REF-20250614-1711,1711,full,CASH,34262.29,APPROVED,,,,False,2026-05-14 17:38:30.804087+00:00
1907,210,REF-20250615-3007,3007,full,CASH,39971.37,APPROVED,,,,False,2026-05-14 17:38:30.913349+00:00
1908,173,REF-20250610-1675,1675,full,GCASH,63357.45,APPROVED,,,,False,2026-05-14 17:38:31.024030+00:00
1909,192,REF-20250612-2359,2359,full,CASH,24653.62,APPROVED,,,,False,2026-05-14 17:38:31.133249+00:00
1910,181,REF-20250705-1964,1964,full,GCASH,22601.55,APPROVED,,,,False,2026-05-14 17:38:31.242770+00:00
1911,207,REF-20250710-2900,2900,full,GCASH,29996.60,APPROVED,,,,False,2026-05-14 17:38:31.352276+00:00
1912,184,REF-20250715-2072,2072,full,CASH,40510.66,APPROVED,,,,False,2026-05-14 17:38:31.461363+00:00
1913,189,REF-20250710-2252,2252,full,GCASH,21561.75,APPROVED,,,,False,2026-05-14 17:38:31.570587+00:00
1914,193,REF-20250809-2396,2396,full,GCASH,46332.70,APPROVED,,,,False,2026-05-14 17:38:31.680167+00:00
1915,177,REF-20250714-1820,1820,full,GCASH,31908.90,APPROVED,,,,False,2026-05-14 17:38:31.789892+00:00
1916,209,REF-20250710-2972,2972,full,GCASH,27690.90,APPROVED,,,,False,2026-05-14 17:38:31.899200+00:00
1917,196,REF-20250710-2504,2504,full,CASH,22992.75,APPROVED,,,,False,2026-05-14 17:38:32.009045+00:00
1918,175,REF-20250719-1748,1748,full,GCASH,33844.26,APPROVED,,,,False,2026-05-14 17:38:32.117918+00:00
1919,211,REF-20250710-3044,3044,full,GCASH,43407.90,APPROVED,,,,False,2026-05-14 17:38:32.227979+00:00
1920,194,REF-20250905-2432,2432,full,CASH,38590.80,APPROVED,,,,False,2026-05-14 17:38:32.336997+00:00
1921,186,REF-20250718-2144,2144,full,GCASH,45226.75,APPROVED,,,,False,2026-05-14 17:38:32.446570+00:00
1922,203,REF-20250801-2756,2756,full,CASH,28498.10,APPROVED,,,,False,2026-05-14 17:38:32.556876+00:00
1923,200,REF-20250715-2648,2648,full,CASH,35224.49,APPROVED,,,,False,2026-05-14 17:38:32.667230+00:00
1924,190,REF-20250705-2288,2288,full,CASH,47818.75,APPROVED,,,,False,2026-05-14 17:38:32.776684+00:00
1925,206,REF-20250715-2864,2864,full,GCASH,33564.58,APPROVED,,,,False,2026-05-14 17:38:32.886013+00:00
1926,192,REF-20250710-2360,2360,full,CASH,24240.40,APPROVED,,,,False,2026-05-14 17:38:32.995134+00:00
1927,202,REF-20250710-2720,2720,full,GCASH,40611.40,APPROVED,,,,False,2026-05-14 17:38:33.104494+00:00
1928,174,REF-20250710-1712,1712,full,GCASH,32873.65,APPROVED,,,,False,2026-05-14 17:38:33.214350+00:00
1929,185,REF-20250710-2108,2108,full,CASH,42158.35,APPROVED,,,,False,2026-05-14 17:38:33.323926+00:00
1930,208,REF-20250715-2936,2936,full,CASH,44899.49,APPROVED,,,,False,2026-05-14 17:38:33.433295+00:00
1931,178,REF-20250705-1856,1856,full,CASH,30495.10,APPROVED,,,,False,2026-05-14 17:38:33.542478+00:00
1932,198,REF-20250730-2576,2576,full,GCASH,51450.65,APPROVED,,,,False,2026-05-14 17:38:33.651745+00:00
1933,210,REF-20250715-3008,3008,full,CASH,38588.61,APPROVED,,,,False,2026-05-14 17:38:33.761515+00:00
1934,183,REF-20250715-2036,2036,full,GCASH,48870.56,APPROVED,,,,False,2026-05-14 17:38:33.870902+00:00
1935,205,REF-20250705-2828,2828,full,CASH,21249.45,APPROVED,,,,False,2026-05-14 17:38:33.979796+00:00
1936,188,REF-20250705-2216,2216,full,GCASH,32585.20,APPROVED,,,,False,2026-05-14 17:38:34.088886+00:00
1937,195,REF-20250715-2468,2468,full,GCASH,48581.36,APPROVED,,,,False,2026-05-14 17:38:34.197284+00:00
1938,182,REF-20250710-2000,2000,full,CASH,38233.75,APPROVED,,,,False,2026-05-14 17:38:34.306953+00:00
1939,197,REF-20250715-2540,2540,full,CASH,32869.69,APPROVED,,,,False,2026-05-14 17:38:34.415932+00:00
1940,173,REF-20250710-1676,1676,full,GCASH,59617.50,APPROVED,,,,False,2026-05-14 17:38:34.525371+00:00
1941,179,REF-20250710-1892,1892,full,GCASH,53479.10,APPROVED,,,,False,2026-05-14 17:38:34.634479+00:00
1942,199,REF-20250705-2612,2612,full,CASH,25578.95,APPROVED,,,,False,2026-05-14 17:38:34.743958+00:00
1943,201,REF-20250705-2684,2684,full,GCASH,59616.70,APPROVED,,,,False,2026-05-14 17:38:34.853056+00:00
1944,204,REF-20250715-2792,2792,full,GCASH,27693.58,APPROVED,,,,False,2026-05-14 17:38:34.961884+00:00
1945,180,REF-20250710-1928,1928,full,CASH,23256.45,APPROVED,,,,False,2026-05-14 17:38:35.070236+00:00
1946,176,REF-20250710-1784,1784,full,CASH,32814.90,APPROVED,,,,False,2026-05-14 17:38:35.179964+00:00
1947,191,REF-20250715-2324,2324,full,GCASH,37576.84,APPROVED,,,,False,2026-05-14 17:38:35.289926+00:00
1948,187,REF-20250705-2180,2180,full,CASH,54220.20,APPROVED,,,,False,2026-05-14 17:38:35.399621+00:00
1949,207,REF-20250813-2901,2901,full,GCASH,28134.65,APPROVED,,,,False,2026-05-14 17:38:35.509295+00:00
1950,203,REF-20250815-2757,2757,full,CASH,27051.20,APPROVED,,,,False,2026-05-14 17:38:35.618078+00:00
1951,193,REF-20250810-2397,2397,full,GCASH,41684.95,APPROVED,,,,False,2026-05-14 17:38:35.727277+00:00
1952,181,REF-20250807-1965,1965,full,GCASH,21562.32,APPROVED,,,,False,2026-05-14 17:38:35.836889+00:00
1953,211,REF-20250810-3045,3045,full,CASH,40993.20,APPROVED,,,,False,2026-05-14 17:38:35.945964+00:00
1954,198,REF-20250815-2577,2577,full,CASH,48114.95,APPROVED,,,,False,2026-05-14 17:38:36.054413+00:00
1955,173,REF-20250810-1677,1677,full,CASH,56048.55,APPROVED,,,,False,2026-05-14 17:38:36.163203+00:00
1956,210,REF-20250815-3009,3009,full,GCASH,36406.20,APPROVED,,,,False,2026-05-14 17:38:36.271709+00:00
1957,191,REF-20250815-2325,2325,full,GCASH,35633.80,APPROVED,,,,False,2026-05-14 17:38:36.380286+00:00
1958,194,REF-20250814-2433,2433,full,GCASH,35281.95,APPROVED,,,,False,2026-05-14 17:38:36.490903+00:00
1959,174,REF-20250821-1713,1713,full,CASH,31064.50,APPROVED,,,,False,2026-05-14 17:38:36.601123+00:00
1960,185,REF-20250810-2109,2109,full,CASH,39122.95,APPROVED,,,,False,2026-05-14 17:38:36.709811+00:00
1961,209,REF-20250810-2973,2973,full,GCASH,26754.90,APPROVED,,,,False,2026-05-14 17:38:36.818945+00:00
1962,201,REF-20250805-2685,2685,full,GCASH,57183.43,APPROVED,,,,False,2026-05-14 17:38:36.928652+00:00
1963,175,REF-20250820-1749,1749,full,CASH,30858.60,APPROVED,,,,False,2026-05-14 17:38:37.039225+00:00
1964,190,REF-20250805-2289,2289,full,CASH,44363.44,APPROVED,,,,False,2026-05-14 17:38:37.149103+00:00
1965,208,REF-20250815-2937,2937,full,CASH,42056.60,APPROVED,,,,False,2026-05-14 17:38:37.258239+00:00
1966,184,REF-20250928-2073,2073,full,CASH,38608.75,APPROVED,,,,False,2026-05-14 17:38:37.367798+00:00
1967,183,REF-20250815-2037,2037,full,CASH,47246.90,APPROVED,,,,False,2026-05-14 17:38:37.476829+00:00
1968,199,REF-20250805-2613,2613,full,GCASH,24718.85,APPROVED,,,,False,2026-05-14 17:38:37.585928+00:00
1969,195,REF-20250821-2469,2469,full,GCASH,47749.25,APPROVED,,,,False,2026-05-14 17:38:37.695830+00:00
1970,176,REF-20250810-1785,1785,full,CASH,30922.20,APPROVED,,,,False,2026-05-14 17:38:37.805033+00:00
1971,189,REF-20250810-2253,2253,full,GCASH,19722.60,APPROVED,,,,False,2026-05-14 17:38:37.914409+00:00
1972,177,REF-20250810-1821,1821,full,CASH,30470.70,APPROVED,,,,False,2026-05-14 17:38:38.024151+00:00
1973,200,REF-20250825-2649,2649,full,CASH,33448.55,APPROVED,,,,False,2026-05-14 17:38:38.133307+00:00
1974,196,REF-20250810-2505,2505,full,CASH,22667.85,APPROVED,,,,False,2026-05-14 17:38:38.242723+00:00
1975,186,REF-20250828-2145,2145,full,CASH,42956.65,APPROVED,,,,False,2026-05-14 17:38:38.351891+00:00
1976,206,REF-20250815-2865,2865,full,CASH,31951.30,APPROVED,,,,False,2026-05-14 17:38:38.461828+00:00
1977,202,REF-20250810-2721,2721,full,CASH,37569.70,APPROVED,,,,False,2026-05-14 17:38:38.571349+00:00
1978,192,REF-20250810-2361,2361,full,GCASH,23113.90,APPROVED,,,,False,2026-05-14 17:38:38.682496+00:00
1979,178,REF-20250805-1857,1857,full,GCASH,29806.84,APPROVED,,,,False,2026-05-14 17:38:38.794760+00:00
1980,188,REF-20250805-2217,2217,full,GCASH,31512.37,APPROVED,,,,False,2026-05-14 17:38:38.904534+00:00
1981,205,REF-20250805-2829,2829,full,GCASH,19949.85,APPROVED,,,,False,2026-05-14 17:38:39.015159+00:00
1982,182,REF-20250810-2001,2001,full,CASH,35648.80,APPROVED,,,,False,2026-05-14 17:38:39.127987+00:00
1983,197,REF-20250912-2541,2541,full,CASH,31084.15,APPROVED,,,,False,2026-05-14 17:38:39.237529+00:00
1984,179,REF-20250810-1893,1893,full,GCASH,50664.05,APPROVED,,,,False,2026-05-14 17:38:39.347044+00:00
1985,204,REF-20250815-2793,2793,full,GCASH,25854.40,APPROVED,,,,False,2026-05-14 17:38:39.456729+00:00
1986,180,REF-20250810-1929,1929,full,CASH,22117.95,APPROVED,,,,False,2026-05-14 17:38:39.565707+00:00
1987,187,REF-20250805-2181,2181,full,GCASH,52130.40,APPROVED,,,,False,2026-05-14 17:38:39.676132+00:00
1988,185,REF-20250910-2110,2110,full,CASH,36408.70,APPROVED,,,,False,2026-05-14 17:38:39.785736+00:00
1989,199,REF-20250905-2614,2614,full,GCASH,22138.40,APPROVED,,,,False,2026-05-14 17:38:39.895963+00:00
1990,201,REF-20250906-2686,2686,full,CASH,53352.91,APPROVED,,,,False,2026-05-14 17:38:40.004981+00:00
1991,183,REF-20250915-2038,2038,full,CASH,43382.90,APPROVED,,,,False,2026-05-14 17:38:40.114513+00:00
1992,182,REF-20250910-2002,2002,full,GCASH,34035.88,APPROVED,,,,False,2026-05-14 17:38:40.224741+00:00
1993,186,REF-20251006-2146,2146,full,CASH,40347.85,APPROVED,,,,False,2026-05-14 17:38:40.333738+00:00
1994,202,REF-20250915-2722,2722,full,CASH,35682.91,APPROVED,,,,False,2026-05-14 17:38:40.443942+00:00
1995,181,REF-20250905-1966,1966,full,CASH,21221.04,APPROVED,,,,False,2026-05-14 17:38:40.553737+00:00
1996,198,REF-20250910-2578,2578,full,GCASH,46194.65,APPROVED,,,,False,2026-05-14 17:38:40.663038+00:00
1997,203,REF-20250915-2758,2758,full,CASH,26568.50,APPROVED,,,,False,2026-05-14 17:38:40.771826+00:00
1998,187,REF-20250905-2182,2182,full,GCASH,48420.60,APPROVED,,,,False,2026-05-14 17:38:40.883959+00:00
1999,180,REF-20250917-1930,1930,full,CASH,21010.68,APPROVED,,,,False,2026-05-14 17:38:40.993326+00:00
2000,211,REF-20250910-3046,3046,full,CASH,37311.12,APPROVED,,,,False,2026-05-14 17:38:41.102674+00:00
2001,204,REF-20251001-2794,2794,full,GCASH,23885.95,APPROVED,,,,False,2026-05-14 17:38:41.213907+00:00
2002,197,REF-20250915-2542,2542,full,GCASH,29101.75,APPROVED,,,,False,2026-05-14 17:38:41.323343+00:00
2003,179,REF-20250910-1894,1894,full,GCASH,48537.38,APPROVED,,,,False,2026-05-14 17:38:41.433558+00:00
2004,192,REF-20250910-2362,2362,full,GCASH,22175.98,APPROVED,,,,False,2026-05-14 17:38:41.545427+00:00
2005,205,REF-20250906-2830,2830,full,GCASH,19927.35,APPROVED,,,,False,2026-05-14 17:38:41.654270+00:00
2006,188,REF-20250911-2218,2218,full,CASH,29202.49,APPROVED,,,,False,2026-05-14 17:38:41.763971+00:00
2007,178,REF-20250905-1858,1858,full,CASH,27434.68,APPROVED,,,,False,2026-05-14 17:38:41.874076+00:00
2008,206,REF-20250915-2866,2866,full,CASH,30584.50,APPROVED,,,,False,2026-05-14 17:38:41.983518+00:00
2009,196,REF-20250910-2506,2506,full,CASH,20535.93,APPROVED,,,,False,2026-05-14 17:38:42.093473+00:00
2010,177,REF-20250917-1822,1822,full,GCASH,28692.84,APPROVED,,,,False,2026-05-14 17:38:42.203094+00:00
2011,189,REF-20250910-2254,2254,full,CASH,19645.65,APPROVED,,,,False,2026-05-14 17:38:42.312985+00:00
2012,207,REF-20251004-2902,2902,full,GCASH,26696.66,APPROVED,,,,False,2026-05-14 17:38:42.424117+00:00
2013,176,REF-20250921-1786,1786,full,GCASH,28737.36,APPROVED,,,,False,2026-05-14 17:38:42.533139+00:00
2014,195,REF-20250921-2470,2470,full,CASH,43339.85,APPROVED,,,,False,2026-05-14 17:38:42.643322+00:00
2015,208,REF-20250926-2938,2938,full,CASH,39343.25,APPROVED,,,,False,2026-05-14 17:38:42.752876+00:00
2016,190,REF-20250924-2290,2290,full,GCASH,42516.88,APPROVED,,,,False,2026-05-14 17:38:42.862307+00:00
2017,175,REF-20250915-1750,1750,full,GCASH,29606.25,APPROVED,,,,False,2026-05-14 17:38:42.973726+00:00
2018,209,REF-20250910-2974,2974,full,GCASH,26675.88,APPROVED,,,,False,2026-05-14 17:38:43.083363+00:00
2019,174,REF-20250910-1714,1714,full,CASH,28556.26,APPROVED,,,,False,2026-05-14 17:38:43.192247+00:00
2020,194,REF-20250910-2434,2434,full,GCASH,33552.33,APPROVED,,,,False,2026-05-14 17:38:43.302147+00:00
2021,191,REF-20251002-2326,2326,full,CASH,33632.50,APPROVED,,,,False,2026-05-14 17:38:43.412760+00:00
2022,193,REF-20250910-2398,2398,full,CASH,40672.33,APPROVED,,,,False,2026-05-14 17:38:43.524770+00:00
2023,210,REF-20250920-3010,3010,full,CASH,34491.45,APPROVED,,,,False,2026-05-14 17:38:43.635140+00:00
2024,173,REF-20250910-1678,1678,full,GCASH,53988.90,APPROVED,,,,False,2026-05-14 17:38:43.744586+00:00
2025,200,REF-20250915-2650,2650,full,CASH,32375.90,APPROVED,,,,False,2026-05-14 17:38:43.854366+00:00
2026,184,REF-20250915-2074,2074,full,CASH,36915.25,APPROVED,,,,False,2026-05-14 17:38:43.963690+00:00
2027,211,REF-20251101-3047,3047,full,CASH,36119.34,APPROVED,,,,False,2026-05-14 17:38:44.073043+00:00
2028,174,REF-20251024-1715,1715,full,GCASH,27776.02,APPROVED,,,,False,2026-05-14 17:38:44.182142+00:00
2029,202,REF-20251010-2723,2723,full,CASH,33349.72,APPROVED,,,,False,2026-05-14 17:38:44.291283+00:00
2030,207,REF-20251010-2903,2903,full,CASH,25138.52,APPROVED,,,,False,2026-05-14 17:38:44.400888+00:00
2031,210,REF-20251015-3011,3011,full,CASH,32392.29,APPROVED,,,,False,2026-05-14 17:38:44.510162+00:00
2032,190,REF-20251005-2291,2291,full,CASH,40140.73,APPROVED,,,,False,2026-05-14 17:38:44.619302+00:00
2033,183,REF-20251015-2039,2039,full,GCASH,42776.69,APPROVED,,,,False,2026-05-14 17:38:44.728715+00:00
2034,199,REF-20251005-2615,2615,full,GCASH,21089.15,APPROVED,,,,False,2026-05-14 17:38:44.837796+00:00
2035,185,REF-20251017-2111,2111,full,CASH,35528.65,APPROVED,,,,False,2026-05-14 17:38:44.947143+00:00
2036,178,REF-20251007-1859,1859,full,GCASH,26836.48,APPROVED,,,,False,2026-05-14 17:38:45.056831+00:00
2037,180,REF-20251010-1931,1931,full,GCASH,19463.76,APPROVED,,,,False,2026-05-14 17:38:45.166926+00:00
2038,205,REF-20251005-2831,2831,full,CASH,18511.65,APPROVED,,,,False,2026-05-14 17:38:45.276354+00:00
2039,208,REF-20251207-2939,2939,full,CASH,37763.51,APPROVED,,,,False,2026-05-14 17:38:45.385564+00:00
2040,193,REF-20251017-2399,2399,full,CASH,38149.96,APPROVED,,,,False,2026-05-14 17:38:45.496248+00:00
2041,182,REF-20251010-2003,2003,full,GCASH,32638.06,APPROVED,,,,False,2026-05-14 17:38:45.608008+00:00
2042,175,REF-20251015-1751,1751,full,GCASH,27488.64,APPROVED,,,,False,2026-05-14 17:38:45.719755+00:00
2043,191,REF-20251018-2327,2327,full,CASH,32959.81,APPROVED,,,,False,2026-05-14 17:38:45.829613+00:00
2044,184,REF-20251015-2075,2075,full,GCASH,34665.49,APPROVED,,,,False,2026-05-14 17:38:45.938881+00:00
2045,194,REF-20251010-2435,2435,full,CASH,32005.86,APPROVED,,,,False,2026-05-14 17:38:46.049102+00:00
2046,188,REF-20251005-2219,2219,full,GCASH,27800.14,APPROVED,,,,False,2026-05-14 17:38:46.159335+00:00
2047,203,REF-20251015-2759,2759,full,CASH,24828.20,APPROVED,,,,False,2026-05-14 17:38:46.269485+00:00
2048,187,REF-20251005-2183,2183,full,CASH,45205.35,APPROVED,,,,False,2026-05-14 17:38:46.379539+00:00
2049,177,REF-20251010-1823,1823,full,CASH,26963.13,APPROVED,,,,False,2026-05-14 17:38:46.489619+00:00
2050,200,REF-20251022-2651,2651,full,CASH,29087.96,APPROVED,,,,False,2026-05-14 17:38:46.598737+00:00
2051,196,REF-20251010-2507,2507,full,GCASH,20210.31,APPROVED,,,,False,2026-05-14 17:38:46.708374+00:00
2052,195,REF-20251015-2471,2471,full,CASH,41613.14,APPROVED,,,,False,2026-05-14 17:38:46.817997+00:00
2053,197,REF-20251015-2543,2543,full,GCASH,26464.36,APPROVED,,,,False,2026-05-14 17:38:46.927052+00:00
2054,201,REF-20251005-2687,2687,full,CASH,51193.66,APPROVED,,,,False,2026-05-14 17:38:47.036058+00:00
2055,209,REF-20251010-2975,2975,full,GCASH,23801.01,APPROVED,,,,False,2026-05-14 17:38:47.145192+00:00
2056,181,REF-20251005-1967,1967,full,CASH,18944.94,APPROVED,,,,False,2026-05-14 17:38:47.254212+00:00
2057,189,REF-20251010-2255,2255,full,CASH,18486.00,APPROVED,,,,False,2026-05-14 17:38:47.363402+00:00
2058,206,REF-20251015-2867,2867,full,CASH,28078.42,APPROVED,,,,False,2026-05-14 17:38:47.472433+00:00
2059,186,REF-20251015-2147,2147,full,GCASH,38854.00,APPROVED,,,,False,2026-05-14 17:38:47.581945+00:00
2060,204,REF-20251015-2795,2795,full,CASH,23238.82,APPROVED,,,,False,2026-05-14 17:38:47.691341+00:00
2061,179,REF-20251010-1895,1895,full,CASH,45022.01,APPROVED,,,,False,2026-05-14 17:38:47.800446+00:00
2062,176,REF-20251010-1787,1787,full,GCASH,27182.52,APPROVED,,,,False,2026-05-14 17:38:47.910495+00:00
2063,173,REF-20251010-1679,1679,full,GCASH,50191.80,APPROVED,,,,False,2026-05-14 17:38:48.022007+00:00
2064,198,REF-20251010-2579,2579,full,CASH,43848.20,APPROVED,,,,False,2026-05-14 17:38:48.131385+00:00
2065,192,REF-20251010-2363,2363,full,CASH,20581.96,APPROVED,,,,False,2026-05-14 17:38:48.240850+00:00
2066,181,REF-20251129-1968,1968,full,CASH,17153.76,APPROVED,,,,False,2026-05-14 17:38:48.349795+00:00
2067,208,REF-20251121-2940,2940,full,CASH,34742.36,APPROVED,,,,False,2026-05-14 17:38:48.460530+00:00
2068,200,REF-20251115-2652,2652,full,GCASH,27244.46,APPROVED,,,,False,2026-05-14 17:38:48.570787+00:00
2069,207,REF-20251110-2904,2904,full,CASH,23374.22,APPROVED,,,,False,2026-05-14 17:38:48.682042+00:00
2070,195,REF-20251115-2472,2472,full,GCASH,37115.54,APPROVED,,,,False,2026-05-14 17:38:48.792131+00:00
2071,176,REF-20251110-1788,1788,full,GCASH,25783.92,APPROVED,,,,False,2026-05-14 17:38:48.902011+00:00
2072,185,REF-20251110-2112,2112,full,GCASH,32048.20,APPROVED,,,,False,2026-05-14 17:38:49.013314+00:00
2073,203,REF-20251115-2760,2760,full,CASH,24164.60,APPROVED,,,,False,2026-05-14 17:38:49.122868+00:00
2074,192,REF-20251110-2364,2364,full,CASH,18412.81,APPROVED,,,,False,2026-05-14 17:38:49.234332+00:00
2075,173,REF-20251110-1680,1680,full,CASH,46846.50,APPROVED,,,,False,2026-05-14 17:38:49.343811+00:00
2076,187,REF-20251105-2184,2184,full,CASH,42813.60,APPROVED,,,,False,2026-05-14 17:38:49.452720+00:00
2077,197,REF-20251115-2544,2544,full,CASH,25495.36,APPROVED,,,,False,2026-05-14 17:38:49.563123+00:00
2078,198,REF-20251110-2580,2580,full,GCASH,40104.35,APPROVED,,,,False,2026-05-14 17:38:49.672948+00:00
2079,179,REF-20251116-1896,1896,full,CASH,41331.71,APPROVED,,,,False,2026-05-14 17:38:49.782291+00:00
2080,184,REF-20251115-2076,2076,full,GCASH,30780.94,APPROVED,,,,False,2026-05-14 17:38:49.892499+00:00
2081,210,REF-20260114-3012,3012,full,GCASH,28939.89,APPROVED,,,,False,2026-05-14 17:38:50.002596+00:00
2082,183,REF-20251115-2040,2040,full,CASH,39127.34,APPROVED,,,,False,2026-05-14 17:38:50.111978+00:00
2083,205,REF-20251111-2832,2832,full,GCASH,17297.10,APPROVED,,,,False,2026-05-14 17:38:50.221328+00:00
2084,180,REF-20251110-1932,1932,full,GCASH,17623.71,APPROVED,,,,False,2026-05-14 17:38:50.331225+00:00
2085,191,REF-20251115-2328,2328,full,GCASH,30447.31,APPROVED,,,,False,2026-05-14 17:38:50.442305+00:00
2086,188,REF-20251105-2220,2220,full,GCASH,26860.51,APPROVED,,,,False,2026-05-14 17:38:50.554966+00:00
2087,199,REF-20251105-2616,2616,full,GCASH,19880.75,APPROVED,,,,False,2026-05-14 17:38:50.664434+00:00
2088,178,REF-20251105-1860,1860,full,GCASH,25448.47,APPROVED,,,,False,2026-05-14 17:38:50.773071+00:00
2089,202,REF-20251110-2724,2724,full,CASH,30852.07,APPROVED,,,,False,2026-05-14 17:38:50.882273+00:00
2090,211,REF-20251110-3048,3048,full,CASH,33677.19,APPROVED,,,,False,2026-05-14 17:38:50.991926+00:00
2091,174,REF-20251115-1716,1716,full,GCASH,26691.82,APPROVED,,,,False,2026-05-14 17:38:51.100789+00:00
2092,194,REF-20251110-2436,2436,full,GCASH,29858.91,APPROVED,,,,False,2026-05-14 17:38:51.210319+00:00
2093,196,REF-20251110-2508,2508,full,GCASH,18385.11,APPROVED,,,,False,2026-05-14 17:38:51.319451+00:00
2094,186,REF-20251115-2148,2148,full,GCASH,35510.35,APPROVED,,,,False,2026-05-14 17:38:51.428282+00:00
2095,206,REF-20251115-2868,2868,full,GCASH,25401.67,APPROVED,,,,False,2026-05-14 17:38:51.537894+00:00
2096,209,REF-20251110-2976,2976,full,GCASH,22639.11,APPROVED,,,,False,2026-05-14 17:38:51.648565+00:00
2097,190,REF-20251105-2292,2292,full,GCASH,37773.52,APPROVED,,,,False,2026-05-14 17:38:51.758380+00:00
2098,193,REF-20251110-2400,2400,full,CASH,36061.81,APPROVED,,,,False,2026-05-14 17:38:51.867819+00:00
2099,201,REF-20251105-2688,2688,full,GCASH,46174.24,APPROVED,,,,False,2026-05-14 17:38:51.977866+00:00
2100,177,REF-20251110-1824,1824,full,CASH,25533.48,APPROVED,,,,False,2026-05-14 17:38:52.087592+00:00
2101,182,REF-20251110-2004,2004,full,CASH,29990.56,APPROVED,,,,False,2026-05-14 17:38:52.196442+00:00
2102,204,REF-20251225-2796,2796,full,CASH,21214.12,APPROVED,,,,False,2026-05-14 17:38:52.305606+00:00
2103,175,REF-20251115-1752,1752,full,GCASH,25345.74,APPROVED,,,,False,2026-05-14 17:38:52.414805+00:00
2104,189,REF-20251110-2256,2256,full,GCASH,16011.00,APPROVED,,,,False,2026-05-14 17:38:52.524067+00:00
2105,185,REF-20251210-2113,2113,full,CASH,30530.95,APPROVED,,,,False,2026-05-14 17:38:52.633243+00:00
2106,173,REF-20251210-1681,1681,full,GCASH,43627.65,APPROVED,,,,False,2026-05-14 17:38:52.742795+00:00
2107,196,REF-20251210-2509,2509,full,CASH,17890.29,APPROVED,,,,False,2026-05-14 17:38:52.851890+00:00
2108,207,REF-20251212-2905,2905,full,CASH,22121.18,APPROVED,,,,False,2026-05-14 17:38:52.962889+00:00
2109,194,REF-20251210-2437,2437,full,GCASH,27141.09,APPROVED,,,,False,2026-05-14 17:38:53.072237+00:00
2110,208,REF-20260106-2941,2941,full,GCASH,32803.52,APPROVED,,,,False,2026-05-14 17:38:53.182336+00:00
2111,179,REF-20251210-1897,1897,full,GCASH,40222.94,APPROVED,,,,False,2026-05-14 17:38:53.293212+00:00
2112,209,REF-20251210-2977,2977,full,GCASH,20038.29,APPROVED,,,,False,2026-05-14 17:38:53.404560+00:00
2113,187,REF-20251205-2185,2185,full,GCASH,39556.95,APPROVED,,,,False,2026-05-14 17:38:53.514453+00:00
2114,182,REF-20251210-2005,2005,full,CASH,28365.94,APPROVED,,,,False,2026-05-14 17:38:53.624803+00:00
2115,206,REF-20251215-2869,2869,full,CASH,24747.34,APPROVED,,,,False,2026-05-14 17:38:53.734497+00:00
2116,183,REF-20251222-2041,2041,full,CASH,35721.23,APPROVED,,,,False,2026-05-14 17:38:53.843885+00:00
2117,193,REF-20260208-2401,2401,full,CASH,32404.54,APPROVED,,,,False,2026-05-14 17:38:53.953353+00:00
2118,204,REF-20251215-2797,2797,full,GCASH,20749.24,APPROVED,,,,False,2026-05-14 17:38:54.062304+00:00
2119,181,REF-20251205-1969,1969,full,GCASH,17337.18,APPROVED,,,,False,2026-05-14 17:38:54.172386+00:00
2120,197,REF-20251215-2545,2545,full,CASH,23648.62,APPROVED,,,,False,2026-05-14 17:38:54.283130+00:00
2121,190,REF-20251205-2293,2293,full,CASH,36291.46,APPROVED,,,,False,2026-05-14 17:38:54.393171+00:00
2122,189,REF-20251214-2257,2257,full,GCASH,15871.50,APPROVED,,,,False,2026-05-14 17:38:54.503299+00:00
2123,203,REF-20251218-2761,2761,full,CASH,20730.50,APPROVED,,,,False,2026-05-14 17:38:54.612180+00:00
2124,176,REF-20251210-1789,1789,full,CASH,23994.18,APPROVED,,,,False,2026-05-14 17:38:54.721905+00:00
2125,199,REF-20251205-2617,2617,full,CASH,18749.75,APPROVED,,,,False,2026-05-14 17:38:54.832277+00:00
2126,175,REF-20251217-1753,1753,full,GCASH,24715.83,APPROVED,,,,False,2026-05-14 17:38:54.943830+00:00
2127,188,REF-20251205-2221,2221,full,CASH,24003.43,APPROVED,,,,False,2026-05-14 17:38:55.053619+00:00
2128,192,REF-20251210-2365,2365,full,GCASH,18676.39,APPROVED,,,,False,2026-05-14 17:38:55.164277+00:00
2129,180,REF-20251210-1933,1933,full,CASH,17224.29,APPROVED,,,,False,2026-05-14 17:38:55.273719+00:00
2130,205,REF-20251210-2833,2833,full,GCASH,15669.00,APPROVED,,,,False,2026-05-14 17:38:55.383405+00:00
2131,211,REF-20251217-3049,3049,full,CASH,31655.61,APPROVED,,,,False,2026-05-14 17:38:55.494996+00:00
2132,198,REF-20251210-2581,2581,full,CASH,37839.80,APPROVED,,,,False,2026-05-14 17:38:55.604687+00:00
2133,178,REF-20251205-1861,1861,full,GCASH,23895.31,APPROVED,,,,False,2026-05-14 17:38:55.714888+00:00
2134,201,REF-20251205-2689,2689,full,GCASH,43774.72,APPROVED,,,,False,2026-05-14 17:38:55.830201+00:00
2135,191,REF-20251215-2329,2329,full,GCASH,27629.47,APPROVED,,,,False,2026-05-14 17:38:55.938878+00:00
2136,184,REF-20260112-2077,2077,full,GCASH,29908.18,APPROVED,,,,False,2026-05-14 17:38:56.048899+00:00
2137,202,REF-20251210-2725,2725,full,GCASH,28750.63,APPROVED,,,,False,2026-05-14 17:38:56.157951+00:00
2138,195,REF-20251215-2473,2473,full,CASH,35826.68,APPROVED,,,,False,2026-05-14 17:38:56.266841+00:00
2139,210,REF-20251215-3013,3013,full,CASH,28759.53,APPROVED,,,,False,2026-05-14 17:38:56.377121+00:00
2140,186,REF-20251215-2149,2149,full,CASH,32541.40,APPROVED,,,,False,2026-05-14 17:38:56.486343+00:00
2141,177,REF-20251210-1825,1825,full,CASH,24109.32,APPROVED,,,,False,2026-05-14 17:38:56.596336+00:00
2142,200,REF-20251219-2653,2653,full,CASH,26586.77,APPROVED,,,,False,2026-05-14 17:38:56.705660+00:00
2143,174,REF-20251210-1717,1717,full,GCASH,24007.63,APPROVED,,,,False,2026-05-14 17:38:56.816053+00:00
2144,176,REF-20260110-1790,1790,full,CASH,21803.58,APPROVED,,,,False,2026-05-14 17:38:56.925997+00:00
2145,187,REF-20260131-2186,2186,full,CASH,37130.55,APPROVED,,,,False,2026-05-14 17:38:57.035751+00:00
2146,198,REF-20260110-2582,2582,full,GCASH,33697.70,APPROVED,,,,False,2026-05-14 17:38:57.144526+00:00
2147,183,REF-20260115-2042,2042,full,CASH,34322.12,APPROVED,,,,False,2026-05-14 17:38:57.254680+00:00
2148,204,REF-20260115-2798,2798,full,CASH,19887.91,APPROVED,,,,False,2026-05-14 17:38:57.364194+00:00
2149,197,REF-20260115-2546,2546,full,GCASH,22474.18,APPROVED,,,,False,2026-05-14 17:38:57.473801+00:00
2150,179,REF-20260110-1898,1898,full,GCASH,36663.14,APPROVED,,,,False,2026-05-14 17:38:57.583289+00:00
2151,184,REF-20260115-2078,2078,full,CASH,27864.97,APPROVED,,,,False,2026-05-14 17:38:57.692941+00:00
2152,205,REF-20260105-2834,2834,full,CASH,14890.95,APPROVED,,,,False,2026-05-14 17:38:57.802323+00:00
2153,202,REF-20260110-2726,2726,full,CASH,26053.63,APPROVED,,,,False,2026-05-14 17:38:57.912091+00:00
2154,188,REF-20260105-2222,2222,full,CASH,22689.73,APPROVED,,,,False,2026-05-14 17:38:58.021494+00:00
2155,178,REF-20260105-1862,1862,full,CASH,21580.81,APPROVED,,,,False,2026-05-14 17:38:58.131068+00:00
2156,196,REF-20260110-2510,2510,full,CASH,15228.09,APPROVED,,,,False,2026-05-14 17:38:58.241947+00:00
2157,206,REF-20260115-2870,2870,full,GCASH,22954.51,APPROVED,,,,False,2026-05-14 17:38:58.352049+00:00
2158,177,REF-20260113-1826,1826,full,GCASH,21243.72,APPROVED,,,,False,2026-05-14 17:38:58.461988+00:00
2159,182,REF-20260115-2006,2006,full,CASH,25816.99,APPROVED,,,,False,2026-05-14 17:38:58.570834+00:00
2160,189,REF-20260110-2258,2258,full,GCASH,14868.00,APPROVED,,,,False,2026-05-14 17:38:58.680992+00:00
2161,207,REF-20260110-2906,2906,full,CASH,20081.93,APPROVED,,,,False,2026-05-14 17:38:58.791992+00:00
2162,185,REF-20260116-2114,2114,full,CASH,27778.15,APPROVED,,,,False,2026-05-14 17:38:58.901886+00:00
2163,193,REF-20260110-2402,2402,full,GCASH,30544.54,APPROVED,,,,False,2026-05-14 17:38:59.015255+00:00
2164,195,REF-20260115-2474,2474,full,CASH,32867.42,APPROVED,,,,False,2026-05-14 17:38:59.125308+00:00
2165,211,REF-20260110-3050,3050,full,GCASH,28886.76,APPROVED,,,,False,2026-05-14 17:38:59.235249+00:00
2166,208,REF-20260115-2942,2942,full,CASH,29614.13,APPROVED,,,,False,2026-05-14 17:38:59.344644+00:00
2167,201,REF-20260105-2690,2690,full,CASH,40246.12,APPROVED,,,,False,2026-05-14 17:38:59.453992+00:00
2168,175,REF-20260115-1754,1754,full,GCASH,22769.22,APPROVED,,,,False,2026-05-14 17:38:59.563298+00:00
2169,200,REF-20260115-2654,2654,full,GCASH,24918.83,APPROVED,,,,False,2026-05-14 17:38:59.672513+00:00
2170,190,REF-20260105-2294,2294,full,CASH,31474.51,APPROVED,,,,False,2026-05-14 17:38:59.781995+00:00
2171,194,REF-20260110-2438,2438,full,CASH,25338.84,APPROVED,,,,False,2026-05-14 17:38:59.893463+00:00
2172,209,REF-20260110-2978,2978,full,CASH,20139.99,APPROVED,,,,False,2026-05-14 17:39:00.002938+00:00
2173,174,REF-20260110-1718,1718,full,GCASH,22578.28,APPROVED,,,,False,2026-05-14 17:39:00.112350+00:00
2174,199,REF-20260112-2618,2618,full,CASH,17237.00,APPROVED,,,,False,2026-05-14 17:39:00.221548+00:00
2175,210,REF-20260115-3014,3014,full,CASH,25284.72,APPROVED,,,,False,2026-05-14 17:39:00.330324+00:00
2176,191,REF-20260115-2330,2330,full,CASH,25594.18,APPROVED,,,,False,2026-05-14 17:39:00.439879+00:00
2177,173,REF-20260110-1682,1682,full,CASH,40779.60,APPROVED,,,,False,2026-05-14 17:39:00.549626+00:00
2178,186,REF-20260115-2150,2150,full,GCASH,31552.45,APPROVED,,,,False,2026-05-14 17:39:00.658896+00:00
2179,203,REF-20260117-2762,2762,full,GCASH,20112.95,APPROVED,,,,False,2026-05-14 17:39:00.768969+00:00
2180,181,REF-20260105-1970,1970,full,GCASH,14834.73,APPROVED,,,,False,2026-05-14 17:39:00.879546+00:00
2181,192,REF-20260110-2366,2366,full,GCASH,16891.99,APPROVED,,,,False,2026-05-14 17:39:00.989467+00:00
2182,180,REF-20260110-1934,1934,full,GCASH,16542.09,APPROVED,,,,False,2026-05-14 17:39:01.098700+00:00
2183,190,REF-20260205-2295,2295,full,CASH,29607.70,APPROVED,,,,False,2026-05-14 17:39:01.207751+00:00
2184,193,REF-20260210-2403,2403,full,CASH,27770.17,APPROVED,,,,False,2026-05-14 17:39:01.316530+00:00
2185,208,REF-20260215-2943,2943,full,CASH,27240.08,APPROVED,,,,False,2026-05-14 17:39:01.426050+00:00
2186,201,REF-20260205-2691,2691,full,CASH,36673.45,APPROVED,,,,False,2026-05-14 17:39:01.535565+00:00
2187,175,REF-20260215-1755,1755,full,CASH,21344.97,APPROVED,,,,False,2026-05-14 17:39:01.644719+00:00
2188,182,REF-20260213-2007,2007,full,CASH,24391.27,APPROVED,,,,False,2026-05-14 17:39:01.754581+00:00
2189,191,REF-20260215-2331,2331,full,GCASH,24022.63,APPROVED,,,,False,2026-05-14 17:39:01.865867+00:00
2190,177,REF-20260210-1827,1827,full,GCASH,19693.56,APPROVED,,,,False,2026-05-14 17:39:01.975451+00:00
2191,186,REF-20260215-2151,2151,full,CASH,28005.40,APPROVED,,,,False,2026-05-14 17:39:02.088807+00:00
2192,211,REF-20260210-3051,3051,full,CASH,26989.38,APPROVED,,,,False,2026-05-14 17:39:02.199261+00:00
2193,194,REF-20260217-2439,2439,full,CASH,24277.47,APPROVED,,,,False,2026-05-14 17:39:02.310221+00:00
2194,200,REF-20260215-2655,2655,full,GCASH,21741.53,APPROVED,,,,False,2026-05-14 17:39:02.419567+00:00
2195,206,REF-20260215-2871,2871,full,GCASH,20400.61,APPROVED,,,,False,2026-05-14 17:39:02.529955+00:00
2196,209,REF-20260210-2979,2979,full,CASH,17669.67,APPROVED,,,,False,2026-05-14 17:39:02.638970+00:00
2197,196,REF-20260210-2511,2511,full,CASH,14609.07,APPROVED,,,,False,2026-05-14 17:39:02.748532+00:00
2198,174,REF-20260217-1719,1719,full,CASH,21426.79,APPROVED,,,,False,2026-05-14 17:39:02.857170+00:00
2199,181,REF-20260212-1971,1971,full,GCASH,14894.85,APPROVED,,,,False,2026-05-14 17:39:02.966502+00:00
2200,188,REF-20260401-2223,2223,full,CASH,21204.70,APPROVED,,,,False,2026-05-14 17:39:03.076105+00:00
2201,178,REF-20260205-1863,1863,full,CASH,19466.95,APPROVED,,,,False,2026-05-14 17:39:03.185536+00:00
2202,184,REF-20260218-2079,2079,full,CASH,24907.42,APPROVED,,,,False,2026-05-14 17:39:03.297790+00:00
2203,199,REF-20260211-2619,2619,full,CASH,15977.75,APPROVED,,,,False,2026-05-14 17:39:03.406380+00:00
2204,205,REF-20260205-2835,2835,full,CASH,13976.55,APPROVED,,,,False,2026-05-14 17:39:03.519315+00:00
2205,202,REF-20260223-2727,2727,full,CASH,26195.89,APPROVED,,,,False,2026-05-14 17:39:03.629287+00:00
2206,187,REF-20260205-2187,2187,full,CASH,34735.65,APPROVED,,,,False,2026-05-14 17:39:03.741480+00:00
2207,198,REF-20260216-2583,2583,full,CASH,32267.45,APPROVED,,,,False,2026-05-14 17:39:03.851922+00:00
2208,210,REF-20260215-3015,3015,full,GCASH,23355.12,APPROVED,,,,False,2026-05-14 17:39:03.962275+00:00
2209,173,REF-20260210-1683,1683,full,GCASH,37455.45,APPROVED,,,,False,2026-05-14 17:39:04.071420+00:00
2210,179,REF-20260210-1899,1899,full,CASH,32884.97,APPROVED,,,,False,2026-05-14 17:39:04.181053+00:00
2211,180,REF-20260210-1935,1935,full,GCASH,14929.92,APPROVED,,,,False,2026-05-14 17:39:04.290675+00:00
2212,192,REF-20260223-2367,2367,full,GCASH,15498.67,APPROVED,,,,False,2026-05-14 17:39:04.401420+00:00
2213,183,REF-20260219-2043,2043,full,CASH,31244.27,APPROVED,,,,False,2026-05-14 17:39:04.510492+00:00
2214,197,REF-20260221-2547,2547,full,CASH,21020.98,APPROVED,,,,False,2026-05-14 17:39:04.620744+00:00
2215,176,REF-20260217-1791,1791,full,GCASH,20254.59,APPROVED,,,,False,2026-05-14 17:39:04.730599+00:00
2216,185,REF-20260210-2115,2115,full,GCASH,25785.25,APPROVED,,,,False,2026-05-14 17:39:04.840531+00:00
2217,204,REF-20260215-2799,2799,full,GCASH,17369.11,APPROVED,,,,False,2026-05-14 17:39:04.950061+00:00
2218,195,REF-20260215-2475,2475,full,CASH,29974.97,APPROVED,,,,False,2026-05-14 17:39:05.060305+00:00
2219,203,REF-20260217-2763,2763,full,GCASH,18889.55,APPROVED,,,,False,2026-05-14 17:39:05.168842+00:00
2220,189,REF-20260216-2259,2259,full,CASH,13748.40,APPROVED,,,,False,2026-05-14 17:39:05.277770+00:00
2221,207,REF-20260210-2907,2907,full,GCASH,18816.29,APPROVED,,,,False,2026-05-14 17:39:05.388599+00:00
2222,178,REF-20260305-1864,1864,full,GCASH,18007.84,APPROVED,,,,False,2026-05-14 17:39:05.498416+00:00
2223,189,REF-20260313-2260,2260,full,GCASH,12078.90,APPROVED,,,,False,2026-05-14 17:39:05.608276+00:00
2224,209,REF-20260312-2980,2980,full,CASH,16066.05,APPROVED,,,,False,2026-05-14 17:39:05.718897+00:00
2225,174,REF-20260310-1720,1720,full,GCASH,19565.65,APPROVED,,,,False,2026-05-14 17:39:05.830676+00:00
2226,199,REF-20260305-2620,2620,full,GCASH,15337.70,APPROVED,,,,False,2026-05-14 17:39:05.939776+00:00
2227,196,REF-20260310-2512,2512,full,GCASH,13840.65,APPROVED,,,,False,2026-05-14 17:39:06.049402+00:00
2228,200,REF-20260325-2656,2656,full,CASH,20164.94,APPROVED,,,,False,2026-05-14 17:39:06.160593+00:00
2229,184,REF-20260318-2080,2080,full,CASH,22942.06,APPROVED,,,,False,2026-05-14 17:39:06.270362+00:00
2230,176,REF-20260310-1792,1792,full,CASH,18651.15,APPROVED,,,,False,2026-05-14 17:39:06.379460+00:00
2231,205,REF-20260305-2836,2836,full,GCASH,12821.85,APPROVED,,,,False,2026-05-14 17:39:06.488625+00:00
2232,187,REF-20260305-2188,2188,full,CASH,30836.85,APPROVED,,,,False,2026-05-14 17:39:06.600050+00:00
2233,207,REF-20260310-2908,2908,full,GCASH,18677.45,APPROVED,,,,False,2026-05-14 17:39:06.711057+00:00
2234,204,REF-20260315-2800,2800,full,CASH,16492.03,APPROVED,,,,False,2026-05-14 17:39:06.819849+00:00
2235,185,REF-20260310-2116,2116,full,CASH,25018.15,APPROVED,,,,False,2026-05-14 17:39:06.929705+00:00
2236,210,REF-20260315-3016,3016,full,CASH,22567.26,APPROVED,,,,False,2026-05-14 17:39:07.040259+00:00
2237,203,REF-20260315-2764,2764,full,GCASH,17415.65,APPROVED,,,,False,2026-05-14 17:39:07.149288+00:00
2238,208,REF-20260315-2944,2944,full,GCASH,26480.24,APPROVED,,,,False,2026-05-14 17:39:07.259028+00:00
2239,182,REF-20260310-2008,2008,full,GCASH,21962.95,APPROVED,,,,False,2026-05-14 17:39:07.369515+00:00
2240,175,REF-20260320-1756,1756,full,CASH,18384.51,APPROVED,,,,False,2026-05-14 17:39:07.480037+00:00
2241,173,REF-20260310-1684,1684,full,CASH,33823.05,APPROVED,,,,False,2026-05-14 17:39:07.590185+00:00
2242,180,REF-20260310-1936,1936,full,CASH,14338.35,APPROVED,,,,False,2026-05-14 17:39:07.698315+00:00
2243,183,REF-20260315-2044,2044,full,GCASH,29017.16,APPROVED,,,,False,2026-05-14 17:39:07.811622+00:00
2244,201,REF-20260504-2692,2692,full,GCASH,34264.48,APPROVED,,,,False,2026-05-14 17:39:07.920641+00:00
2245,190,REF-20260305-2296,2296,full,GCASH,27054.19,APPROVED,,,,False,2026-05-14 17:39:08.031393+00:00
2246,194,REF-20260310-2440,2440,full,CASH,21637.50,APPROVED,,,,False,2026-05-14 17:39:08.141842+00:00
2247,193,REF-20260310-2404,2404,full,CASH,25288.30,APPROVED,,,,False,2026-05-14 17:39:08.251237+00:00
2248,206,REF-20260315-2872,2872,full,CASH,19486.63,APPROVED,,,,False,2026-05-14 17:39:08.361547+00:00
2249,201,REF-20260405-2693,2693,full,CASH,30203.53,APPROVED,,,,False,2026-05-14 17:39:08.472413+00:00
2250,184,REF-20260421-2081,2081,full,GCASH,21405.55,APPROVED,,,,False,2026-05-14 17:39:08.582574+00:00
2251,197,REF-20260415-2549,2549,full,GCASH,17606.50,APPROVED,,,,False,2026-05-14 17:39:08.692386+00:00
2252,209,REF-20260410-2981,2981,full,GCASH,14313.48,APPROVED,,,,False,2026-05-14 17:39:08.802586+00:00
2253,192,REF-20260423-2369,2369,full,GCASH,12514.93,APPROVED,,,,False,2026-05-14 17:39:08.913653+00:00
2254,174,REF-20260410-1721,1721,full,GCASH,17489.86,APPROVED,,,,False,2026-05-14 17:39:09.023968+00:00
2255,194,REF-20260506-2441,2441,full,CASH,20657.58,APPROVED,,,,False,2026-05-14 17:39:09.133417+00:00
2256,189,REF-20260410-2261,2261,full,CASH,12370.50,APPROVED,,,,False,2026-05-14 17:39:09.243556+00:00
2257,183,REF-20260415-2045,2045,full,GCASH,27176.15,APPROVED,,,,False,2026-05-14 17:39:09.352713+00:00
2258,196,REF-20260410-2513,2513,full,CASH,13519.08,APPROVED,,,,False,2026-05-14 17:39:09.461643+00:00
2259,204,REF-20260415-2801,2801,full,GCASH,14935.90,APPROVED,,,,False,2026-05-14 17:39:09.570914+00:00
2260,177,REF-20260410-1829,1829,full,GCASH,18250.14,APPROVED,,,,False,2026-05-14 17:39:09.679870+00:00
2261,178,REF-20260405-1865,1865,full,GCASH,16288.69,APPROVED,,,,False,2026-05-14 17:39:09.789689+00:00
2262,200,REF-20260415-2657,2657,full,CASH,18048.80,APPROVED,,,,False,2026-05-14 17:39:09.898991+00:00
2263,208,REF-20260420-2945,2945,full,CASH,22970.90,APPROVED,,,,False,2026-05-14 17:39:10.008049+00:00
2264,203,REF-20260605-2765,2765,full,GCASH,15637.10,APPROVED,,,,False,2026-05-14 17:39:10.116983+00:00
2265,191,REF-20260415-2333,2333,full,GCASH,20574.40,APPROVED,,,,False,2026-05-14 17:39:10.227317+00:00
2266,175,REF-20260415-1757,1757,full,GCASH,17808.15,APPROVED,,,,False,2026-05-14 17:39:10.336808+00:00
2267,195,REF-20260508-2477,2477,full,CASH,26034.65,APPROVED,,,,False,2026-05-14 17:39:10.445778+00:00
2268,185,REF-20260410-2117,2117,full,CASH,21098.80,APPROVED,,,,False,2026-05-14 17:39:10.555048+00:00
2269,202,REF-20260410-2729,2729,full,CASH,21239.26,APPROVED,,,,False,2026-05-14 17:39:10.665707+00:00
2270,187,REF-20260405-2189,2189,full,CASH,28317.75,APPROVED,,,,False,2026-05-14 17:39:10.774533+00:00
2271,199,REF-20260408-2621,2621,full,GCASH,13889.30,APPROVED,,,,False,2026-05-14 17:39:10.883452+00:00
2272,173,REF-20260415-1685,1685,full,CASH,31095.15,APPROVED,,,,False,2026-05-14 17:39:10.993023+00:00
2273,190,REF-20260405-2297,2297,full,CASH,25617.19,APPROVED,,,,False,2026-05-14 17:39:11.101835+00:00
2274,198,REF-20260410-2585,2585,full,GCASH,27134.45,APPROVED,,,,False,2026-05-14 17:39:11.210741+00:00
