id,lease_id,billing_month,due_date,base_rent,water_amount,interest,total_due,status,rent_paid,water_paid,rent_paid_at,water_paid_at,paid_at,payment_reference,water_computed_from_system,source_water_reading_id
1793,148,2026-04-01,2026-04-10,12762.00,2056.05,2297.16,17115.21,UNPAID,0.00,0.00,,,,,True,1325
2837,177,2026-04-01,2026-04-05,8325.00,2028.15,1498.50,11851.65,UNPAID,0.00,0.00,,,,,True,2369
2873,178,2026-04-01,2026-04-15,13339.00,1955.70,2000.85,17295.55,UNPAID,0.00,0.00,,,,,True,2405
2909,179,2026-04-01,2026-04-10,12137.00,3186.00,2184.66,17507.66,UNPAID,0.00,0.00,,,,,True,2441
3017,182,2026-04-01,2026-04-15,15393.00,2205.45,2308.95,19907.40,UNPAID,0.00,0.00,,,,,True,2549
3053,183,2026-04-01,2026-04-10,17289.00,2641.95,3112.02,23042.97,UNPAID,0.00,0.00,,,,,True,2585
2585,170,2026-04-01,2026-04-10,21005.00,2348.55,0.00,23353.55,PAID,21005.00,2348.55,,,2026-04-10 00:00:00+00:00,REF-20260410-2585,True,2117
2297,162,2026-04-01,2026-04-05,19048.00,3140.55,0.00,22188.55,PAID,19048.00,3140.55,,,2026-04-05 00:00:00+00:00,REF-20260405-2297,True,1829
1685,145,2026-04-01,2026-04-10,24585.00,2084.85,0.00,26669.85,PAID,24585.00,2084.85,,,2026-04-15 00:00:00+00:00,REF-20260415-1685,True,1217
2621,171,2026-04-01,2026-04-05,9680.00,2466.90,0.00,12146.90,PAID,9680.00,2466.90,,,2026-04-08 00:00:00+00:00,REF-20260408-2621,True,2153
2189,159,2026-04-01,2026-04-05,22110.00,2227.95,0.00,24337.95,PAID,22110.00,2227.95,,,2026-04-05 00:00:00+00:00,REF-20260405-2189,True,1721
2729,174,2026-04-01,2026-04-10,15982.00,2380.50,0.00,18362.50,PAID,15982.00,2380.50,,,2026-04-10 00:00:00+00:00,REF-20260410-2729,True,2261
2117,157,2026-04-01,2026-04-10,16615.00,1493.10,0.00,18108.10,PAID,16615.00,1493.10,,,2026-04-10 00:00:00+00:00,REF-20260410-2117,True,1649
2477,167,2026-04-01,2026-04-15,20093.00,2927.70,0.00,23020.70,PAID,20093.00,2927.70,,,2026-05-08 00:00:00+00:00,REF-20260508-2477,True,2009
1757,147,2026-04-01,2026-04-15,13413.00,2383.20,0.00,15796.20,PAID,13413.00,2383.20,,,2026-04-15 00:00:00+00:00,REF-20260415-1757,True,1289
2333,163,2026-04-01,2026-04-15,15487.00,2764.35,0.00,18251.35,PAID,15487.00,2764.35,,,2026-04-15 00:00:00+00:00,REF-20260415-2333,True,1865
2765,175,2026-04-01,2026-04-15,11675.00,2210.85,0.00,13885.85,PAID,11675.00,2210.85,,,2026-06-05 00:00:00+00:00,REF-20260605-2765,True,2297
2945,180,2026-04-01,2026-04-15,18152.00,2096.10,0.00,20248.10,PAID,18152.00,2096.10,,,2026-04-20 00:00:00+00:00,REF-20260420-2945,True,2477
2657,172,2026-04-01,2026-04-15,14372.00,1521.00,0.00,15893.00,PAID,14372.00,1521.00,,,2026-04-15 00:00:00+00:00,REF-20260415-2657,True,2189
1865,150,2026-04-01,2026-04-05,12073.00,2042.55,0.00,14115.55,PAID,12073.00,2042.55,,,2026-04-05 00:00:00+00:00,REF-20260405-1865,True,1397
2405,165,2026-04-01,2026-04-10,18241.00,2400.75,3283.38,23925.13,UNPAID,0.00,0.00,,,,,True,1937
2225,160,2026-04-01,2026-04-05,13039.00,2154.60,2347.02,17540.62,UNPAID,0.00,0.00,,,,,True,1757
2153,158,2026-04-01,2026-04-15,18790.00,2112.75,2818.50,23721.25,UNPAID,0.00,0.00,,,,,True,1685
2009,154,2026-04-01,2026-04-10,15421.00,1895.40,2775.78,20092.18,UNPAID,0.00,0.00,,,,,True,1541
1973,153,2026-04-01,2026-04-05,8589.00,2209.05,1546.02,12344.07,UNPAID,0.00,0.00,,,,,True,1505
1937,152,2026-04-01,2026-04-10,8991.00,1507.05,1618.38,12116.43,UNPAID,0.00,0.00,,,,,True,1469
1901,151,2026-04-01,2026-04-10,22061.00,2468.70,3970.98,28500.68,UNPAID,0.00,0.00,,,,,True,1433
1829,149,2026-04-01,2026-04-10,12918.00,3006.90,0.00,15924.90,PAID,12918.00,3006.90,,,2026-04-10 00:00:00+00:00,REF-20260410-1829,True,1361
2801,176,2026-04-01,2026-04-15,10789.00,2528.55,0.00,13317.55,PAID,10789.00,2528.55,,,2026-04-15 00:00:00+00:00,REF-20260415-2801,True,2333
2513,168,2026-04-01,2026-04-10,8811.00,3122.10,0.00,11933.10,PAID,8811.00,3122.10,,,2026-04-10 00:00:00+00:00,REF-20260410-2513,True,2045
2045,155,2026-04-01,2026-04-15,20483.00,3620.70,0.00,24103.70,PAID,20483.00,3620.70,,,2026-04-15 00:00:00+00:00,REF-20260415-2045,True,1577
2261,161,2026-04-01,2026-04-10,8100.00,2812.50,0.00,10912.50,PAID,8100.00,2812.50,,,2026-04-10 00:00:00+00:00,REF-20260410-2261,True,1793
2441,166,2026-04-01,2026-04-10,15261.00,2649.60,0.00,17910.60,PAID,15261.00,2649.60,,,2026-05-06 00:00:00+00:00,REF-20260506-2441,True,1973
1721,146,2026-04-01,2026-04-10,12967.00,2188.80,0.00,15155.80,PAID,12967.00,2188.80,,,2026-04-10 00:00:00+00:00,REF-20260410-1721,True,1253
2369,164,2026-04-01,2026-04-10,9196.00,1663.65,0.00,10859.65,PAID,9196.00,1663.65,,,2026-04-23 00:00:00+00:00,REF-20260423-2369,True,1901
2981,181,2026-04-01,2026-04-10,10986.00,1350.00,0.00,12336.00,PAID,10986.00,1350.00,,,2026-04-10 00:00:00+00:00,REF-20260410-2981,True,2513
2549,169,2026-04-01,2026-04-15,12907.00,2763.45,0.00,15670.45,PAID,12907.00,2763.45,,,2026-04-15 00:00:00+00:00,REF-20260415-2549,True,2081
2081,156,2026-04-01,2026-04-15,16423.00,2519.10,0.00,18942.10,PAID,16423.00,2519.10,,,2026-04-21 00:00:00+00:00,REF-20260421-2081,True,1613
2693,173,2026-04-01,2026-04-05,24361.00,1457.55,0.00,25818.55,PAID,24361.00,1457.55,,,2026-04-05 00:00:00+00:00,REF-20260405-2693,True,2225
2908,179,2026-03-01,2026-03-10,12137.00,2899.35,0.00,15036.35,PAID,12137.00,2899.35,,,2026-03-10 00:00:00+00:00,REF-20260310-2908,True,2440
2584,170,2026-03-01,2026-03-10,21005.00,2176.65,6301.50,29483.15,UNPAID,0.00,0.00,,,,,True,2116
2728,174,2026-03-01,2026-03-10,15982.00,1739.70,4794.60,22516.30,UNPAID,0.00,0.00,,,,,True,2260
2188,159,2026-03-01,2026-03-05,22110.00,1430.55,0.00,23540.55,PAID,22110.00,1430.55,,,2026-03-05 00:00:00+00:00,REF-20260305-2188,True,1720
2836,177,2026-03-01,2026-03-05,8325.00,1749.60,0.00,10074.60,PAID,8325.00,1749.60,,,2026-03-05 00:00:00+00:00,REF-20260305-2836,True,2368
1792,148,2026-03-01,2026-03-10,12762.00,2060.55,0.00,14822.55,PAID,12762.00,2060.55,,,2026-03-10 00:00:00+00:00,REF-20260310-1792,True,1324
2080,156,2026-03-01,2026-03-15,16423.00,2084.85,0.00,18507.85,PAID,16423.00,2084.85,,,2026-03-18 00:00:00+00:00,REF-20260318-2080,True,1612
3052,183,2026-03-01,2026-03-10,17289.00,2238.75,5186.70,24714.45,UNPAID,0.00,0.00,,,,,True,2584
2656,172,2026-03-01,2026-03-15,14372.00,1912.50,0.00,16284.50,PAID,14372.00,1912.50,,,2026-03-25 00:00:00+00:00,REF-20260325-2656,True,2188
2512,168,2026-03-01,2026-03-10,8811.00,2386.35,0.00,11197.35,PAID,8811.00,2386.35,,,2026-03-10 00:00:00+00:00,REF-20260310-2512,True,2044
2620,171,2026-03-01,2026-03-05,9680.00,2463.30,0.00,12143.30,PAID,9680.00,2463.30,,,2026-03-05 00:00:00+00:00,REF-20260305-2620,True,2152
1720,146,2026-03-01,2026-03-10,12967.00,2708.55,0.00,15675.55,PAID,12967.00,2708.55,,,2026-03-10 00:00:00+00:00,REF-20260310-1720,True,1252
2980,181,2026-03-01,2026-03-10,10986.00,1784.25,0.00,12770.25,PAID,10986.00,1784.25,,,2026-03-12 00:00:00+00:00,REF-20260312-2980,True,2512
2260,161,2026-03-01,2026-03-10,8100.00,1548.90,0.00,9648.90,PAID,8100.00,1548.90,,,2026-03-13 00:00:00+00:00,REF-20260313-2260,True,1792
1864,150,2026-03-01,2026-03-05,12073.00,1950.75,0.00,14023.75,PAID,12073.00,1950.75,,,2026-03-05 00:00:00+00:00,REF-20260305-1864,True,1396
2872,178,2026-03-01,2026-03-15,13339.00,2546.10,0.00,15885.10,PAID,13339.00,2546.10,,,2026-03-15 00:00:00+00:00,REF-20260315-2872,True,2404
2404,165,2026-03-01,2026-03-10,18241.00,1575.00,0.00,19816.00,PAID,18241.00,1575.00,,,2026-03-10 00:00:00+00:00,REF-20260310-2404,True,1936
2440,166,2026-03-01,2026-03-10,15261.00,1798.20,0.00,17059.20,PAID,15261.00,1798.20,,,2026-03-10 00:00:00+00:00,REF-20260310-2440,True,1972
2548,169,2026-03-01,2026-03-15,12907.00,2521.80,3484.89,18913.69,UNPAID,0.00,0.00,,,,,True,2080
2476,167,2026-03-01,2026-03-15,20093.00,2039.40,5425.11,27557.51,UNPAID,0.00,0.00,,,,,True,2008
2296,162,2026-03-01,2026-03-05,19048.00,1720.35,0.00,20768.35,PAID,19048.00,1720.35,,,2026-03-05 00:00:00+00:00,REF-20260305-2296,True,1828
2692,173,2026-03-01,2026-03-05,24361.00,1864.35,0.00,26225.35,PAID,24361.00,1864.35,,,2026-05-04 00:00:00+00:00,REF-20260504-2692,True,2224
2044,155,2026-03-01,2026-03-15,20483.00,3003.75,0.00,23486.75,PAID,20483.00,3003.75,,,2026-03-15 00:00:00+00:00,REF-20260315-2044,True,1576
1936,152,2026-03-01,2026-03-10,8991.00,2650.05,0.00,11641.05,PAID,8991.00,2650.05,,,2026-03-10 00:00:00+00:00,REF-20260310-1936,True,1468
1684,145,2026-03-01,2026-03-10,24585.00,1862.55,0.00,26447.55,PAID,24585.00,1862.55,,,2026-03-10 00:00:00+00:00,REF-20260310-1684,True,1216
1756,147,2026-03-01,2026-03-15,13413.00,1350.00,0.00,14763.00,PAID,13413.00,1350.00,,,2026-03-20 00:00:00+00:00,REF-20260320-1756,True,1288
2368,164,2026-03-01,2026-03-10,9196.00,2347.20,2758.80,14302.00,UNPAID,0.00,0.00,,,,,True,1900
2332,163,2026-03-01,2026-03-15,15487.00,2836.35,4181.49,22504.84,UNPAID,0.00,0.00,,,,,True,1864
2008,154,2026-03-01,2026-03-10,15421.00,1915.65,0.00,17336.65,PAID,15421.00,1915.65,,,2026-03-10 00:00:00+00:00,REF-20260310-2008,True,1540
2224,160,2026-03-01,2026-03-05,13039.00,1776.60,4302.87,19118.47,UNPAID,0.00,0.00,,,,,True,1756
2944,180,2026-03-01,2026-03-15,18152.00,3427.20,0.00,21579.20,PAID,18152.00,3427.20,,,2026-03-15 00:00:00+00:00,REF-20260315-2944,True,2476
2152,158,2026-03-01,2026-03-15,18790.00,1453.50,5073.30,25316.80,UNPAID,0.00,0.00,,,,,True,1684
2764,175,2026-03-01,2026-03-15,11675.00,2588.40,0.00,14263.40,PAID,11675.00,2588.40,,,2026-03-15 00:00:00+00:00,REF-20260315-2764,True,2296
3016,182,2026-03-01,2026-03-15,15393.00,3018.15,0.00,18411.15,PAID,15393.00,3018.15,,,2026-03-15 00:00:00+00:00,REF-20260315-3016,True,2548
1972,153,2026-03-01,2026-03-05,8589.00,3283.20,2834.37,14706.57,UNPAID,0.00,0.00,,,,,True,1504
2116,157,2026-03-01,2026-03-10,16615.00,3418.65,0.00,20033.65,PAID,16615.00,3418.65,,,2026-03-10 00:00:00+00:00,REF-20260310-2116,True,1648
2800,176,2026-03-01,2026-03-15,10789.00,2790.00,0.00,13579.00,PAID,10789.00,2790.00,,,2026-03-15 00:00:00+00:00,REF-20260315-2800,True,2332
1900,151,2026-03-01,2026-03-10,22061.00,1350.00,6618.30,30029.30,UNPAID,0.00,0.00,,,,,True,1432
1828,149,2026-03-01,2026-03-10,12918.00,2662.20,3875.40,19455.60,UNPAID,0.00,0.00,,,,,True,1360
2079,156,2026-02-01,2026-02-15,16423.00,2079.45,0.00,18502.45,PAID,16423.00,2079.45,,,2026-02-18 00:00:00+00:00,REF-20260218-2079,True,1611
2907,179,2026-02-01,2026-02-10,12137.00,1581.75,0.00,13718.75,PAID,12137.00,1581.75,,,2026-02-10 00:00:00+00:00,REF-20260210-2907,True,2439
2259,161,2026-02-01,2026-02-10,8100.00,2246.40,0.00,10346.40,PAID,8100.00,2246.40,,,2026-02-16 00:00:00+00:00,REF-20260216-2259,True,1791
2763,175,2026-02-01,2026-02-15,11675.00,2661.30,0.00,14336.30,PAID,11675.00,2661.30,,,2026-02-17 00:00:00+00:00,REF-20260217-2763,True,2295
2475,167,2026-02-01,2026-02-15,20093.00,2045.70,0.00,22138.70,PAID,20093.00,2045.70,,,2026-02-15 00:00:00+00:00,REF-20260215-2475,True,2007
2799,176,2026-02-01,2026-02-15,10789.00,2372.40,0.00,13161.40,PAID,10789.00,2372.40,,,2026-02-15 00:00:00+00:00,REF-20260215-2799,True,2331
2115,157,2026-02-01,2026-02-10,16615.00,2191.95,0.00,18806.95,PAID,16615.00,2191.95,,,2026-02-10 00:00:00+00:00,REF-20260210-2115,True,1647
1791,148,2026-02-01,2026-02-10,12762.00,2132.55,0.00,14894.55,PAID,12762.00,2132.55,,,2026-02-17 00:00:00+00:00,REF-20260217-1791,True,1323
2547,169,2026-02-01,2026-02-15,12907.00,3080.25,0.00,15987.25,PAID,12907.00,3080.25,,,2026-02-21 00:00:00+00:00,REF-20260221-2547,True,2079
2043,155,2026-02-01,2026-02-15,20483.00,2772.90,0.00,23255.90,PAID,20483.00,2772.90,,,2026-02-19 00:00:00+00:00,REF-20260219-2043,True,1575
2367,164,2026-02-01,2026-02-10,9196.00,2440.35,0.00,11636.35,PAID,9196.00,2440.35,,,2026-02-23 00:00:00+00:00,REF-20260223-2367,True,1899
1935,152,2026-02-01,2026-02-10,8991.00,2162.70,0.00,11153.70,PAID,8991.00,2162.70,,,2026-02-10 00:00:00+00:00,REF-20260210-1935,True,1467
1899,151,2026-02-01,2026-02-10,22061.00,1558.35,0.00,23619.35,PAID,22061.00,1558.35,,,2026-02-10 00:00:00+00:00,REF-20260210-1899,True,1431
1683,145,2026-02-01,2026-02-10,24585.00,2544.75,0.00,27129.75,PAID,24585.00,2544.75,,,2026-02-10 00:00:00+00:00,REF-20260210-1683,True,1215
3015,182,2026-02-01,2026-02-15,15393.00,1958.85,0.00,17351.85,PAID,15393.00,1958.85,,,2026-02-15 00:00:00+00:00,REF-20260215-3015,True,2547
2583,170,2026-02-01,2026-02-10,21005.00,2440.35,0.00,23445.35,PAID,21005.00,2440.35,,,2026-02-16 00:00:00+00:00,REF-20260216-2583,True,2115
2187,159,2026-02-01,2026-02-05,22110.00,2676.15,0.00,24786.15,PAID,22110.00,2676.15,,,2026-02-05 00:00:00+00:00,REF-20260205-2187,True,1719
2727,174,2026-02-01,2026-02-10,15982.00,3501.45,0.00,19483.45,PAID,15982.00,3501.45,,,2026-02-23 00:00:00+00:00,REF-20260223-2727,True,2259
2835,177,2026-02-01,2026-02-05,8325.00,1905.30,0.00,10230.30,PAID,8325.00,1905.30,,,2026-02-05 00:00:00+00:00,REF-20260205-2835,True,2367
2619,171,2026-02-01,2026-02-05,9680.00,1941.75,0.00,11621.75,PAID,9680.00,1941.75,,,2026-02-11 00:00:00+00:00,REF-20260211-2619,True,2151
1863,150,2026-02-01,2026-02-05,12073.00,1961.10,0.00,14034.10,PAID,12073.00,1961.10,,,2026-02-05 00:00:00+00:00,REF-20260205-1863,True,1395
2223,160,2026-02-01,2026-02-05,13039.00,2298.15,0.00,15337.15,PAID,13039.00,2298.15,,,2026-04-01 00:00:00+00:00,REF-20260401-2223,True,1755
1971,153,2026-02-01,2026-02-05,8589.00,2440.80,0.00,11029.80,PAID,8589.00,2440.80,,,2026-02-12 00:00:00+00:00,REF-20260212-1971,True,1503
1719,146,2026-02-01,2026-02-10,12967.00,3013.65,0.00,15980.65,PAID,12967.00,3013.65,,,2026-02-17 00:00:00+00:00,REF-20260217-1719,True,1251
2511,168,2026-02-01,2026-02-10,8811.00,2097.45,0.00,10908.45,PAID,8811.00,2097.45,,,2026-02-10 00:00:00+00:00,REF-20260210-2511,True,2043
2979,181,2026-02-01,2026-02-10,10986.00,2069.55,0.00,13055.55,PAID,10986.00,2069.55,,,2026-02-10 00:00:00+00:00,REF-20260210-2979,True,2511
2871,178,2026-02-01,2026-02-15,13339.00,1859.40,0.00,15198.40,PAID,13339.00,1859.40,,,2026-02-15 00:00:00+00:00,REF-20260215-2871,True,2403
2655,172,2026-02-01,2026-02-15,14372.00,1764.45,0.00,16136.45,PAID,14372.00,1764.45,,,2026-02-15 00:00:00+00:00,REF-20260215-2655,True,2187
2439,166,2026-02-01,2026-02-10,15261.00,2606.85,0.00,17867.85,PAID,15261.00,2606.85,,,2026-02-17 00:00:00+00:00,REF-20260217-2439,True,1971
3051,183,2026-02-01,2026-02-10,17289.00,2439.00,0.00,19728.00,PAID,17289.00,2439.00,,,2026-02-10 00:00:00+00:00,REF-20260210-3051,True,2583
2151,158,2026-02-01,2026-02-15,18790.00,1887.30,0.00,20677.30,PAID,18790.00,1887.30,,,2026-02-15 00:00:00+00:00,REF-20260215-2151,True,1683
1827,149,2026-02-01,2026-02-10,12918.00,1350.00,0.00,14268.00,PAID,12918.00,1350.00,,,2026-02-10 00:00:00+00:00,REF-20260210-1827,True,1359
2331,163,2026-02-01,2026-02-15,15487.00,2495.70,0.00,17982.70,PAID,15487.00,2495.70,,,2026-02-15 00:00:00+00:00,REF-20260215-2331,True,1863
2007,154,2026-02-01,2026-02-10,15421.00,2493.45,0.00,17914.45,PAID,15421.00,2493.45,,,2026-02-13 00:00:00+00:00,REF-20260213-2007,True,1539
1755,147,2026-02-01,2026-02-15,13413.00,2700.90,0.00,16113.90,PAID,13413.00,2700.90,,,2026-02-15 00:00:00+00:00,REF-20260215-1755,True,1287
2691,173,2026-02-01,2026-02-05,24361.00,1350.00,0.00,25711.00,PAID,24361.00,1350.00,,,2026-02-05 00:00:00+00:00,REF-20260205-2691,True,2223
2943,180,2026-02-01,2026-02-15,18152.00,2008.80,0.00,20160.80,PAID,18152.00,2008.80,,,2026-02-15 00:00:00+00:00,REF-20260215-2943,True,2475
2403,165,2026-02-01,2026-02-10,18241.00,1867.95,0.00,20108.95,PAID,18241.00,1867.95,,,2026-02-10 00:00:00+00:00,REF-20260210-2403,True,1935
2295,162,2026-02-01,2026-02-05,19048.00,1988.10,0.00,21036.10,PAID,19048.00,1988.10,,,2026-02-05 00:00:00+00:00,REF-20260205-2295,True,1827
1934,152,2026-01-01,2026-01-10,8991.00,2695.95,0.00,11686.95,PAID,8991.00,2695.95,,,2026-01-10 00:00:00+00:00,REF-20260110-1934,True,1466
2366,164,2026-01-01,2026-01-10,9196.00,2730.15,0.00,11926.15,PAID,9196.00,2730.15,,,2026-01-10 00:00:00+00:00,REF-20260110-2366,True,1898
1970,153,2026-01-01,2026-01-05,8589.00,1350.00,0.00,9939.00,PAID,8589.00,1350.00,,,2026-01-05 00:00:00+00:00,REF-20260105-1970,True,1502
2762,175,2026-01-01,2026-01-15,11675.00,2133.45,0.00,13808.45,PAID,11675.00,2133.45,,,2026-01-17 00:00:00+00:00,REF-20260117-2762,True,2294
2150,158,2026-01-01,2026-01-15,18790.00,2615.85,0.00,21405.85,PAID,18790.00,2615.85,,,2026-01-15 00:00:00+00:00,REF-20260115-2150,True,1682
1682,145,2026-01-01,2026-01-10,24585.00,2918.70,0.00,27503.70,PAID,24585.00,2918.70,,,2026-01-10 00:00:00+00:00,REF-20260110-1682,True,1214
2330,163,2026-01-01,2026-01-15,15487.00,1744.20,0.00,17231.20,PAID,15487.00,1744.20,,,2026-01-15 00:00:00+00:00,REF-20260115-2330,True,1862
3014,182,2026-01-01,2026-01-15,15393.00,1579.50,0.00,16972.50,PAID,15393.00,1579.50,,,2026-01-15 00:00:00+00:00,REF-20260115-3014,True,2546
2618,171,2026-01-01,2026-01-05,9680.00,2039.40,0.00,11719.40,PAID,9680.00,2039.40,,,2026-01-12 00:00:00+00:00,REF-20260112-2618,True,2150
1718,146,2026-01-01,2026-01-10,12967.00,2609.10,0.00,15576.10,PAID,12967.00,2609.10,,,2026-01-10 00:00:00+00:00,REF-20260110-1718,True,1250
2978,181,2026-01-01,2026-01-10,10986.00,3221.55,0.00,14207.55,PAID,10986.00,3221.55,,,2026-01-10 00:00:00+00:00,REF-20260110-2978,True,2510
2438,166,2026-01-01,2026-01-10,15261.00,1836.90,0.00,17097.90,PAID,15261.00,1836.90,,,2026-01-10 00:00:00+00:00,REF-20260110-2438,True,1970
2294,162,2026-01-01,2026-01-05,19048.00,1569.15,0.00,20617.15,PAID,19048.00,1569.15,,,2026-01-05 00:00:00+00:00,REF-20260105-2294,True,1826
2654,172,2026-01-01,2026-01-15,14372.00,2785.95,0.00,17157.95,PAID,14372.00,2785.95,,,2026-01-15 00:00:00+00:00,REF-20260115-2654,True,2186
1754,147,2026-01-01,2026-01-15,13413.00,2113.20,0.00,15526.20,PAID,13413.00,2113.20,,,2026-01-15 00:00:00+00:00,REF-20260115-1754,True,1286
2690,173,2026-01-01,2026-01-05,24361.00,1999.35,0.00,26360.35,PAID,24361.00,1999.35,,,2026-01-05 00:00:00+00:00,REF-20260105-2690,True,2222
2942,180,2026-01-01,2026-01-15,18152.00,1660.05,0.00,19812.05,PAID,18152.00,1660.05,,,2026-01-15 00:00:00+00:00,REF-20260115-2942,True,2474
3050,183,2026-01-01,2026-01-10,17289.00,2261.70,0.00,19550.70,PAID,17289.00,2261.70,,,2026-01-10 00:00:00+00:00,REF-20260110-3050,True,2582
2474,167,2026-01-01,2026-01-15,20093.00,1924.20,0.00,22017.20,PAID,20093.00,1924.20,,,2026-01-15 00:00:00+00:00,REF-20260115-2474,True,2006
2402,165,2026-01-01,2026-01-10,18241.00,2453.40,0.00,20694.40,PAID,18241.00,2453.40,,,2026-01-10 00:00:00+00:00,REF-20260110-2402,True,1934
2114,157,2026-01-01,2026-01-10,16615.00,2191.05,0.00,18806.05,PAID,16615.00,2191.05,,,2026-01-16 00:00:00+00:00,REF-20260116-2114,True,1646
2906,179,2026-01-01,2026-01-10,12137.00,1390.95,0.00,13527.95,PAID,12137.00,1390.95,,,2026-01-10 00:00:00+00:00,REF-20260110-2906,True,2438
2258,161,2026-01-01,2026-01-10,8100.00,2394.00,0.00,10494.00,PAID,8100.00,2394.00,,,2026-01-10 00:00:00+00:00,REF-20260110-2258,True,1790
2006,154,2026-01-01,2026-01-10,15421.00,2068.65,0.00,17489.65,PAID,15421.00,2068.65,,,2026-01-15 00:00:00+00:00,REF-20260115-2006,True,1538
1826,149,2026-01-01,2026-01-10,12918.00,1350.00,0.00,14268.00,PAID,12918.00,1350.00,,,2026-01-13 00:00:00+00:00,REF-20260113-1826,True,1358
2870,178,2026-01-01,2026-01-15,13339.00,2412.45,0.00,15751.45,PAID,13339.00,2412.45,,,2026-01-15 00:00:00+00:00,REF-20260115-2870,True,2402
2510,168,2026-01-01,2026-01-10,8811.00,1659.15,0.00,10470.15,PAID,8811.00,1659.15,,,2026-01-10 00:00:00+00:00,REF-20260110-2510,True,2042
1862,150,2026-01-01,2026-01-05,12073.00,2626.20,0.00,14699.20,PAID,12073.00,2626.20,,,2026-01-05 00:00:00+00:00,REF-20260105-1862,True,1394
2222,160,2026-01-01,2026-01-05,13039.00,2218.50,0.00,15257.50,PAID,13039.00,2218.50,,,2026-01-05 00:00:00+00:00,REF-20260105-2222,True,1754
2726,174,2026-01-01,2026-01-10,15982.00,1441.35,0.00,17423.35,PAID,15982.00,1441.35,,,2026-01-10 00:00:00+00:00,REF-20260110-2726,True,2258
2834,177,2026-01-01,2026-01-05,8325.00,1820.70,0.00,10145.70,PAID,8325.00,1820.70,,,2026-01-05 00:00:00+00:00,REF-20260105-2834,True,2366
2078,156,2026-01-01,2026-01-15,16423.00,2573.55,0.00,18996.55,PAID,16423.00,2573.55,,,2026-01-15 00:00:00+00:00,REF-20260115-2078,True,1610
1898,151,2026-01-01,2026-01-10,22061.00,2689.20,0.00,24750.20,PAID,22061.00,2689.20,,,2026-01-10 00:00:00+00:00,REF-20260110-1898,True,1430
2546,169,2026-01-01,2026-01-15,12907.00,2597.40,0.00,15504.40,PAID,12907.00,2597.40,,,2026-01-15 00:00:00+00:00,REF-20260115-2546,True,2078
2798,176,2026-01-01,2026-01-15,10789.00,3272.85,0.00,14061.85,PAID,10789.00,3272.85,,,2026-01-15 00:00:00+00:00,REF-20260115-2798,True,2330
2042,155,2026-01-01,2026-01-15,20483.00,2778.30,0.00,23261.30,PAID,20483.00,2778.30,,,2026-01-15 00:00:00+00:00,REF-20260115-2042,True,1574
2582,170,2026-01-01,2026-01-10,21005.00,1350.00,0.00,22355.00,PAID,21005.00,1350.00,,,2026-01-10 00:00:00+00:00,REF-20260110-2582,True,2114
2186,159,2026-01-01,2026-01-05,22110.00,2417.85,0.00,24527.85,PAID,22110.00,2417.85,,,2026-01-31 00:00:00+00:00,REF-20260131-2186,True,1718
1790,148,2026-01-01,2026-01-10,12762.00,2150.10,0.00,14912.10,PAID,12762.00,2150.10,,,2026-01-10 00:00:00+00:00,REF-20260110-1790,True,1322
1789,148,2025-12-01,2025-12-10,12762.00,2426.40,0.00,15188.40,PAID,12762.00,2426.40,,,2025-12-10 00:00:00+00:00,REF-20251210-1789,True,1321
1717,146,2025-12-01,2025-12-10,12967.00,2093.40,0.00,15060.40,PAID,12967.00,2093.40,,,2025-12-10 00:00:00+00:00,REF-20251210-1717,True,1249
2653,172,2025-12-01,2025-12-15,14372.00,2729.25,0.00,17101.25,PAID,14372.00,2729.25,,,2025-12-19 00:00:00+00:00,REF-20251219-2653,True,2185
1825,149,2025-12-01,2025-12-10,12918.00,2277.90,0.00,15195.90,PAID,12918.00,2277.90,,,2025-12-10 00:00:00+00:00,REF-20251210-1825,True,1357
2149,158,2025-12-01,2025-12-15,18790.00,1350.00,0.00,20140.00,PAID,18790.00,1350.00,,,2025-12-15 00:00:00+00:00,REF-20251215-2149,True,1681
3013,182,2025-12-01,2025-12-15,15393.00,3207.15,0.00,18600.15,PAID,15393.00,3207.15,,,2025-12-15 00:00:00+00:00,REF-20251215-3013,True,2545
2473,167,2025-12-01,2025-12-15,20093.00,2472.30,0.00,22565.30,PAID,20093.00,2472.30,,,2025-12-15 00:00:00+00:00,REF-20251215-2473,True,2005
2725,174,2025-12-01,2025-12-10,15982.00,1741.05,0.00,17723.05,PAID,15982.00,1741.05,,,2025-12-10 00:00:00+00:00,REF-20251210-2725,True,2257
2077,156,2025-12-01,2025-12-15,16423.00,2646.00,0.00,19069.00,PAID,16423.00,2646.00,,,2026-01-12 00:00:00+00:00,REF-20260112-2077,True,1609
2329,163,2025-12-01,2025-12-15,15487.00,1921.05,0.00,17408.05,PAID,15487.00,1921.05,,,2025-12-15 00:00:00+00:00,REF-20251215-2329,True,1861
2689,173,2025-12-01,2025-12-05,24361.00,1873.80,0.00,26234.80,PAID,24361.00,1873.80,,,2025-12-05 00:00:00+00:00,REF-20251205-2689,True,2221
1861,150,2025-12-01,2025-12-05,12073.00,3129.75,0.00,15202.75,PAID,12073.00,3129.75,,,2025-12-05 00:00:00+00:00,REF-20251205-1861,True,1393
2581,170,2025-12-01,2025-12-10,21005.00,2341.35,0.00,23346.35,PAID,21005.00,2341.35,,,2025-12-10 00:00:00+00:00,REF-20251210-2581,True,2113
3049,183,2025-12-01,2025-12-10,17289.00,2437.20,0.00,19726.20,PAID,17289.00,2437.20,,,2025-12-17 00:00:00+00:00,REF-20251217-3049,True,2581
2833,177,2025-12-01,2025-12-05,8325.00,1350.00,0.00,9675.00,PAID,8325.00,1350.00,,,2025-12-10 00:00:00+00:00,REF-20251210-2833,True,2365
1933,152,2025-12-01,2025-12-10,8991.00,2029.50,0.00,11020.50,PAID,8991.00,2029.50,,,2025-12-10 00:00:00+00:00,REF-20251210-1933,True,1465
2365,164,2025-12-01,2025-12-10,9196.00,3135.15,0.00,12331.15,PAID,9196.00,3135.15,,,2025-12-10 00:00:00+00:00,REF-20251210-2365,True,1897
2221,160,2025-12-01,2025-12-05,13039.00,1576.35,0.00,14615.35,PAID,13039.00,1576.35,,,2025-12-05 00:00:00+00:00,REF-20251205-2221,True,1753
1753,147,2025-12-01,2025-12-15,13413.00,2450.25,0.00,15863.25,PAID,13413.00,2450.25,,,2025-12-17 00:00:00+00:00,REF-20251217-1753,True,1285
2617,171,2025-12-01,2025-12-05,9680.00,2100.15,0.00,11780.15,PAID,9680.00,2100.15,,,2025-12-05 00:00:00+00:00,REF-20251205-2617,True,2149
2761,175,2025-12-01,2025-12-15,11675.00,1350.00,0.00,13025.00,PAID,11675.00,1350.00,,,2025-12-18 00:00:00+00:00,REF-20251218-2761,True,2293
2257,161,2025-12-01,2025-12-10,8100.00,2182.50,0.00,10282.50,PAID,8100.00,2182.50,,,2025-12-14 00:00:00+00:00,REF-20251214-2257,True,1789
2293,162,2025-12-01,2025-12-05,19048.00,3528.90,0.00,22576.90,PAID,19048.00,3528.90,,,2025-12-05 00:00:00+00:00,REF-20251205-2293,True,1825
2545,169,2025-12-01,2025-12-15,12907.00,2223.00,0.00,15130.00,PAID,12907.00,2223.00,,,2025-12-15 00:00:00+00:00,REF-20251215-2545,True,2077
1969,153,2025-12-01,2025-12-05,8589.00,2564.10,0.00,11153.10,PAID,8589.00,2564.10,,,2025-12-05 00:00:00+00:00,REF-20251205-1969,True,1501
2797,176,2025-12-01,2025-12-15,10789.00,2839.50,0.00,13628.50,PAID,10789.00,2839.50,,,2025-12-15 00:00:00+00:00,REF-20251215-2797,True,2329
2401,165,2025-12-01,2025-12-10,18241.00,1577.25,0.00,19818.25,PAID,18241.00,1577.25,,,2026-02-08 00:00:00+00:00,REF-20260208-2401,True,1933
2041,155,2025-12-01,2025-12-15,20483.00,1719.45,0.00,22202.45,PAID,20483.00,1719.45,,,2025-12-22 00:00:00+00:00,REF-20251222-2041,True,1573
2869,178,2025-12-01,2025-12-15,13339.00,2604.60,0.00,15943.60,PAID,13339.00,2604.60,,,2025-12-15 00:00:00+00:00,REF-20251215-2869,True,2401
2005,154,2025-12-01,2025-12-10,15421.00,2304.45,0.00,17725.45,PAID,15421.00,2304.45,,,2025-12-10 00:00:00+00:00,REF-20251210-2005,True,1537
2185,159,2025-12-01,2025-12-05,22110.00,1527.75,0.00,23637.75,PAID,22110.00,1527.75,,,2025-12-05 00:00:00+00:00,REF-20251205-2185,True,1717
2977,181,2025-12-01,2025-12-10,10986.00,1471.95,0.00,12457.95,PAID,10986.00,1471.95,,,2025-12-10 00:00:00+00:00,REF-20251210-2977,True,2509
1897,151,2025-12-01,2025-12-10,22061.00,2939.85,0.00,25000.85,PAID,22061.00,2939.85,,,2025-12-10 00:00:00+00:00,REF-20251210-1897,True,1429
2941,180,2025-12-01,2025-12-15,18152.00,2671.20,0.00,20823.20,PAID,18152.00,2671.20,,,2026-01-06 00:00:00+00:00,REF-20260106-2941,True,2473
2437,166,2025-12-01,2025-12-10,15261.00,1350.00,0.00,16611.00,PAID,15261.00,1350.00,,,2025-12-10 00:00:00+00:00,REF-20251210-2437,True,1969
2905,179,2025-12-01,2025-12-10,12137.00,1609.65,0.00,13746.65,PAID,12137.00,1609.65,,,2025-12-12 00:00:00+00:00,REF-20251212-2905,True,2437
2509,168,2025-12-01,2025-12-10,8811.00,2999.70,0.00,11810.70,PAID,8811.00,2999.70,,,2025-12-10 00:00:00+00:00,REF-20251210-2509,True,2041
1681,145,2025-12-01,2025-12-10,24585.00,2079.00,0.00,26664.00,PAID,24585.00,2079.00,,,2025-12-10 00:00:00+00:00,REF-20251210-1681,True,1213
2113,157,2025-12-01,2025-12-10,16615.00,2451.60,0.00,19066.60,PAID,16615.00,2451.60,,,2025-12-10 00:00:00+00:00,REF-20251210-2113,True,1645
2256,161,2025-11-01,2025-11-10,8100.00,1350.00,0.00,9450.00,PAID,8100.00,1350.00,,,2025-11-10 00:00:00+00:00,REF-20251110-2256,True,1788
1752,147,2025-11-01,2025-11-15,13413.00,1470.60,0.00,14883.60,PAID,13413.00,1470.60,,,2025-11-15 00:00:00+00:00,REF-20251115-1752,True,1284
2796,176,2025-11-01,2025-11-15,10789.00,2009.70,0.00,12798.70,PAID,10789.00,2009.70,,,2025-12-25 00:00:00+00:00,REF-20251225-2796,True,2328
2004,154,2025-11-01,2025-11-10,15421.00,2078.55,0.00,17499.55,PAID,15421.00,2078.55,,,2025-11-10 00:00:00+00:00,REF-20251110-2004,True,1536
1824,149,2025-11-01,2025-11-10,12918.00,2151.90,0.00,15069.90,PAID,12918.00,2151.90,,,2025-11-10 00:00:00+00:00,REF-20251110-1824,True,1356
2688,173,2025-11-01,2025-11-05,24361.00,1350.00,0.00,25711.00,PAID,24361.00,1350.00,,,2025-11-05 00:00:00+00:00,REF-20251105-2688,True,2220
2400,165,2025-11-01,2025-11-10,18241.00,3045.60,0.00,21286.60,PAID,18241.00,3045.60,,,2025-11-10 00:00:00+00:00,REF-20251110-2400,True,1932
2292,162,2025-11-01,2025-11-05,19048.00,2725.20,0.00,21773.20,PAID,19048.00,2725.20,,,2025-11-05 00:00:00+00:00,REF-20251105-2292,True,1824
2976,181,2025-11-01,2025-11-10,10986.00,2754.45,0.00,13740.45,PAID,10986.00,2754.45,,,2025-11-10 00:00:00+00:00,REF-20251110-2976,True,2508
2868,178,2025-11-01,2025-11-15,13339.00,1658.25,0.00,14997.25,PAID,13339.00,1658.25,,,2025-11-15 00:00:00+00:00,REF-20251115-2868,True,2400
2148,158,2025-11-01,2025-11-15,18790.00,2064.15,0.00,20854.15,PAID,18790.00,2064.15,,,2025-11-15 00:00:00+00:00,REF-20251115-2148,True,1680
2508,168,2025-11-01,2025-11-10,8811.00,2437.20,0.00,11248.20,PAID,8811.00,2437.20,,,2025-11-10 00:00:00+00:00,REF-20251110-2508,True,2040
2436,166,2025-11-01,2025-11-10,15261.00,2236.50,0.00,17497.50,PAID,15261.00,2236.50,,,2025-11-10 00:00:00+00:00,REF-20251110-2436,True,1968
1716,146,2025-11-01,2025-11-10,12967.00,3221.55,0.00,16188.55,PAID,12967.00,3221.55,,,2025-11-15 00:00:00+00:00,REF-20251115-1716,True,1248
3048,183,2025-11-01,2025-11-10,17289.00,2384.10,0.00,19673.10,PAID,17289.00,2384.10,,,2025-11-10 00:00:00+00:00,REF-20251110-3048,True,2580
2724,174,2025-11-01,2025-11-10,15982.00,1924.65,0.00,17906.65,PAID,15982.00,1924.65,,,2025-11-10 00:00:00+00:00,REF-20251110-2724,True,2256
1860,150,2025-11-01,2025-11-05,12073.00,3234.15,0.00,15307.15,PAID,12073.00,3234.15,,,2025-11-05 00:00:00+00:00,REF-20251105-1860,True,1392
2616,171,2025-11-01,2025-11-05,9680.00,2069.55,0.00,11749.55,PAID,9680.00,2069.55,,,2025-11-05 00:00:00+00:00,REF-20251105-2616,True,2148
2220,160,2025-11-01,2025-11-05,13039.00,2868.75,0.00,15907.75,PAID,13039.00,2868.75,,,2025-11-05 00:00:00+00:00,REF-20251105-2220,True,1752
2328,163,2025-11-01,2025-11-15,15487.00,2880.45,0.00,18367.45,PAID,15487.00,2880.45,,,2025-11-15 00:00:00+00:00,REF-20251115-2328,True,1860
1932,152,2025-11-01,2025-11-10,8991.00,1350.00,0.00,10341.00,PAID,8991.00,1350.00,,,2025-11-10 00:00:00+00:00,REF-20251110-1932,True,1464
2832,177,2025-11-01,2025-11-05,8325.00,1979.10,0.00,10304.10,PAID,8325.00,1979.10,,,2025-11-11 00:00:00+00:00,REF-20251111-2832,True,2364
2040,155,2025-11-01,2025-11-15,20483.00,2667.60,0.00,23150.60,PAID,20483.00,2667.60,,,2025-11-15 00:00:00+00:00,REF-20251115-2040,True,1572
3012,182,2025-11-01,2025-11-15,15393.00,1540.35,0.00,16933.35,PAID,15393.00,1540.35,,,2026-01-14 00:00:00+00:00,REF-20260114-3012,True,2544
2076,156,2025-11-01,2025-11-15,16423.00,1548.00,0.00,17971.00,PAID,16423.00,1548.00,,,2025-11-15 00:00:00+00:00,REF-20251115-2076,True,1608
1896,151,2025-11-01,2025-11-10,22061.00,1401.30,0.00,23462.30,PAID,22061.00,1401.30,,,2025-11-16 00:00:00+00:00,REF-20251116-1896,True,1428
2580,170,2025-11-01,2025-11-10,21005.00,2085.30,0.00,23090.30,PAID,21005.00,2085.30,,,2025-11-10 00:00:00+00:00,REF-20251110-2580,True,2112
2544,169,2025-11-01,2025-11-15,12907.00,2520.90,0.00,15427.90,PAID,12907.00,2520.90,,,2025-11-15 00:00:00+00:00,REF-20251115-2544,True,2076
2184,159,2025-11-01,2025-11-05,22110.00,2131.20,0.00,24241.20,PAID,22110.00,2131.20,,,2025-11-05 00:00:00+00:00,REF-20251105-2184,True,1716
1680,145,2025-11-01,2025-11-10,24585.00,2347.65,0.00,26932.65,PAID,24585.00,2347.65,,,2025-11-10 00:00:00+00:00,REF-20251110-1680,True,1212
2364,164,2025-11-01,2025-11-10,9196.00,1768.05,0.00,10964.05,PAID,9196.00,1768.05,,,2025-11-10 00:00:00+00:00,REF-20251110-2364,True,1896
2760,175,2025-11-01,2025-11-15,11675.00,3383.10,0.00,15058.10,PAID,11675.00,3383.10,,,2025-11-15 00:00:00+00:00,REF-20251115-2760,True,2292
2112,157,2025-11-01,2025-11-10,16615.00,1975.05,0.00,18590.05,PAID,16615.00,1975.05,,,2025-11-10 00:00:00+00:00,REF-20251110-2112,True,1644
1788,148,2025-11-01,2025-11-10,12762.00,2684.70,0.00,15446.70,PAID,12762.00,2684.70,,,2025-11-10 00:00:00+00:00,REF-20251110-1788,True,1320
2472,167,2025-11-01,2025-11-15,20093.00,1350.00,0.00,21443.00,PAID,20093.00,1350.00,,,2025-11-15 00:00:00+00:00,REF-20251115-2472,True,2004
2904,179,2025-11-01,2025-11-10,12137.00,1406.25,0.00,13543.25,PAID,12137.00,1406.25,,,2025-11-10 00:00:00+00:00,REF-20251110-2904,True,2436
2652,172,2025-11-01,2025-11-15,14372.00,1662.30,0.00,16034.30,PAID,14372.00,1662.30,,,2025-11-15 00:00:00+00:00,REF-20251115-2652,True,2184
2940,180,2025-11-01,2025-11-15,18152.00,2431.80,0.00,20583.80,PAID,18152.00,2431.80,,,2025-11-21 00:00:00+00:00,REF-20251121-2940,True,2472
1968,153,2025-11-01,2025-11-05,8589.00,1350.00,0.00,9939.00,PAID,8589.00,1350.00,,,2025-11-29 00:00:00+00:00,REF-20251129-1968,True,1500
2363,164,2025-10-01,2025-10-10,9196.00,2557.80,0.00,11753.80,PAID,9196.00,2557.80,,,2025-10-10 00:00:00+00:00,REF-20251010-2363,True,1895
2579,170,2025-10-01,2025-10-10,21005.00,2678.40,0.00,23683.40,PAID,21005.00,2678.40,,,2025-10-10 00:00:00+00:00,REF-20251010-2579,True,2111
1679,145,2025-10-01,2025-10-10,24585.00,2005.20,0.00,26590.20,PAID,24585.00,2005.20,,,2025-10-10 00:00:00+00:00,REF-20251010-1679,True,1211
1787,148,2025-10-01,2025-10-10,12762.00,2169.00,0.00,14931.00,PAID,12762.00,2169.00,,,2025-10-10 00:00:00+00:00,REF-20251010-1787,True,1319
1895,151,2025-10-01,2025-10-10,22061.00,1782.45,0.00,23843.45,PAID,22061.00,1782.45,,,2025-10-10 00:00:00+00:00,REF-20251010-1895,True,1427
2795,176,2025-10-01,2025-10-15,10789.00,2416.05,0.00,13205.05,PAID,10789.00,2416.05,,,2025-10-15 00:00:00+00:00,REF-20251015-2795,True,2327
2147,158,2025-10-01,2025-10-15,18790.00,2589.30,0.00,21379.30,PAID,18790.00,2589.30,,,2025-10-15 00:00:00+00:00,REF-20251015-2147,True,1679
2867,178,2025-10-01,2025-10-15,13339.00,2334.15,0.00,15673.15,PAID,13339.00,2334.15,,,2025-10-15 00:00:00+00:00,REF-20251015-2867,True,2399
2255,161,2025-10-01,2025-10-10,8100.00,2610.00,0.00,10710.00,PAID,8100.00,2610.00,,,2025-10-10 00:00:00+00:00,REF-20251010-2255,True,1787
1967,153,2025-10-01,2025-10-05,8589.00,2110.50,0.00,10699.50,PAID,8589.00,2110.50,,,2025-10-05 00:00:00+00:00,REF-20251005-1967,True,1499
2975,181,2025-10-01,2025-10-10,10986.00,2268.45,0.00,13254.45,PAID,10986.00,2268.45,,,2025-10-10 00:00:00+00:00,REF-20251010-2975,True,2507
2687,173,2025-10-01,2025-10-05,24361.00,3446.10,0.00,27807.10,PAID,24361.00,3446.10,,,2025-10-05 00:00:00+00:00,REF-20251005-2687,True,2219
2543,169,2025-10-01,2025-10-15,12907.00,1553.85,0.00,14460.85,PAID,12907.00,1553.85,,,2025-10-15 00:00:00+00:00,REF-20251015-2543,True,2075
2471,167,2025-10-01,2025-10-15,20093.00,2833.65,0.00,22926.65,PAID,20093.00,2833.65,,,2025-10-15 00:00:00+00:00,REF-20251015-2471,True,2003
2507,168,2025-10-01,2025-10-10,8811.00,2940.75,0.00,11751.75,PAID,8811.00,2940.75,,,2025-10-10 00:00:00+00:00,REF-20251010-2507,True,2039
2651,172,2025-10-01,2025-10-15,14372.00,1350.00,0.00,15722.00,PAID,14372.00,1350.00,,,2025-10-22 00:00:00+00:00,REF-20251022-2651,True,2183
1823,149,2025-10-01,2025-10-10,12918.00,1643.85,0.00,14561.85,PAID,12918.00,1643.85,,,2025-10-10 00:00:00+00:00,REF-20251010-1823,True,1355
2183,159,2025-10-01,2025-10-05,22110.00,1869.75,0.00,23979.75,PAID,22110.00,1869.75,,,2025-10-05 00:00:00+00:00,REF-20251005-2183,True,1715
2759,175,2025-10-01,2025-10-15,11675.00,2295.45,0.00,13970.45,PAID,11675.00,2295.45,,,2025-10-15 00:00:00+00:00,REF-20251015-2759,True,2291
2219,160,2025-10-01,2025-10-05,13039.00,2243.70,0.00,15282.70,PAID,13039.00,2243.70,,,2025-10-05 00:00:00+00:00,REF-20251005-2219,True,1751
2435,166,2025-10-01,2025-10-10,15261.00,2094.30,0.00,17355.30,PAID,15261.00,2094.30,,,2025-10-10 00:00:00+00:00,REF-20251010-2435,True,1967
2075,156,2025-10-01,2025-10-15,16423.00,2969.10,0.00,19392.10,PAID,16423.00,2969.10,,,2025-10-15 00:00:00+00:00,REF-20251015-2075,True,1607
2327,163,2025-10-01,2025-10-15,15487.00,3069.90,0.00,18556.90,PAID,15487.00,3069.90,,,2025-10-18 00:00:00+00:00,REF-20251018-2327,True,1859
1751,147,2025-10-01,2025-10-15,13413.00,1601.55,0.00,15014.55,PAID,13413.00,1601.55,,,2025-10-15 00:00:00+00:00,REF-20251015-1751,True,1283
2003,154,2025-10-01,2025-10-10,15421.00,2412.90,0.00,17833.90,PAID,15421.00,2412.90,,,2025-10-10 00:00:00+00:00,REF-20251010-2003,True,1535
2399,165,2025-10-01,2025-10-10,18241.00,2397.60,0.00,20638.60,PAID,18241.00,2397.60,,,2025-10-17 00:00:00+00:00,REF-20251017-2399,True,1931
2939,180,2025-10-01,2025-10-15,18152.00,2730.15,0.00,20882.15,PAID,18152.00,2730.15,,,2025-12-07 00:00:00+00:00,REF-20251207-2939,True,2471
2831,177,2025-10-01,2025-10-05,8325.00,2194.65,0.00,10519.65,PAID,8325.00,2194.65,,,2025-10-05 00:00:00+00:00,REF-20251005-2831,True,2363
1931,152,2025-10-01,2025-10-10,8991.00,1841.40,0.00,10832.40,PAID,8991.00,1841.40,,,2025-10-10 00:00:00+00:00,REF-20251010-1931,True,1463
1859,150,2025-10-01,2025-10-05,12073.00,3173.40,0.00,15246.40,PAID,12073.00,3173.40,,,2025-10-07 00:00:00+00:00,REF-20251007-1859,True,1391
2111,157,2025-10-01,2025-10-10,16615.00,2963.25,0.00,19578.25,PAID,16615.00,2963.25,,,2025-10-17 00:00:00+00:00,REF-20251017-2111,True,1643
2615,171,2025-10-01,2025-10-05,9680.00,2116.35,0.00,11796.35,PAID,9680.00,2116.35,,,2025-10-05 00:00:00+00:00,REF-20251005-2615,True,2147
2039,155,2025-10-01,2025-10-15,20483.00,3244.50,0.00,23727.50,PAID,20483.00,3244.50,,,2025-10-15 00:00:00+00:00,REF-20251015-2039,True,1571
2291,162,2025-10-01,2025-10-05,19048.00,2806.65,0.00,21854.65,PAID,19048.00,2806.65,,,2025-10-05 00:00:00+00:00,REF-20251005-2291,True,1823
3011,182,2025-10-01,2025-10-15,15393.00,2683.80,0.00,18076.80,PAID,15393.00,2683.80,,,2025-10-15 00:00:00+00:00,REF-20251015-3011,True,2543
2903,179,2025-10-01,2025-10-10,12137.00,1350.00,0.00,13487.00,PAID,12137.00,1350.00,,,2025-10-10 00:00:00+00:00,REF-20251010-2903,True,2435
2723,174,2025-10-01,2025-10-10,15982.00,2025.00,0.00,18007.00,PAID,15982.00,2025.00,,,2025-10-10 00:00:00+00:00,REF-20251010-2723,True,2255
1715,146,2025-10-01,2025-10-10,12967.00,2360.70,0.00,15327.70,PAID,12967.00,2360.70,,,2025-10-24 00:00:00+00:00,REF-20251024-1715,True,1247
3047,183,2025-10-01,2025-10-10,17289.00,2232.90,0.00,19521.90,PAID,17289.00,2232.90,,,2025-11-01 00:00:00+00:00,REF-20251101-3047,True,2579
2074,156,2025-09-01,2025-09-15,16423.00,3248.10,0.00,19671.10,PAID,16423.00,3248.10,,,2025-09-15 00:00:00+00:00,REF-20250915-2074,True,1606
2650,172,2025-09-01,2025-09-15,14372.00,2913.30,0.00,17285.30,PAID,14372.00,2913.30,,,2025-09-15 00:00:00+00:00,REF-20250915-2650,True,2182
1678,145,2025-09-01,2025-09-10,24585.00,2852.10,0.00,27437.10,PAID,24585.00,2852.10,,,2025-09-10 00:00:00+00:00,REF-20250910-1678,True,1210
3010,182,2025-09-01,2025-09-15,15393.00,2935.80,0.00,18328.80,PAID,15393.00,2935.80,,,2025-09-20 00:00:00+00:00,REF-20250920-3010,True,2542
2398,165,2025-09-01,2025-09-10,18241.00,2731.05,0.00,20972.05,PAID,18241.00,2731.05,,,2025-09-10 00:00:00+00:00,REF-20250910-2398,True,1930
2326,163,2025-09-01,2025-09-15,15487.00,1884.15,0.00,17371.15,PAID,15487.00,1884.15,,,2025-10-02 00:00:00+00:00,REF-20251002-2326,True,1858
2434,166,2025-09-01,2025-09-10,15261.00,1809.45,0.00,17070.45,PAID,15261.00,1809.45,,,2025-09-10 00:00:00+00:00,REF-20250910-2434,True,1966
1714,146,2025-09-01,2025-09-10,12967.00,1584.90,0.00,14551.90,PAID,12967.00,1584.90,,,2025-09-10 00:00:00+00:00,REF-20250910-1714,True,1246
2974,181,2025-09-01,2025-09-10,10986.00,3825.00,0.00,14811.00,PAID,10986.00,3825.00,,,2025-09-10 00:00:00+00:00,REF-20250910-2974,True,2506
1750,147,2025-09-01,2025-09-15,13413.00,2109.60,0.00,15522.60,PAID,13413.00,2109.60,,,2025-09-15 00:00:00+00:00,REF-20250915-1750,True,1282
2290,162,2025-09-01,2025-09-05,19048.00,2325.60,0.00,21373.60,PAID,19048.00,2325.60,,,2025-09-24 00:00:00+00:00,REF-20250924-2290,True,1822
2938,180,2025-09-01,2025-09-15,18152.00,2131.65,0.00,20283.65,PAID,18152.00,2131.65,,,2025-09-26 00:00:00+00:00,REF-20250926-2938,True,2470
2470,167,2025-09-01,2025-09-15,20093.00,2149.20,0.00,22242.20,PAID,20093.00,2149.20,,,2025-09-21 00:00:00+00:00,REF-20250921-2470,True,2002
1786,148,2025-09-01,2025-09-10,12762.00,2192.40,0.00,14954.40,PAID,12762.00,2192.40,,,2025-09-21 00:00:00+00:00,REF-20250921-1786,True,1318
2902,179,2025-09-01,2025-09-10,12137.00,1451.70,0.00,13588.70,PAID,12137.00,1451.70,,,2025-10-04 00:00:00+00:00,REF-20251004-2902,True,2434
2254,161,2025-09-01,2025-09-10,8100.00,2797.65,0.00,10897.65,PAID,8100.00,2797.65,,,2025-09-10 00:00:00+00:00,REF-20250910-2254,True,1786
1822,149,2025-09-01,2025-09-10,12918.00,1823.40,0.00,14741.40,PAID,12918.00,1823.40,,,2025-09-17 00:00:00+00:00,REF-20250917-1822,True,1354
2506,168,2025-09-01,2025-09-10,8811.00,2209.05,0.00,11020.05,PAID,8811.00,2209.05,,,2025-09-10 00:00:00+00:00,REF-20250910-2506,True,2038
2866,178,2025-09-01,2025-09-15,13339.00,3239.55,0.00,16578.55,PAID,13339.00,3239.55,,,2025-09-15 00:00:00+00:00,REF-20250915-2866,True,2398
1858,150,2025-09-01,2025-09-05,12073.00,1960.65,0.00,14033.65,PAID,12073.00,1960.65,,,2025-09-05 00:00:00+00:00,REF-20250905-1858,True,1390
2218,160,2025-09-01,2025-09-05,13039.00,1690.20,0.00,14729.20,PAID,13039.00,1690.20,,,2025-09-11 00:00:00+00:00,REF-20250911-2218,True,1750
2830,177,2025-09-01,2025-09-05,8325.00,2361.60,0.00,10686.60,PAID,8325.00,2361.60,,,2025-09-06 00:00:00+00:00,REF-20250906-2830,True,2362
2362,164,2025-09-01,2025-09-10,9196.00,3048.30,0.00,12244.30,PAID,9196.00,3048.30,,,2025-09-10 00:00:00+00:00,REF-20250910-2362,True,1894
1894,151,2025-09-01,2025-09-10,22061.00,2650.50,0.00,24711.50,PAID,22061.00,2650.50,,,2025-09-10 00:00:00+00:00,REF-20250910-1894,True,1426
2542,169,2025-09-01,2025-09-15,12907.00,2642.40,0.00,15549.40,PAID,12907.00,2642.40,,,2025-09-15 00:00:00+00:00,REF-20250915-2542,True,2074
2794,176,2025-09-01,2025-09-15,10789.00,1768.50,0.00,12557.50,PAID,10789.00,1768.50,,,2025-10-01 00:00:00+00:00,REF-20251001-2794,True,2326
3046,183,2025-09-01,2025-09-10,17289.00,1350.00,0.00,18639.00,PAID,17289.00,1350.00,,,2025-09-10 00:00:00+00:00,REF-20250910-3046,True,2578
1930,152,2025-09-01,2025-09-10,8991.00,2309.40,0.00,11300.40,PAID,8991.00,2309.40,,,2025-09-17 00:00:00+00:00,REF-20250917-1930,True,1462
2182,159,2025-09-01,2025-09-05,22110.00,1768.50,0.00,23878.50,PAID,22110.00,1768.50,,,2025-09-05 00:00:00+00:00,REF-20250905-2182,True,1714
2758,175,2025-09-01,2025-09-15,11675.00,2634.75,0.00,14309.75,PAID,11675.00,2634.75,,,2025-09-15 00:00:00+00:00,REF-20250915-2758,True,2290
2578,170,2025-09-01,2025-09-10,21005.00,2504.25,0.00,23509.25,PAID,21005.00,2504.25,,,2025-09-10 00:00:00+00:00,REF-20250910-2578,True,2110
1966,153,2025-09-01,2025-09-05,8589.00,3098.25,0.00,11687.25,PAID,8589.00,3098.25,,,2025-09-05 00:00:00+00:00,REF-20250905-1966,True,1498
2722,174,2025-09-01,2025-09-10,15982.00,2440.35,0.00,18422.35,PAID,15982.00,2440.35,,,2025-09-15 00:00:00+00:00,REF-20250915-2722,True,2254
2146,158,2025-09-01,2025-09-15,18790.00,1828.35,0.00,20618.35,PAID,18790.00,1828.35,,,2025-10-06 00:00:00+00:00,REF-20251006-2146,True,1678
2002,154,2025-09-01,2025-09-10,15421.00,1960.20,0.00,17381.20,PAID,15421.00,1960.20,,,2025-09-10 00:00:00+00:00,REF-20250910-2002,True,1534
2038,155,2025-09-01,2025-09-15,20483.00,1392.75,0.00,21875.75,PAID,20483.00,1392.75,,,2025-09-15 00:00:00+00:00,REF-20250915-2038,True,1570
2686,173,2025-09-01,2025-09-05,24361.00,1951.20,0.00,26312.20,PAID,24361.00,1951.20,,,2025-09-06 00:00:00+00:00,REF-20250906-2686,True,2218
2614,171,2025-09-01,2025-09-05,9680.00,1713.60,0.00,11393.60,PAID,9680.00,1713.60,,,2025-09-05 00:00:00+00:00,REF-20250905-2614,True,2146
2110,157,2025-09-01,2025-09-10,16615.00,1849.50,0.00,18464.50,PAID,16615.00,1849.50,,,2025-09-10 00:00:00+00:00,REF-20250910-2110,True,1642
2181,159,2025-08-01,2025-08-05,22110.00,2825.10,0.00,24935.10,PAID,22110.00,2825.10,,,2025-08-05 00:00:00+00:00,REF-20250805-2181,True,1713
1929,152,2025-08-01,2025-08-10,8991.00,2337.75,0.00,11328.75,PAID,8991.00,2337.75,,,2025-08-10 00:00:00+00:00,REF-20250810-1929,True,1461
2793,176,2025-08-01,2025-08-15,10789.00,2118.60,0.00,12907.60,PAID,10789.00,2118.60,,,2025-08-15 00:00:00+00:00,REF-20250815-2793,True,2325
1893,151,2025-08-01,2025-08-10,22061.00,2129.85,0.00,24190.85,PAID,22061.00,2129.85,,,2025-08-10 00:00:00+00:00,REF-20250810-1893,True,1425
2541,169,2025-08-01,2025-08-15,12907.00,2688.75,0.00,15595.75,PAID,12907.00,2688.75,,,2025-09-12 00:00:00+00:00,REF-20250912-2541,True,2073
2001,154,2025-08-01,2025-08-10,15421.00,1722.60,0.00,17143.60,PAID,15421.00,1722.60,,,2025-08-10 00:00:00+00:00,REF-20250810-2001,True,1533
2829,177,2025-08-01,2025-08-05,8325.00,1385.10,0.00,9710.10,PAID,8325.00,1385.10,,,2025-08-05 00:00:00+00:00,REF-20250805-2829,True,2361
2217,160,2025-08-01,2025-08-05,13039.00,2435.40,0.00,15474.40,PAID,13039.00,2435.40,,,2025-08-05 00:00:00+00:00,REF-20250805-2217,True,1749
1857,150,2025-08-01,2025-08-05,12073.00,2884.05,0.00,14957.05,PAID,12073.00,2884.05,,,2025-08-05 00:00:00+00:00,REF-20250805-1857,True,1389
2361,164,2025-08-01,2025-08-10,9196.00,2882.70,0.00,12078.70,PAID,9196.00,2882.70,,,2025-08-10 00:00:00+00:00,REF-20250810-2361,True,1893
2721,174,2025-08-01,2025-08-10,15982.00,2409.30,0.00,18391.30,PAID,15982.00,2409.30,,,2025-08-10 00:00:00+00:00,REF-20250810-2721,True,2253
2865,178,2025-08-01,2025-08-15,13339.00,2605.50,0.00,15944.50,PAID,13339.00,2605.50,,,2025-08-15 00:00:00+00:00,REF-20250815-2865,True,2397
2145,158,2025-08-01,2025-08-15,18790.00,1618.65,0.00,20408.65,PAID,18790.00,1618.65,,,2025-08-28 00:00:00+00:00,REF-20250828-2145,True,1677
2505,168,2025-08-01,2025-08-10,8811.00,3283.65,0.00,12094.65,PAID,8811.00,3283.65,,,2025-08-10 00:00:00+00:00,REF-20250810-2505,True,2037
2649,172,2025-08-01,2025-08-15,14372.00,1830.15,0.00,16202.15,PAID,14372.00,1830.15,,,2025-08-25 00:00:00+00:00,REF-20250825-2649,True,2181
1821,149,2025-08-01,2025-08-10,12918.00,2051.10,0.00,14969.10,PAID,12918.00,2051.10,,,2025-08-10 00:00:00+00:00,REF-20250810-1821,True,1353
2253,161,2025-08-01,2025-08-10,8100.00,1902.60,0.00,10002.60,PAID,8100.00,1902.60,,,2025-08-10 00:00:00+00:00,REF-20250810-2253,True,1785
1785,148,2025-08-01,2025-08-10,12762.00,2845.80,0.00,15607.80,PAID,12762.00,2845.80,,,2025-08-10 00:00:00+00:00,REF-20250810-1785,True,1317
2469,167,2025-08-01,2025-08-15,20093.00,3544.65,0.00,23637.65,PAID,20093.00,3544.65,,,2025-08-21 00:00:00+00:00,REF-20250821-2469,True,2001
2613,171,2025-08-01,2025-08-05,9680.00,3132.45,0.00,12812.45,PAID,9680.00,3132.45,,,2025-08-05 00:00:00+00:00,REF-20250805-2613,True,2145
2037,155,2025-08-01,2025-08-15,20483.00,2184.30,0.00,22667.30,PAID,20483.00,2184.30,,,2025-08-15 00:00:00+00:00,REF-20250815-2037,True,1569
2073,156,2025-08-01,2025-08-15,16423.00,2478.15,0.00,18901.15,PAID,16423.00,2478.15,,,2025-09-28 00:00:00+00:00,REF-20250928-2073,True,1605
2937,180,2025-08-01,2025-08-15,18152.00,2122.20,0.00,20274.20,PAID,18152.00,2122.20,,,2025-08-15 00:00:00+00:00,REF-20250815-2937,True,2469
2289,162,2025-08-01,2025-08-05,19048.00,1886.40,0.00,20934.40,PAID,19048.00,1886.40,,,2025-08-05 00:00:00+00:00,REF-20250805-2289,True,1821
1749,147,2025-08-01,2025-08-15,13413.00,1350.00,0.00,14763.00,PAID,13413.00,1350.00,,,2025-08-20 00:00:00+00:00,REF-20250820-1749,True,1281
2685,173,2025-08-01,2025-08-05,24361.00,2858.40,0.00,27219.40,PAID,24361.00,2858.40,,,2025-08-05 00:00:00+00:00,REF-20250805-2685,True,2217
2973,181,2025-08-01,2025-08-10,10986.00,2585.70,0.00,13571.70,PAID,10986.00,2585.70,,,2025-08-10 00:00:00+00:00,REF-20250810-2973,True,2505
2109,157,2025-08-01,2025-08-10,16615.00,2569.95,0.00,19184.95,PAID,16615.00,2569.95,,,2025-08-10 00:00:00+00:00,REF-20250810-2109,True,1641
1713,146,2025-08-01,2025-08-10,12967.00,2537.10,0.00,15504.10,PAID,12967.00,2537.10,,,2025-08-21 00:00:00+00:00,REF-20250821-1713,True,1245
2433,166,2025-08-01,2025-08-10,15261.00,1707.75,0.00,16968.75,PAID,15261.00,1707.75,,,2025-08-14 00:00:00+00:00,REF-20250814-2433,True,1965
2325,163,2025-08-01,2025-08-15,15487.00,1562.40,0.00,17049.40,PAID,15487.00,1562.40,,,2025-08-15 00:00:00+00:00,REF-20250815-2325,True,1857
3009,182,2025-08-01,2025-08-15,15393.00,2541.60,0.00,17934.60,PAID,15393.00,2541.60,,,2025-08-15 00:00:00+00:00,REF-20250815-3009,True,2541
1677,145,2025-08-01,2025-08-10,24585.00,1961.55,0.00,26546.55,PAID,24585.00,1961.55,,,2025-08-10 00:00:00+00:00,REF-20250810-1677,True,1209
2577,170,2025-08-01,2025-08-10,21005.00,1903.95,0.00,22908.95,PAID,21005.00,1903.95,,,2025-08-15 00:00:00+00:00,REF-20250815-2577,True,2109
3045,183,2025-08-01,2025-08-10,17289.00,2957.40,0.00,20246.40,PAID,17289.00,2957.40,,,2025-08-10 00:00:00+00:00,REF-20250810-3045,True,2577
1965,153,2025-08-01,2025-08-05,8589.00,2408.85,0.00,10997.85,PAID,8589.00,2408.85,,,2025-08-07 00:00:00+00:00,REF-20250807-1965,True,1497
2397,165,2025-08-01,2025-08-10,18241.00,1554.75,0.00,19795.75,PAID,18241.00,1554.75,,,2025-08-10 00:00:00+00:00,REF-20250810-2397,True,1929
2757,175,2025-08-01,2025-08-15,11675.00,1366.20,0.00,13041.20,PAID,11675.00,1366.20,,,2025-08-15 00:00:00+00:00,REF-20250815-2757,True,2289
2901,179,2025-08-01,2025-08-10,12137.00,1433.25,0.00,13570.25,PAID,12137.00,1433.25,,,2025-08-13 00:00:00+00:00,REF-20250813-2901,True,2433
2180,159,2025-07-01,2025-07-05,22110.00,2261.70,0.00,24371.70,PAID,22110.00,2261.70,,,2025-07-05 00:00:00+00:00,REF-20250705-2180,True,1712
2324,163,2025-07-01,2025-07-15,15487.00,1647.00,0.00,17134.00,PAID,15487.00,1647.00,,,2025-07-15 00:00:00+00:00,REF-20250715-2324,True,1856
1784,148,2025-07-01,2025-07-10,12762.00,2824.20,0.00,15586.20,PAID,12762.00,2824.20,,,2025-07-10 00:00:00+00:00,REF-20250710-1784,True,1316
1928,152,2025-07-01,2025-07-10,8991.00,2127.60,0.00,11118.60,PAID,8991.00,2127.60,,,2025-07-10 00:00:00+00:00,REF-20250710-1928,True,1460
2792,176,2025-07-01,2025-07-15,10789.00,2663.10,0.00,13452.10,PAID,10789.00,2663.10,,,2025-07-15 00:00:00+00:00,REF-20250715-2792,True,2324
2684,173,2025-07-01,2025-07-05,24361.00,2368.35,0.00,26729.35,PAID,24361.00,2368.35,,,2025-07-05 00:00:00+00:00,REF-20250705-2684,True,2216
2612,171,2025-07-01,2025-07-05,9680.00,2830.95,0.00,12510.95,PAID,9680.00,2830.95,,,2025-07-05 00:00:00+00:00,REF-20250705-2612,True,2144
1892,151,2025-07-01,2025-07-10,22061.00,1635.75,0.00,23696.75,PAID,22061.00,1635.75,,,2025-07-10 00:00:00+00:00,REF-20250710-1892,True,1424
1676,145,2025-07-01,2025-07-10,24585.00,1842.75,0.00,26427.75,PAID,24585.00,1842.75,,,2025-07-10 00:00:00+00:00,REF-20250710-1676,True,1208
2540,169,2025-07-01,2025-07-15,12907.00,2925.45,0.00,15832.45,PAID,12907.00,2925.45,,,2025-07-15 00:00:00+00:00,REF-20250715-2540,True,2072
2000,154,2025-07-01,2025-07-10,15421.00,1994.40,0.00,17415.40,PAID,15421.00,1994.40,,,2025-07-10 00:00:00+00:00,REF-20250710-2000,True,1532
2468,167,2025-07-01,2025-07-15,20093.00,1965.60,0.00,22058.60,PAID,20093.00,1965.60,,,2025-07-15 00:00:00+00:00,REF-20250715-2468,True,2000
2216,160,2025-07-01,2025-07-05,13039.00,1943.55,0.00,14982.55,PAID,13039.00,1943.55,,,2025-07-05 00:00:00+00:00,REF-20250705-2216,True,1748
2828,177,2025-07-01,2025-07-05,8325.00,1685.70,0.00,10010.70,PAID,8325.00,1685.70,,,2025-07-05 00:00:00+00:00,REF-20250705-2828,True,2360
2036,155,2025-07-01,2025-07-15,20483.00,1350.00,0.00,21833.00,PAID,20483.00,1350.00,,,2025-07-15 00:00:00+00:00,REF-20250715-2036,True,1568
3008,182,2025-07-01,2025-07-15,15393.00,2876.85,0.00,18269.85,PAID,15393.00,2876.85,,,2025-07-15 00:00:00+00:00,REF-20250715-3008,True,2540
2576,170,2025-07-01,2025-07-10,21005.00,2088.90,0.00,23093.90,PAID,21005.00,2088.90,,,2025-07-30 00:00:00+00:00,REF-20250730-2576,True,2108
1856,150,2025-07-01,2025-07-05,12073.00,2123.55,0.00,14196.55,PAID,12073.00,2123.55,,,2025-07-05 00:00:00+00:00,REF-20250705-1856,True,1388
2936,180,2025-07-01,2025-07-15,18152.00,2786.85,0.00,20938.85,PAID,18152.00,2786.85,,,2025-07-15 00:00:00+00:00,REF-20250715-2936,True,2468
2108,157,2025-07-01,2025-07-10,16615.00,3113.10,0.00,19728.10,PAID,16615.00,3113.10,,,2025-07-10 00:00:00+00:00,REF-20250710-2108,True,1640
1712,146,2025-07-01,2025-07-10,12967.00,2401.20,0.00,15368.20,PAID,12967.00,2401.20,,,2025-07-10 00:00:00+00:00,REF-20250710-1712,True,1244
2720,174,2025-07-01,2025-07-10,15982.00,3053.70,0.00,19035.70,PAID,15982.00,3053.70,,,2025-07-10 00:00:00+00:00,REF-20250710-2720,True,2252
2360,164,2025-07-01,2025-07-10,9196.00,2629.80,0.00,11825.80,PAID,9196.00,2629.80,,,2025-07-10 00:00:00+00:00,REF-20250710-2360,True,1892
2864,178,2025-07-01,2025-07-15,13339.00,2618.10,0.00,15957.10,PAID,13339.00,2618.10,,,2025-07-15 00:00:00+00:00,REF-20250715-2864,True,2396
2288,162,2025-07-01,2025-07-05,19048.00,3055.95,0.00,22103.95,PAID,19048.00,3055.95,,,2025-07-05 00:00:00+00:00,REF-20250705-2288,True,1820
2648,172,2025-07-01,2025-07-15,14372.00,1881.45,0.00,16253.45,PAID,14372.00,1881.45,,,2025-07-15 00:00:00+00:00,REF-20250715-2648,True,2180
2756,175,2025-07-01,2025-07-15,11675.00,1412.10,0.00,13087.10,PAID,11675.00,1412.10,,,2025-08-01 00:00:00+00:00,REF-20250801-2756,True,2288
2144,158,2025-07-01,2025-07-15,18790.00,1633.95,0.00,20423.95,PAID,18790.00,1633.95,,,2025-07-18 00:00:00+00:00,REF-20250718-2144,True,1676
2432,166,2025-07-01,2025-07-10,15261.00,2727.45,0.00,17988.45,PAID,15261.00,2727.45,,,2025-09-05 00:00:00+00:00,REF-20250905-2432,True,1964
3044,183,2025-07-01,2025-07-10,17289.00,2778.75,0.00,20067.75,PAID,17289.00,2778.75,,,2025-07-10 00:00:00+00:00,REF-20250710-3044,True,2576
1748,147,2025-07-01,2025-07-15,13413.00,2726.10,0.00,16139.10,PAID,13413.00,2726.10,,,2025-07-19 00:00:00+00:00,REF-20250719-1748,True,1280
2504,168,2025-07-01,2025-07-10,8811.00,2286.90,0.00,11097.90,PAID,8811.00,2286.90,,,2025-07-10 00:00:00+00:00,REF-20250710-2504,True,2036
2972,181,2025-07-01,2025-07-10,10986.00,1873.80,0.00,12859.80,PAID,10986.00,1873.80,,,2025-07-10 00:00:00+00:00,REF-20250710-2972,True,2504
1820,149,2025-07-01,2025-07-10,12918.00,1551.60,0.00,14469.60,PAID,12918.00,1551.60,,,2025-07-14 00:00:00+00:00,REF-20250714-1820,True,1352
2396,165,2025-07-01,2025-07-10,18241.00,3466.35,0.00,21707.35,PAID,18241.00,3466.35,,,2025-08-09 00:00:00+00:00,REF-20250809-2396,True,1928
2252,161,2025-07-01,2025-07-10,8100.00,2526.75,0.00,10626.75,PAID,8100.00,2526.75,,,2025-07-10 00:00:00+00:00,REF-20250710-2252,True,1784
2072,156,2025-07-01,2025-07-15,16423.00,2409.30,0.00,18832.30,PAID,16423.00,2409.30,,,2025-07-15 00:00:00+00:00,REF-20250715-2072,True,1604
2900,179,2025-07-01,2025-07-10,12137.00,1474.65,0.00,13611.65,PAID,12137.00,1474.65,,,2025-07-10 00:00:00+00:00,REF-20250710-2900,True,2432
1964,153,2025-07-01,2025-07-05,8589.00,2417.40,0.00,11006.40,PAID,8589.00,2417.40,,,2025-07-05 00:00:00+00:00,REF-20250705-1964,True,1496
2359,164,2025-06-01,2025-06-10,9196.00,1939.50,0.00,11135.50,PAID,9196.00,1939.50,,,2025-06-12 00:00:00+00:00,REF-20250612-2359,True,1891
1675,145,2025-06-01,2025-06-10,24585.00,2632.50,0.00,27217.50,PAID,24585.00,2632.50,,,2025-06-10 00:00:00+00:00,REF-20250610-1675,True,1207
3007,182,2025-06-01,2025-06-15,15393.00,2412.45,0.00,17805.45,PAID,15393.00,2412.45,,,2025-06-15 00:00:00+00:00,REF-20250615-3007,True,2539
1711,146,2025-06-01,2025-06-10,12967.00,2233.80,0.00,15200.80,PAID,12967.00,2233.80,,,2025-06-14 00:00:00+00:00,REF-20250614-1711,True,1243
1747,147,2025-06-01,2025-06-15,13413.00,2720.70,0.00,16133.70,PAID,13413.00,2720.70,,,2025-06-15 00:00:00+00:00,REF-20250615-1747,True,1279
2935,180,2025-06-01,2025-06-15,18152.00,1350.00,0.00,19502.00,PAID,18152.00,1350.00,,,2025-06-22 00:00:00+00:00,REF-20250622-2935,True,2467
1783,148,2025-06-01,2025-06-10,12762.00,2189.70,0.00,14951.70,PAID,12762.00,2189.70,,,2025-06-10 00:00:00+00:00,REF-20250610-1783,True,1315
2899,179,2025-06-01,2025-06-10,12137.00,1674.45,0.00,13811.45,PAID,12137.00,1674.45,,,2025-06-15 00:00:00+00:00,REF-20250615-2899,True,2431
1819,149,2025-06-01,2025-06-10,12918.00,1856.70,0.00,14774.70,PAID,12918.00,1856.70,,,2025-06-10 00:00:00+00:00,REF-20250610-1819,True,1351
2863,178,2025-06-01,2025-06-15,13339.00,2126.70,0.00,15465.70,PAID,13339.00,2126.70,,,2025-06-15 00:00:00+00:00,REF-20250615-2863,True,2395
1855,150,2025-06-01,2025-06-05,12073.00,2390.85,0.00,14463.85,PAID,12073.00,2390.85,,,2025-06-05 00:00:00+00:00,REF-20250605-1855,True,1387
2827,177,2025-06-01,2025-06-05,8325.00,2679.75,0.00,11004.75,PAID,8325.00,2679.75,,,2025-06-05 00:00:00+00:00,REF-20250605-2827,True,2359
1891,151,2025-06-01,2025-06-10,22061.00,2732.40,0.00,24793.40,PAID,22061.00,2732.40,,,2025-06-10 00:00:00+00:00,REF-20250610-1891,True,1423
1927,152,2025-06-01,2025-06-10,8991.00,2236.05,0.00,11227.05,PAID,8991.00,2236.05,,,2025-06-10 00:00:00+00:00,REF-20250610-1927,True,1459
2791,176,2025-06-01,2025-06-15,10789.00,3026.70,0.00,13815.70,PAID,10789.00,3026.70,,,2025-06-15 00:00:00+00:00,REF-20250615-2791,True,2323
1963,153,2025-06-01,2025-06-05,8589.00,2114.10,0.00,10703.10,PAID,8589.00,2114.10,,,2025-06-05 00:00:00+00:00,REF-20250605-1963,True,1495
2755,175,2025-06-01,2025-06-15,11675.00,1557.90,0.00,13232.90,PAID,11675.00,1557.90,,,2025-06-15 00:00:00+00:00,REF-20250615-2755,True,2287
1999,154,2025-06-01,2025-06-10,15421.00,2610.90,0.00,18031.90,PAID,15421.00,2610.90,,,2025-06-10 00:00:00+00:00,REF-20250610-1999,True,1531
2719,174,2025-06-01,2025-06-10,15982.00,1576.35,0.00,17558.35,PAID,15982.00,1576.35,,,2025-06-10 00:00:00+00:00,REF-20250610-2719,True,2251
2035,155,2025-06-01,2025-06-15,20483.00,1906.20,0.00,22389.20,PAID,20483.00,1906.20,,,2025-06-15 00:00:00+00:00,REF-20250615-2035,True,1567
2683,173,2025-06-01,2025-06-05,24361.00,2290.95,0.00,26651.95,PAID,24361.00,2290.95,,,2025-06-05 00:00:00+00:00,REF-20250605-2683,True,2215
3043,183,2025-06-01,2025-06-10,17289.00,1660.95,0.00,18949.95,PAID,17289.00,1660.95,,,2025-06-10 00:00:00+00:00,REF-20250610-3043,True,2575
2071,156,2025-06-01,2025-06-15,16423.00,2136.60,0.00,18559.60,PAID,16423.00,2136.60,,,2025-06-15 00:00:00+00:00,REF-20250615-2071,True,1603
2647,172,2025-06-01,2025-06-15,14372.00,2562.30,0.00,16934.30,PAID,14372.00,2562.30,,,2025-06-15 00:00:00+00:00,REF-20250615-2647,True,2179
2107,157,2025-06-01,2025-06-10,16615.00,2547.45,0.00,19162.45,PAID,16615.00,2547.45,,,2025-06-16 00:00:00+00:00,REF-20250616-2107,True,1639
2611,171,2025-06-01,2025-06-05,9680.00,1827.45,0.00,11507.45,PAID,9680.00,1827.45,,,2025-06-05 00:00:00+00:00,REF-20250605-2611,True,2143
2143,158,2025-06-01,2025-06-15,18790.00,1913.85,0.00,20703.85,PAID,18790.00,1913.85,,,2025-06-18 00:00:00+00:00,REF-20250618-2143,True,1675
2575,170,2025-06-01,2025-06-10,21005.00,2871.00,0.00,23876.00,PAID,21005.00,2871.00,,,2025-06-13 00:00:00+00:00,REF-20250613-2575,True,2107
2179,159,2025-06-01,2025-06-05,22110.00,1350.00,0.00,23460.00,PAID,22110.00,1350.00,,,2025-06-05 00:00:00+00:00,REF-20250605-2179,True,1711
2539,169,2025-06-01,2025-06-15,12907.00,2496.60,0.00,15403.60,PAID,12907.00,2496.60,,,2025-06-15 00:00:00+00:00,REF-20250615-2539,True,2071
2215,160,2025-06-01,2025-06-05,13039.00,2395.80,0.00,15434.80,PAID,13039.00,2395.80,,,2025-06-05 00:00:00+00:00,REF-20250605-2215,True,1747
2503,168,2025-06-01,2025-06-10,8811.00,1931.85,0.00,10742.85,PAID,8811.00,1931.85,,,2025-06-10 00:00:00+00:00,REF-20250610-2503,True,2035
2251,161,2025-06-01,2025-06-10,8100.00,1782.90,0.00,9882.90,PAID,8100.00,1782.90,,,2025-06-10 00:00:00+00:00,REF-20250610-2251,True,1783
2467,167,2025-06-01,2025-06-15,20093.00,2105.10,0.00,22198.10,PAID,20093.00,2105.10,,,2025-06-15 00:00:00+00:00,REF-20250615-2467,True,1999
2287,162,2025-06-01,2025-06-05,19048.00,2447.10,0.00,21495.10,PAID,19048.00,2447.10,,,2025-06-06 00:00:00+00:00,REF-20250606-2287,True,1819
2431,166,2025-06-01,2025-06-10,15261.00,2430.45,0.00,17691.45,PAID,15261.00,2430.45,,,2025-06-10 00:00:00+00:00,REF-20250610-2431,True,1963
2323,163,2025-06-01,2025-06-15,15487.00,2766.60,0.00,18253.60,PAID,15487.00,2766.60,,,2025-06-15 00:00:00+00:00,REF-20250615-2323,True,1855
2395,165,2025-06-01,2025-06-10,18241.00,2817.90,0.00,21058.90,PAID,18241.00,2817.90,,,2025-06-12 00:00:00+00:00,REF-20250612-2395,True,1927
2971,181,2025-06-01,2025-06-10,10986.00,2082.15,0.00,13068.15,PAID,10986.00,2082.15,,,2025-06-10 00:00:00+00:00,REF-20250610-2971,True,2503
2322,163,2025-05-01,2025-05-15,15487.00,2576.25,0.00,18063.25,PAID,15487.00,2576.25,,,2025-05-15 00:00:00+00:00,REF-20250515-2322,True,1854
1926,152,2025-05-01,2025-05-10,8991.00,1872.45,0.00,10863.45,PAID,8991.00,1872.45,,,2025-05-10 00:00:00+00:00,REF-20250510-1926,True,1458
2790,176,2025-05-01,2025-05-15,10789.00,3117.60,0.00,13906.60,PAID,10789.00,3117.60,,,2025-05-15 00:00:00+00:00,REF-20250515-2790,True,2322
2178,159,2025-05-01,2025-05-05,22110.00,2463.30,0.00,24573.30,PAID,22110.00,2463.30,,,2025-05-05 00:00:00+00:00,REF-20250505-2178,True,1710
1962,153,2025-05-01,2025-05-05,8589.00,2707.20,0.00,11296.20,PAID,8589.00,2707.20,,,2025-05-10 00:00:00+00:00,REF-20250510-1962,True,1494
2754,175,2025-05-01,2025-05-15,11675.00,2706.30,0.00,14381.30,PAID,11675.00,2706.30,,,2025-05-15 00:00:00+00:00,REF-20250515-2754,True,2286
2574,170,2025-05-01,2025-05-10,21005.00,1751.85,0.00,22756.85,PAID,21005.00,1751.85,,,2025-06-04 00:00:00+00:00,REF-20250604-2574,True,2106
2430,166,2025-05-01,2025-05-10,15261.00,2772.90,0.00,18033.90,PAID,15261.00,2772.90,,,2025-05-17 00:00:00+00:00,REF-20250517-2430,True,1962
2394,165,2025-05-01,2025-05-10,18241.00,2394.90,0.00,20635.90,PAID,18241.00,2394.90,,,2025-05-10 00:00:00+00:00,REF-20250510-2394,True,1926
2070,156,2025-05-01,2025-05-15,16423.00,1645.65,0.00,18068.65,PAID,16423.00,1645.65,,,2025-05-15 00:00:00+00:00,REF-20250515-2070,True,1602
2682,173,2025-05-01,2025-05-05,24361.00,2284.20,0.00,26645.20,PAID,24361.00,2284.20,,,2025-05-05 00:00:00+00:00,REF-20250505-2682,True,2214
2034,155,2025-05-01,2025-05-15,20483.00,2048.85,0.00,22531.85,PAID,20483.00,2048.85,,,2025-05-15 00:00:00+00:00,REF-20250515-2034,True,1566
2646,172,2025-05-01,2025-05-15,14372.00,1818.45,0.00,16190.45,PAID,14372.00,1818.45,,,2025-06-07 00:00:00+00:00,REF-20250607-2646,True,2178
1710,146,2025-05-01,2025-05-10,12967.00,1725.75,0.00,14692.75,PAID,12967.00,1725.75,,,2025-05-10 00:00:00+00:00,REF-20250510-1710,True,1242
2610,171,2025-05-01,2025-05-05,9680.00,1985.40,0.00,11665.40,PAID,9680.00,1985.40,,,2025-05-05 00:00:00+00:00,REF-20250505-2610,True,2142
2106,157,2025-05-01,2025-05-10,16615.00,2465.55,0.00,19080.55,PAID,16615.00,2465.55,,,2025-05-16 00:00:00+00:00,REF-20250516-2106,True,1638
2970,181,2025-05-01,2025-05-10,10986.00,2005.20,0.00,12991.20,PAID,10986.00,2005.20,,,2025-05-10 00:00:00+00:00,REF-20250510-2970,True,2502
1746,147,2025-05-01,2025-05-15,13413.00,1611.00,0.00,15024.00,PAID,13413.00,1611.00,,,2025-05-15 00:00:00+00:00,REF-20250515-1746,True,1278
2286,162,2025-05-01,2025-05-05,19048.00,1958.40,0.00,21006.40,PAID,19048.00,1958.40,,,2025-05-05 00:00:00+00:00,REF-20250505-2286,True,1818
2934,180,2025-05-01,2025-05-15,18152.00,2005.65,0.00,20157.65,PAID,18152.00,2005.65,,,2025-06-05 00:00:00+00:00,REF-20250605-2934,True,2466
3042,183,2025-05-01,2025-05-10,17289.00,2835.00,0.00,20124.00,PAID,17289.00,2835.00,,,2025-06-06 00:00:00+00:00,REF-20250606-3042,True,2574
2466,167,2025-05-01,2025-05-15,20093.00,2624.85,0.00,22717.85,PAID,20093.00,2624.85,,,2025-05-15 00:00:00+00:00,REF-20250515-2466,True,1998
1782,148,2025-05-01,2025-05-10,12762.00,2443.05,0.00,15205.05,PAID,12762.00,2443.05,,,2025-05-10 00:00:00+00:00,REF-20250510-1782,True,1314
2898,179,2025-05-01,2025-05-10,12137.00,2335.05,0.00,14472.05,PAID,12137.00,2335.05,,,2025-05-10 00:00:00+00:00,REF-20250510-2898,True,2430
2250,161,2025-05-01,2025-05-10,8100.00,2028.60,0.00,10128.60,PAID,8100.00,2028.60,,,2025-05-10 00:00:00+00:00,REF-20250510-2250,True,1782
1818,149,2025-05-01,2025-05-10,12918.00,2722.50,0.00,15640.50,PAID,12918.00,2722.50,,,2025-05-10 00:00:00+00:00,REF-20250510-1818,True,1350
2502,168,2025-05-01,2025-05-10,8811.00,3033.45,0.00,11844.45,PAID,8811.00,3033.45,,,2025-06-03 00:00:00+00:00,REF-20250603-2502,True,2034
2862,178,2025-05-01,2025-05-15,13339.00,2164.05,0.00,15503.05,PAID,13339.00,2164.05,,,2025-05-15 00:00:00+00:00,REF-20250515-2862,True,2394
1854,150,2025-05-01,2025-05-05,12073.00,2928.60,0.00,15001.60,PAID,12073.00,2928.60,,,2025-05-05 00:00:00+00:00,REF-20250505-1854,True,1386
1890,151,2025-05-01,2025-05-10,22061.00,2182.50,0.00,24243.50,PAID,22061.00,2182.50,,,2025-05-10 00:00:00+00:00,REF-20250510-1890,True,1422
1674,145,2025-05-01,2025-05-10,24585.00,2043.90,0.00,26628.90,PAID,24585.00,2043.90,,,2025-05-10 00:00:00+00:00,REF-20250510-1674,True,1206
2142,158,2025-05-01,2025-05-15,18790.00,1570.05,0.00,20360.05,PAID,18790.00,1570.05,,,2025-05-15 00:00:00+00:00,REF-20250515-2142,True,1674
2358,164,2025-05-01,2025-05-10,9196.00,2469.60,0.00,11665.60,PAID,9196.00,2469.60,,,2025-05-22 00:00:00+00:00,REF-20250522-2358,True,1890
2826,177,2025-05-01,2025-05-05,8325.00,2194.20,0.00,10519.20,PAID,8325.00,2194.20,,,2025-05-05 00:00:00+00:00,REF-20250505-2826,True,2358
2214,160,2025-05-01,2025-05-05,13039.00,1655.55,0.00,14694.55,PAID,13039.00,1655.55,,,2025-07-01 00:00:00+00:00,REF-20250701-2214,True,1746
2538,169,2025-05-01,2025-05-15,12907.00,3053.25,0.00,15960.25,PAID,12907.00,3053.25,,,2025-05-15 00:00:00+00:00,REF-20250515-2538,True,2070
3006,182,2025-05-01,2025-05-15,15393.00,2195.10,0.00,17588.10,PAID,15393.00,2195.10,,,2025-05-21 00:00:00+00:00,REF-20250521-3006,True,2538
2718,174,2025-05-01,2025-05-10,15982.00,1586.70,0.00,17568.70,PAID,15982.00,1586.70,,,2025-05-13 00:00:00+00:00,REF-20250513-2718,True,2250
1998,154,2025-05-01,2025-05-10,15421.00,2253.15,0.00,17674.15,PAID,15421.00,2253.15,,,2025-05-10 00:00:00+00:00,REF-20250510-1998,True,1530
2681,173,2025-04-01,2025-04-05,24361.00,2574.00,0.00,26935.00,PAID,24361.00,2574.00,,,2025-04-05 00:00:00+00:00,REF-20250405-2681,True,2213
2033,155,2025-04-01,2025-04-15,20483.00,1997.10,0.00,22480.10,PAID,20483.00,1997.10,,,2025-04-15 00:00:00+00:00,REF-20250415-2033,True,1565
2609,171,2025-04-01,2025-04-05,9680.00,2820.15,0.00,12500.15,PAID,9680.00,2820.15,,,2025-04-05 00:00:00+00:00,REF-20250405-2609,True,2141
3041,183,2025-04-01,2025-04-10,17289.00,2590.65,0.00,19879.65,PAID,17289.00,2590.65,,,2025-04-10 00:00:00+00:00,REF-20250410-3041,True,2573
2141,158,2025-04-01,2025-04-15,18790.00,1892.25,0.00,20682.25,PAID,18790.00,1892.25,,,2025-04-15 00:00:00+00:00,REF-20250415-2141,True,1673
2717,174,2025-04-01,2025-04-10,15982.00,2267.55,0.00,18249.55,PAID,15982.00,2267.55,,,2025-04-10 00:00:00+00:00,REF-20250410-2717,True,2249
1997,154,2025-04-01,2025-04-10,15421.00,2653.65,0.00,18074.65,PAID,15421.00,2653.65,,,2025-04-10 00:00:00+00:00,REF-20250410-1997,True,1529
2753,175,2025-04-01,2025-04-15,11675.00,1429.20,0.00,13104.20,PAID,11675.00,1429.20,,,2025-04-21 00:00:00+00:00,REF-20250421-2753,True,2285
2357,164,2025-04-01,2025-04-10,9196.00,2295.00,0.00,11491.00,PAID,9196.00,2295.00,,,2025-04-10 00:00:00+00:00,REF-20250410-2357,True,1889
2573,170,2025-04-01,2025-04-10,21005.00,2574.00,0.00,23579.00,PAID,21005.00,2574.00,,,2025-04-10 00:00:00+00:00,REF-20250410-2573,True,2105
1961,153,2025-04-01,2025-04-05,8589.00,1466.55,0.00,10055.55,PAID,8589.00,1466.55,,,2025-04-05 00:00:00+00:00,REF-20250405-1961,True,1493
2177,159,2025-04-01,2025-04-05,22110.00,2535.30,0.00,24645.30,PAID,22110.00,2535.30,,,2025-04-05 00:00:00+00:00,REF-20250405-2177,True,1709
2789,176,2025-04-01,2025-04-15,10789.00,2288.25,0.00,13077.25,PAID,10789.00,2288.25,,,2025-04-15 00:00:00+00:00,REF-20250415-2789,True,2321
1925,152,2025-04-01,2025-04-10,8991.00,2471.85,0.00,11462.85,PAID,8991.00,2471.85,,,2025-04-10 00:00:00+00:00,REF-20250410-1925,True,1457
2537,169,2025-04-01,2025-04-15,12907.00,1872.45,0.00,14779.45,PAID,12907.00,1872.45,,,2025-04-15 00:00:00+00:00,REF-20250415-2537,True,2069
2825,177,2025-04-01,2025-04-05,8325.00,2268.45,0.00,10593.45,PAID,8325.00,2268.45,,,2025-04-05 00:00:00+00:00,REF-20250405-2825,True,2357
2213,160,2025-04-01,2025-04-05,13039.00,2142.00,0.00,15181.00,PAID,13039.00,2142.00,,,2025-04-05 00:00:00+00:00,REF-20250405-2213,True,1745
1889,151,2025-04-01,2025-04-10,22061.00,1484.10,0.00,23545.10,PAID,22061.00,1484.10,,,2025-04-10 00:00:00+00:00,REF-20250410-1889,True,1421
2861,178,2025-04-01,2025-04-15,13339.00,2639.25,0.00,15978.25,PAID,13339.00,2639.25,,,2025-04-15 00:00:00+00:00,REF-20250415-2861,True,2393
1853,150,2025-04-01,2025-04-05,12073.00,1350.00,0.00,13423.00,PAID,12073.00,1350.00,,,2025-04-06 00:00:00+00:00,REF-20250406-1853,True,1385
2501,168,2025-04-01,2025-04-10,8811.00,1880.55,0.00,10691.55,PAID,8811.00,1880.55,,,2025-04-10 00:00:00+00:00,REF-20250410-2501,True,2033
2249,161,2025-04-01,2025-04-10,8100.00,3204.00,0.00,11304.00,PAID,8100.00,3204.00,,,2025-04-10 00:00:00+00:00,REF-20250410-2249,True,1781
1817,149,2025-04-01,2025-04-10,12918.00,2392.65,0.00,15310.65,PAID,12918.00,2392.65,,,2025-04-13 00:00:00+00:00,REF-20250413-1817,True,1349
2897,179,2025-04-01,2025-04-10,12137.00,1846.80,0.00,13983.80,PAID,12137.00,1846.80,,,2025-04-10 00:00:00+00:00,REF-20250410-2897,True,2429
1781,148,2025-04-01,2025-04-10,12762.00,3129.30,0.00,15891.30,PAID,12762.00,3129.30,,,2025-04-11 00:00:00+00:00,REF-20250411-1781,True,1313
2933,180,2025-04-01,2025-04-15,18152.00,1885.95,0.00,20037.95,PAID,18152.00,1885.95,,,2025-04-23 00:00:00+00:00,REF-20250423-2933,True,2465
2465,167,2025-04-01,2025-04-15,20093.00,1863.00,0.00,21956.00,PAID,20093.00,1863.00,,,2025-04-15 00:00:00+00:00,REF-20250415-2465,True,1997
2285,162,2025-04-01,2025-04-05,19048.00,2717.10,0.00,21765.10,PAID,19048.00,2717.10,,,2025-04-10 00:00:00+00:00,REF-20250410-2285,True,1817
1745,147,2025-04-01,2025-04-15,13413.00,3289.05,0.00,16702.05,PAID,13413.00,3289.05,,,2025-04-17 00:00:00+00:00,REF-20250417-1745,True,1277
2969,181,2025-04-01,2025-04-10,10986.00,2401.65,0.00,13387.65,PAID,10986.00,2401.65,,,2025-04-10 00:00:00+00:00,REF-20250410-2969,True,2501
1709,146,2025-04-01,2025-04-10,12967.00,2168.55,0.00,15135.55,PAID,12967.00,2168.55,,,2025-04-17 00:00:00+00:00,REF-20250417-1709,True,1241
2429,166,2025-04-01,2025-04-10,15261.00,2527.20,0.00,17788.20,PAID,15261.00,2527.20,,,2025-04-10 00:00:00+00:00,REF-20250410-2429,True,1961
2321,163,2025-04-01,2025-04-15,15487.00,2701.80,0.00,18188.80,PAID,15487.00,2701.80,,,2025-04-15 00:00:00+00:00,REF-20250415-2321,True,1853
2393,165,2025-04-01,2025-04-10,18241.00,2371.05,0.00,20612.05,PAID,18241.00,2371.05,,,2025-04-10 00:00:00+00:00,REF-20250410-2393,True,1925
3005,182,2025-04-01,2025-04-15,15393.00,1821.15,0.00,17214.15,PAID,15393.00,1821.15,,,2025-04-15 00:00:00+00:00,REF-20250415-3005,True,2537
1673,145,2025-04-01,2025-04-10,24585.00,2947.95,0.00,27532.95,PAID,24585.00,2947.95,,,2025-05-01 00:00:00+00:00,REF-20250501-1673,True,1205
2645,172,2025-04-01,2025-04-15,14372.00,1399.50,0.00,15771.50,PAID,14372.00,1399.50,,,2025-04-15 00:00:00+00:00,REF-20250415-2645,True,2177
2105,157,2025-04-01,2025-04-10,16615.00,1772.55,0.00,18387.55,PAID,16615.00,1772.55,,,2025-04-13 00:00:00+00:00,REF-20250413-2105,True,1637
2069,156,2025-04-01,2025-04-15,16423.00,2115.45,0.00,18538.45,PAID,16423.00,2115.45,,,2025-04-15 00:00:00+00:00,REF-20250415-2069,True,1601
1960,153,2025-03-01,2025-03-05,8589.00,2579.85,0.00,11168.85,PAID,8589.00,2579.85,,,2025-03-05 00:00:00+00:00,REF-20250305-1960,True,1492
1852,150,2025-03-01,2025-03-05,12073.00,1927.80,0.00,14000.80,PAID,12073.00,1927.80,,,2025-03-05 00:00:00+00:00,REF-20250305-1852,True,1384
2392,165,2025-03-01,2025-03-10,18241.00,2005.65,0.00,20246.65,PAID,18241.00,2005.65,,,2025-03-10 00:00:00+00:00,REF-20250310-2392,True,1924
1996,154,2025-03-01,2025-03-10,15421.00,2331.45,0.00,17752.45,PAID,15421.00,2331.45,,,2025-03-10 00:00:00+00:00,REF-20250310-1996,True,1528
2932,180,2025-03-01,2025-03-15,18152.00,2492.55,0.00,20644.55,PAID,18152.00,2492.55,,,2025-03-15 00:00:00+00:00,REF-20250315-2932,True,2464
3040,183,2025-03-01,2025-03-10,17289.00,1936.80,0.00,19225.80,PAID,17289.00,1936.80,,,2025-03-10 00:00:00+00:00,REF-20250310-3040,True,2572
2608,171,2025-03-01,2025-03-05,9680.00,2056.50,0.00,11736.50,PAID,9680.00,2056.50,,,2025-04-12 00:00:00+00:00,REF-20250412-2608,True,2140
2500,168,2025-03-01,2025-03-10,8811.00,1719.45,0.00,10530.45,PAID,8811.00,1719.45,,,2025-03-10 00:00:00+00:00,REF-20250310-2500,True,2032
2464,167,2025-03-01,2025-03-15,20093.00,2250.45,0.00,22343.45,PAID,20093.00,2250.45,,,2025-03-17 00:00:00+00:00,REF-20250317-2464,True,1996
2536,169,2025-03-01,2025-03-15,12907.00,2203.20,0.00,15110.20,PAID,12907.00,2203.20,,,2025-03-15 00:00:00+00:00,REF-20250315-2536,True,2068
2572,170,2025-03-01,2025-03-10,21005.00,2522.70,0.00,23527.70,PAID,21005.00,2522.70,,,2025-03-10 00:00:00+00:00,REF-20250310-2572,True,2104
2644,172,2025-03-01,2025-03-15,14372.00,2076.75,0.00,16448.75,PAID,14372.00,2076.75,,,2025-03-15 00:00:00+00:00,REF-20250315-2644,True,2176
2320,163,2025-03-01,2025-03-15,15487.00,2618.55,0.00,18105.55,PAID,15487.00,2618.55,,,2025-03-15 00:00:00+00:00,REF-20250315-2320,True,1852
1744,147,2025-03-01,2025-03-15,13413.00,2551.05,0.00,15964.05,PAID,13413.00,2551.05,,,2025-03-15 00:00:00+00:00,REF-20250315-1744,True,1276
2752,175,2025-03-01,2025-03-15,11675.00,2864.70,0.00,14539.70,PAID,11675.00,2864.70,,,2025-03-15 00:00:00+00:00,REF-20250315-2752,True,2284
2968,181,2025-03-01,2025-03-10,10986.00,1350.00,0.00,12336.00,PAID,10986.00,1350.00,,,2025-03-10 00:00:00+00:00,REF-20250310-2968,True,2500
2104,157,2025-03-01,2025-03-10,16615.00,2560.05,0.00,19175.05,PAID,16615.00,2560.05,,,2025-03-13 00:00:00+00:00,REF-20250313-2104,True,1636
2248,161,2025-03-01,2025-03-10,8100.00,3022.65,0.00,11122.65,PAID,8100.00,3022.65,,,2025-03-15 00:00:00+00:00,REF-20250315-2248,True,1780
2788,176,2025-03-01,2025-03-15,10789.00,1350.00,0.00,12139.00,PAID,10789.00,1350.00,,,2025-04-02 00:00:00+00:00,REF-20250402-2788,True,2320
2140,158,2025-03-01,2025-03-15,18790.00,2924.10,0.00,21714.10,PAID,18790.00,2924.10,,,2025-03-15 00:00:00+00:00,REF-20250315-2140,True,1672
2068,156,2025-03-01,2025-03-15,16423.00,2739.60,0.00,19162.60,PAID,16423.00,2739.60,,,2025-03-15 00:00:00+00:00,REF-20250315-2068,True,1600
1672,145,2025-03-01,2025-03-10,24585.00,2624.40,0.00,27209.40,PAID,24585.00,2624.40,,,2025-03-10 00:00:00+00:00,REF-20250310-1672,True,1204
2428,166,2025-03-01,2025-03-10,15261.00,2417.85,0.00,17678.85,PAID,15261.00,2417.85,,,2025-03-10 00:00:00+00:00,REF-20250310-2428,True,1960
1888,151,2025-03-01,2025-03-10,22061.00,2329.20,0.00,24390.20,PAID,22061.00,2329.20,,,2025-03-10 00:00:00+00:00,REF-20250310-1888,True,1420
2212,160,2025-03-01,2025-03-05,13039.00,1976.85,0.00,15015.85,PAID,13039.00,1976.85,,,2025-03-05 00:00:00+00:00,REF-20250305-2212,True,1744
2896,179,2025-03-01,2025-03-10,12137.00,1710.00,0.00,13847.00,PAID,12137.00,1710.00,,,2025-03-10 00:00:00+00:00,REF-20250310-2896,True,2428
1924,152,2025-03-01,2025-03-10,8991.00,1350.00,0.00,10341.00,PAID,8991.00,1350.00,,,2025-03-10 00:00:00+00:00,REF-20250310-1924,True,1456
2356,164,2025-03-01,2025-03-10,9196.00,2389.95,0.00,11585.95,PAID,9196.00,2389.95,,,2025-04-29 00:00:00+00:00,REF-20250429-2356,True,1888
1816,149,2025-03-01,2025-03-10,12918.00,1536.75,0.00,14454.75,PAID,12918.00,1536.75,,,2025-03-10 00:00:00+00:00,REF-20250310-1816,True,1348
1708,146,2025-03-01,2025-03-10,12967.00,2843.55,0.00,15810.55,PAID,12967.00,2843.55,,,2025-03-10 00:00:00+00:00,REF-20250310-1708,True,1240
2176,159,2025-03-01,2025-03-05,22110.00,2497.95,0.00,24607.95,PAID,22110.00,2497.95,,,2025-03-05 00:00:00+00:00,REF-20250305-2176,True,1708
2680,173,2025-03-01,2025-03-05,24361.00,3118.50,0.00,27479.50,PAID,24361.00,3118.50,,,2025-03-05 00:00:00+00:00,REF-20250305-2680,True,2212
2284,162,2025-03-01,2025-03-05,19048.00,2642.85,0.00,21690.85,PAID,19048.00,2642.85,,,2025-03-06 00:00:00+00:00,REF-20250306-2284,True,1816
2824,177,2025-03-01,2025-03-05,8325.00,2491.65,0.00,10816.65,PAID,8325.00,2491.65,,,2025-03-05 00:00:00+00:00,REF-20250305-2824,True,2356
1780,148,2025-03-01,2025-03-10,12762.00,2215.80,0.00,14977.80,PAID,12762.00,2215.80,,,2025-03-17 00:00:00+00:00,REF-20250317-1780,True,1312
2032,155,2025-03-01,2025-03-15,20483.00,2856.15,0.00,23339.15,PAID,20483.00,2856.15,,,2025-03-15 00:00:00+00:00,REF-20250315-2032,True,1564
2860,178,2025-03-01,2025-03-15,13339.00,2345.40,0.00,15684.40,PAID,13339.00,2345.40,,,2025-03-15 00:00:00+00:00,REF-20250315-2860,True,2392
3004,182,2025-03-01,2025-03-15,15393.00,2268.90,0.00,17661.90,PAID,15393.00,2268.90,,,2025-03-15 00:00:00+00:00,REF-20250315-3004,True,2536
2716,174,2025-03-01,2025-03-10,15982.00,1624.50,0.00,17606.50,PAID,15982.00,1624.50,,,2025-03-16 00:00:00+00:00,REF-20250316-2716,True,2248
1959,153,2025-02-01,2025-02-05,8589.00,3108.15,0.00,11697.15,PAID,8589.00,3108.15,,,2025-02-07 00:00:00+00:00,REF-20250207-1959,True,1491
2463,167,2025-02-01,2025-02-15,20093.00,2771.10,0.00,22864.10,PAID,20093.00,2771.10,,,2025-02-15 00:00:00+00:00,REF-20250215-2463,True,1995
2211,160,2025-02-01,2025-02-05,13039.00,2115.00,0.00,15154.00,PAID,13039.00,2115.00,,,2025-02-05 00:00:00+00:00,REF-20250205-2211,True,1743
2391,165,2025-02-01,2025-02-10,18241.00,2235.60,0.00,20476.60,PAID,18241.00,2235.60,,,2025-03-08 00:00:00+00:00,REF-20250308-2391,True,1923
1671,145,2025-02-01,2025-02-10,24585.00,2270.25,0.00,26855.25,PAID,24585.00,2270.25,,,2025-02-10 00:00:00+00:00,REF-20250210-1671,True,1203
2283,162,2025-02-01,2025-02-05,19048.00,2326.05,0.00,21374.05,PAID,19048.00,2326.05,,,2025-02-05 00:00:00+00:00,REF-20250205-2283,True,1815
2643,172,2025-02-01,2025-02-15,14372.00,2191.05,0.00,16563.05,PAID,14372.00,2191.05,,,2025-02-15 00:00:00+00:00,REF-20250215-2643,True,2175
1779,148,2025-02-01,2025-02-10,12762.00,1911.60,0.00,14673.60,PAID,12762.00,1911.60,,,2025-02-10 00:00:00+00:00,REF-20250210-1779,True,1311
2967,181,2025-02-01,2025-02-10,10986.00,2581.65,0.00,13567.65,PAID,10986.00,2581.65,,,2025-02-10 00:00:00+00:00,REF-20250210-2967,True,2499
2607,171,2025-02-01,2025-02-05,9680.00,2074.95,0.00,11754.95,PAID,9680.00,2074.95,,,2025-02-05 00:00:00+00:00,REF-20250205-2607,True,2139
1743,147,2025-02-01,2025-02-15,13413.00,2582.55,0.00,15995.55,PAID,13413.00,2582.55,,,2025-02-15 00:00:00+00:00,REF-20250215-1743,True,1275
1887,151,2025-02-01,2025-02-10,22061.00,2716.65,0.00,24777.65,PAID,22061.00,2716.65,,,2025-02-10 00:00:00+00:00,REF-20250210-1887,True,1419
2139,158,2025-02-01,2025-02-15,18790.00,2044.35,0.00,20834.35,PAID,18790.00,2044.35,,,2025-02-15 00:00:00+00:00,REF-20250215-2139,True,1671
2355,164,2025-02-01,2025-02-10,9196.00,2769.75,0.00,11965.75,PAID,9196.00,2769.75,,,2025-03-25 00:00:00+00:00,REF-20250325-2355,True,1887
2859,178,2025-02-01,2025-02-15,13339.00,1953.00,0.00,15292.00,PAID,13339.00,1953.00,,,2025-02-15 00:00:00+00:00,REF-20250215-2859,True,2391
2175,159,2025-02-01,2025-02-05,22110.00,3322.80,0.00,25432.80,PAID,22110.00,3322.80,,,2025-02-05 00:00:00+00:00,REF-20250205-2175,True,1707
1851,150,2025-02-01,2025-02-05,12073.00,2235.60,0.00,14308.60,PAID,12073.00,2235.60,,,2025-02-05 00:00:00+00:00,REF-20250205-1851,True,1383
1923,152,2025-02-01,2025-02-10,8991.00,2344.05,0.00,11335.05,PAID,8991.00,2344.05,,,2025-02-10 00:00:00+00:00,REF-20250210-1923,True,1455
2103,157,2025-02-01,2025-02-10,16615.00,1777.05,0.00,18392.05,PAID,16615.00,1777.05,,,2025-02-10 00:00:00+00:00,REF-20250210-2103,True,1635
2571,170,2025-02-01,2025-02-10,21005.00,2578.50,0.00,23583.50,PAID,21005.00,2578.50,,,2025-02-13 00:00:00+00:00,REF-20250213-2571,True,2103
2499,168,2025-02-01,2025-02-10,8811.00,2334.15,0.00,11145.15,PAID,8811.00,2334.15,,,2025-04-08 00:00:00+00:00,REF-20250408-2499,True,2031
2535,169,2025-02-01,2025-02-15,12907.00,2775.60,0.00,15682.60,PAID,12907.00,2775.60,,,2025-02-22 00:00:00+00:00,REF-20250222-2535,True,2067
2319,163,2025-02-01,2025-02-15,15487.00,1626.75,0.00,17113.75,PAID,15487.00,1626.75,,,2025-02-20 00:00:00+00:00,REF-20250220-2319,True,1851
1995,154,2025-02-01,2025-02-10,15421.00,2801.25,0.00,18222.25,PAID,15421.00,2801.25,,,2025-02-10 00:00:00+00:00,REF-20250210-1995,True,1527
2247,161,2025-02-01,2025-02-10,8100.00,2136.60,0.00,10236.60,PAID,8100.00,2136.60,,,2025-02-12 00:00:00+00:00,REF-20250212-2247,True,1779
2067,156,2025-02-01,2025-02-15,16423.00,1659.15,0.00,18082.15,PAID,16423.00,1659.15,,,2025-02-15 00:00:00+00:00,REF-20250215-2067,True,1599
2751,175,2025-02-01,2025-02-15,11675.00,2894.40,0.00,14569.40,PAID,11675.00,2894.40,,,2025-02-15 00:00:00+00:00,REF-20250215-2751,True,2283
2427,166,2025-02-01,2025-02-10,15261.00,2662.20,0.00,17923.20,PAID,15261.00,2662.20,,,2025-02-12 00:00:00+00:00,REF-20250212-2427,True,1959
2787,176,2025-02-01,2025-02-15,10789.00,2667.60,0.00,13456.60,PAID,10789.00,2667.60,,,2025-02-22 00:00:00+00:00,REF-20250222-2787,True,2319
2895,179,2025-02-01,2025-02-10,12137.00,2317.95,0.00,14454.95,PAID,12137.00,2317.95,,,2025-02-10 00:00:00+00:00,REF-20250210-2895,True,2427
2679,173,2025-02-01,2025-02-05,24361.00,2747.25,0.00,27108.25,PAID,24361.00,2747.25,,,2025-02-05 00:00:00+00:00,REF-20250205-2679,True,2211
3039,183,2025-02-01,2025-02-10,17289.00,2163.15,0.00,19452.15,PAID,17289.00,2163.15,,,2025-03-18 00:00:00+00:00,REF-20250318-3039,True,2571
1815,149,2025-02-01,2025-02-10,12918.00,2078.10,0.00,14996.10,PAID,12918.00,2078.10,,,2025-04-07 00:00:00+00:00,REF-20250407-1815,True,1347
2823,177,2025-02-01,2025-02-05,8325.00,2718.00,0.00,11043.00,PAID,8325.00,2718.00,,,2025-02-05 00:00:00+00:00,REF-20250205-2823,True,2355
2031,155,2025-02-01,2025-02-15,20483.00,2614.95,0.00,23097.95,PAID,20483.00,2614.95,,,2025-02-15 00:00:00+00:00,REF-20250215-2031,True,1563
1707,146,2025-02-01,2025-02-10,12967.00,1908.00,0.00,14875.00,PAID,12967.00,1908.00,,,2025-02-10 00:00:00+00:00,REF-20250210-1707,True,1239
3003,182,2025-02-01,2025-02-15,15393.00,2016.00,0.00,17409.00,PAID,15393.00,2016.00,,,2025-02-15 00:00:00+00:00,REF-20250215-3003,True,2535
2931,180,2025-02-01,2025-02-15,18152.00,1650.60,0.00,19802.60,PAID,18152.00,1650.60,,,2025-02-15 00:00:00+00:00,REF-20250215-2931,True,2463
2715,174,2025-02-01,2025-02-10,15982.00,3356.55,0.00,19338.55,PAID,15982.00,3356.55,,,2025-02-15 00:00:00+00:00,REF-20250215-2715,True,2247
1922,152,2025-01-01,2025-01-10,8991.00,1760.40,0.00,10751.40,PAID,8991.00,1760.40,,,2025-01-10 00:00:00+00:00,REF-20250110-1922,True,1454
2822,177,2025-01-01,2025-01-05,8325.00,1447.20,0.00,9772.20,PAID,8325.00,1447.20,,,2025-01-05 00:00:00+00:00,REF-20250105-2822,True,2354
3002,182,2025-01-01,2025-01-15,15393.00,2560.05,0.00,17953.05,PAID,15393.00,2560.05,,,2025-01-15 00:00:00+00:00,REF-20250115-3002,True,2534
2534,169,2025-01-01,2025-01-15,12907.00,3519.45,0.00,16426.45,PAID,12907.00,3519.45,,,2025-01-15 00:00:00+00:00,REF-20250115-2534,True,2066
2354,164,2025-01-01,2025-01-10,9196.00,3148.65,0.00,12344.65,PAID,9196.00,3148.65,,,2025-01-17 00:00:00+00:00,REF-20250117-2354,True,1886
2714,174,2025-01-01,2025-01-10,15982.00,3379.95,0.00,19361.95,PAID,15982.00,3379.95,,,2025-01-16 00:00:00+00:00,REF-20250116-2714,True,2246
1886,151,2025-01-01,2025-01-10,22061.00,2042.55,0.00,24103.55,PAID,22061.00,2042.55,,,2025-01-12 00:00:00+00:00,REF-20250112-1886,True,1418
2858,178,2025-01-01,2025-01-15,13339.00,2659.05,0.00,15998.05,PAID,13339.00,2659.05,,,2025-01-22 00:00:00+00:00,REF-20250122-2858,True,2390
2138,158,2025-01-01,2025-01-15,18790.00,2004.30,0.00,20794.30,PAID,18790.00,2004.30,,,2025-01-19 00:00:00+00:00,REF-20250119-2138,True,1670
1850,150,2025-01-01,2025-01-05,12073.00,1645.65,0.00,13718.65,PAID,12073.00,1645.65,,,2025-01-05 00:00:00+00:00,REF-20250105-1850,True,1382
2498,168,2025-01-01,2025-01-10,8811.00,3050.55,0.00,11861.55,PAID,8811.00,3050.55,,,2025-01-11 00:00:00+00:00,REF-20250111-2498,True,2030
3038,183,2025-01-01,2025-01-10,17289.00,2911.50,0.00,20200.50,PAID,17289.00,2911.50,,,2025-01-10 00:00:00+00:00,REF-20250110-3038,True,2570
2246,161,2025-01-01,2025-01-10,8100.00,1745.55,0.00,9845.55,PAID,8100.00,1745.55,,,2025-01-12 00:00:00+00:00,REF-20250112-2246,True,1778
2894,179,2025-01-01,2025-01-10,12137.00,2157.30,0.00,14294.30,PAID,12137.00,2157.30,,,2025-01-10 00:00:00+00:00,REF-20250110-2894,True,2426
2030,155,2025-01-01,2025-01-15,20483.00,1350.00,0.00,21833.00,PAID,20483.00,1350.00,,,2025-01-15 00:00:00+00:00,REF-20250115-2030,True,1562
1814,149,2025-01-01,2025-01-10,12918.00,1963.35,0.00,14881.35,PAID,12918.00,1963.35,,,2025-01-10 00:00:00+00:00,REF-20250110-1814,True,1346
2066,156,2025-01-01,2025-01-15,16423.00,2245.50,0.00,18668.50,PAID,16423.00,2245.50,,,2025-01-15 00:00:00+00:00,REF-20250115-2066,True,1598
2930,180,2025-01-01,2025-01-15,18152.00,2441.25,0.00,20593.25,PAID,18152.00,2441.25,,,2025-01-15 00:00:00+00:00,REF-20250115-2930,True,2462
2390,165,2025-01-01,2025-01-10,18241.00,1830.60,0.00,20071.60,PAID,18241.00,1830.60,,,2025-01-10 00:00:00+00:00,REF-20250110-2390,True,1922
2642,172,2025-01-01,2025-01-15,14372.00,2187.00,0.00,16559.00,PAID,14372.00,2187.00,,,2025-01-15 00:00:00+00:00,REF-20250115-2642,True,2174
2462,167,2025-01-01,2025-01-15,20093.00,1963.35,0.00,22056.35,PAID,20093.00,1963.35,,,2025-01-15 00:00:00+00:00,REF-20250115-2462,True,1994
2282,162,2025-01-01,2025-01-05,19048.00,2781.00,0.00,21829.00,PAID,19048.00,2781.00,,,2025-01-05 00:00:00+00:00,REF-20250105-2282,True,1814
2606,171,2025-01-01,2025-01-05,9680.00,2323.35,0.00,12003.35,PAID,9680.00,2323.35,,,2025-01-05 00:00:00+00:00,REF-20250105-2606,True,2138
1778,148,2025-01-01,2025-01-10,12762.00,1683.90,0.00,14445.90,PAID,12762.00,1683.90,,,2025-01-15 00:00:00+00:00,REF-20250115-1778,True,1310
2966,181,2025-01-01,2025-01-10,10986.00,2014.20,0.00,13000.20,PAID,10986.00,2014.20,,,2025-01-10 00:00:00+00:00,REF-20250110-2966,True,2498
1742,147,2025-01-01,2025-01-15,13413.00,1350.00,0.00,14763.00,PAID,13413.00,1350.00,,,2025-01-15 00:00:00+00:00,REF-20250115-1742,True,1274
1670,145,2025-01-01,2025-01-10,24585.00,2099.70,0.00,26684.70,PAID,24585.00,2099.70,,,2025-01-10 00:00:00+00:00,REF-20250110-1670,True,1202
2102,157,2025-01-01,2025-01-10,16615.00,1655.55,0.00,18270.55,PAID,16615.00,1655.55,,,2025-01-10 00:00:00+00:00,REF-20250110-2102,True,1634
2426,166,2025-01-01,2025-01-10,15261.00,2716.65,0.00,17977.65,PAID,15261.00,2716.65,,,2025-01-10 00:00:00+00:00,REF-20250110-2426,True,1958
1706,146,2025-01-01,2025-01-10,12967.00,3017.25,0.00,15984.25,PAID,12967.00,3017.25,,,2025-01-10 00:00:00+00:00,REF-20250110-1706,True,1238
2318,163,2025-01-01,2025-01-15,15487.00,2901.15,0.00,18388.15,PAID,15487.00,2901.15,,,2025-01-15 00:00:00+00:00,REF-20250115-2318,True,1850
2750,175,2025-01-01,2025-01-15,11675.00,1544.40,0.00,13219.40,PAID,11675.00,1544.40,,,2025-01-15 00:00:00+00:00,REF-20250115-2750,True,2282
2570,170,2025-01-01,2025-01-10,21005.00,2188.80,0.00,23193.80,PAID,21005.00,2188.80,,,2025-01-10 00:00:00+00:00,REF-20250110-2570,True,2102
2174,159,2025-01-01,2025-01-05,22110.00,2803.50,0.00,24913.50,PAID,22110.00,2803.50,,,2025-01-05 00:00:00+00:00,REF-20250105-2174,True,1706
2678,173,2025-01-01,2025-01-05,24361.00,1350.00,0.00,25711.00,PAID,24361.00,1350.00,,,2025-01-13 00:00:00+00:00,REF-20250113-2678,True,2210
1994,154,2025-01-01,2025-01-10,15421.00,2916.00,0.00,18337.00,PAID,15421.00,2916.00,,,2025-01-10 00:00:00+00:00,REF-20250110-1994,True,1526
1958,153,2025-01-01,2025-01-05,8589.00,2533.50,0.00,11122.50,PAID,8589.00,2533.50,,,2025-01-05 00:00:00+00:00,REF-20250105-1958,True,1490
2786,176,2025-01-01,2025-01-15,10789.00,1908.00,0.00,12697.00,PAID,10789.00,1908.00,,,2025-01-15 00:00:00+00:00,REF-20250115-2786,True,2318
2210,160,2025-01-01,2025-01-05,13039.00,2691.90,0.00,15730.90,PAID,13039.00,2691.90,,,2025-01-06 00:00:00+00:00,REF-20250106-2210,True,1742
2821,177,2024-12-01,2024-12-05,8325.00,1350.00,0.00,9675.00,PAID,8325.00,1350.00,,,2024-12-05 00:00:00+00:00,REF-20241205-2821,True,2353
2893,179,2024-12-01,2024-12-10,12137.00,2171.25,0.00,14308.25,PAID,12137.00,2171.25,,,2024-12-10 00:00:00+00:00,REF-20241210-2893,True,2425
2389,165,2024-12-01,2024-12-10,18241.00,2567.25,0.00,20808.25,PAID,18241.00,2567.25,,,2024-12-10 00:00:00+00:00,REF-20241210-2389,True,1921
1885,151,2024-12-01,2024-12-10,22061.00,1764.45,0.00,23825.45,PAID,22061.00,1764.45,,,2024-12-14 00:00:00+00:00,REF-20241214-1885,True,1417
2425,166,2024-12-01,2024-12-10,15261.00,1743.75,0.00,17004.75,PAID,15261.00,1743.75,,,2024-12-14 00:00:00+00:00,REF-20241214-2425,True,1957
2209,160,2024-12-01,2024-12-05,13039.00,2566.80,0.00,15605.80,PAID,13039.00,2566.80,,,2024-12-05 00:00:00+00:00,REF-20241205-2209,True,1741
2317,163,2024-12-01,2024-12-15,15487.00,2639.25,0.00,18126.25,PAID,15487.00,2639.25,,,2024-12-16 00:00:00+00:00,REF-20241216-2317,True,1849
2029,155,2024-12-01,2024-12-15,20483.00,1486.80,0.00,21969.80,PAID,20483.00,1486.80,,,2024-12-15 00:00:00+00:00,REF-20241215-2029,True,1561
2245,161,2024-12-01,2024-12-10,8100.00,1900.35,0.00,10000.35,PAID,8100.00,1900.35,,,2024-12-16 00:00:00+00:00,REF-20241216-2245,True,1777
1921,152,2024-12-01,2024-12-10,8991.00,1976.40,0.00,10967.40,PAID,8991.00,1976.40,,,2024-12-10 00:00:00+00:00,REF-20241210-1921,True,1453
2713,174,2024-12-01,2024-12-10,15982.00,2371.05,0.00,18353.05,PAID,15982.00,2371.05,,,2024-12-10 00:00:00+00:00,REF-20241210-2713,True,2245
1957,153,2024-12-01,2024-12-05,8589.00,2098.80,0.00,10687.80,PAID,8589.00,2098.80,,,2024-12-05 00:00:00+00:00,REF-20241205-1957,True,1489
1849,150,2024-12-01,2024-12-05,12073.00,3141.00,0.00,15214.00,PAID,12073.00,3141.00,,,2024-12-05 00:00:00+00:00,REF-20241205-1849,True,1381
2497,168,2024-12-01,2024-12-10,8811.00,2549.25,0.00,11360.25,PAID,8811.00,2549.25,,,2024-12-10 00:00:00+00:00,REF-20241210-2497,True,2029
2065,156,2024-12-01,2024-12-15,16423.00,2582.55,0.00,19005.55,PAID,16423.00,2582.55,,,2024-12-15 00:00:00+00:00,REF-20241215-2065,True,1597
2785,176,2024-12-01,2024-12-15,10789.00,1495.80,0.00,12284.80,PAID,10789.00,1495.80,,,2024-12-15 00:00:00+00:00,REF-20241215-2785,True,2317
2569,170,2024-12-01,2024-12-10,21005.00,2206.35,0.00,23211.35,PAID,21005.00,2206.35,,,2024-12-10 00:00:00+00:00,REF-20241210-2569,True,2101
2137,158,2024-12-01,2024-12-15,18790.00,2913.75,0.00,21703.75,PAID,18790.00,2913.75,,,2024-12-16 00:00:00+00:00,REF-20241216-2137,True,1669
2749,175,2024-12-01,2024-12-15,11675.00,1737.00,0.00,13412.00,PAID,11675.00,1737.00,,,2024-12-15 00:00:00+00:00,REF-20241215-2749,True,2281
1993,154,2024-12-01,2024-12-10,15421.00,3425.85,0.00,18846.85,PAID,15421.00,3425.85,,,2024-12-10 00:00:00+00:00,REF-20241210-1993,True,1525
1669,145,2024-12-01,2024-12-10,24585.00,2612.70,0.00,27197.70,PAID,24585.00,2612.70,,,2024-12-10 00:00:00+00:00,REF-20241210-1669,True,1201
1705,146,2024-12-01,2024-12-10,12967.00,1699.65,0.00,14666.65,PAID,12967.00,1699.65,,,2024-12-10 00:00:00+00:00,REF-20241210-1705,True,1237
2173,159,2024-12-01,2024-12-05,22110.00,1859.40,0.00,23969.40,PAID,22110.00,1859.40,,,2024-12-10 00:00:00+00:00,REF-20241210-2173,True,1705
3001,182,2024-12-01,2024-12-15,15393.00,2671.65,0.00,18064.65,PAID,15393.00,2671.65,,,2024-12-15 00:00:00+00:00,REF-20241215-3001,True,2533
2965,181,2024-12-01,2024-12-10,10986.00,1364.40,0.00,12350.40,PAID,10986.00,1364.40,,,2024-12-10 00:00:00+00:00,REF-20241210-2965,True,2497
2677,173,2024-12-01,2024-12-05,24361.00,3391.20,0.00,27752.20,PAID,24361.00,3391.20,,,2024-12-05 00:00:00+00:00,REF-20241205-2677,True,2209
1777,148,2024-12-01,2024-12-10,12762.00,1828.80,0.00,14590.80,PAID,12762.00,1828.80,,,2025-02-05 00:00:00+00:00,REF-20250205-1777,True,1309
2281,162,2024-12-01,2024-12-05,19048.00,2230.65,0.00,21278.65,PAID,19048.00,2230.65,,,2024-12-12 00:00:00+00:00,REF-20241212-2281,True,1813
2605,171,2024-12-01,2024-12-05,9680.00,1555.20,0.00,11235.20,PAID,9680.00,1555.20,,,2024-12-05 00:00:00+00:00,REF-20241205-2605,True,2137
3037,183,2024-12-01,2024-12-10,17289.00,1791.45,0.00,19080.45,PAID,17289.00,1791.45,,,2024-12-10 00:00:00+00:00,REF-20241210-3037,True,2569
2461,167,2024-12-01,2024-12-15,20093.00,1471.05,0.00,21564.05,PAID,20093.00,1471.05,,,2024-12-15 00:00:00+00:00,REF-20241215-2461,True,1993
2857,178,2024-12-01,2024-12-15,13339.00,1807.65,0.00,15146.65,PAID,13339.00,1807.65,,,2024-12-15 00:00:00+00:00,REF-20241215-2857,True,2389
1741,147,2024-12-01,2024-12-15,13413.00,2077.20,0.00,15490.20,PAID,13413.00,2077.20,,,2024-12-15 00:00:00+00:00,REF-20241215-1741,True,1273
2533,169,2024-12-01,2024-12-15,12907.00,2748.15,0.00,15655.15,PAID,12907.00,2748.15,,,2024-12-17 00:00:00+00:00,REF-20241217-2533,True,2065
2101,157,2024-12-01,2024-12-10,16615.00,2070.00,0.00,18685.00,PAID,16615.00,2070.00,,,2024-12-10 00:00:00+00:00,REF-20241210-2101,True,1633
2641,172,2024-12-01,2024-12-15,14372.00,2339.10,0.00,16711.10,PAID,14372.00,2339.10,,,2024-12-15 00:00:00+00:00,REF-20241215-2641,True,2173
2929,180,2024-12-01,2024-12-15,18152.00,2466.45,0.00,20618.45,PAID,18152.00,2466.45,,,2024-12-20 00:00:00+00:00,REF-20241220-2929,True,2461
1813,149,2024-12-01,2024-12-10,12918.00,1724.85,0.00,14642.85,PAID,12918.00,1724.85,,,2024-12-10 00:00:00+00:00,REF-20241210-1813,True,1345
2353,164,2024-12-01,2024-12-10,9196.00,2009.70,0.00,11205.70,PAID,9196.00,2009.70,,,2024-12-13 00:00:00+00:00,REF-20241213-2353,True,1885
3036,183,2024-11-01,2024-11-10,17289.00,1350.00,0.00,18639.00,PAID,17289.00,1350.00,,,2024-11-10 00:00:00+00:00,REF-20241110-3036,True,2568
3000,182,2024-11-01,2024-11-15,15393.00,1857.15,0.00,17250.15,PAID,15393.00,1857.15,,,2024-11-15 00:00:00+00:00,REF-20241115-3000,True,2532
2964,181,2024-11-01,2024-11-10,10986.00,2081.70,0.00,13067.70,PAID,10986.00,2081.70,,,2024-11-10 00:00:00+00:00,REF-20241110-2964,True,2496
2928,180,2024-11-01,2024-11-15,18152.00,2133.45,0.00,20285.45,PAID,18152.00,2133.45,,,2024-11-15 00:00:00+00:00,REF-20241115-2928,True,2460
2892,179,2024-11-01,2024-11-10,12137.00,2689.65,0.00,14826.65,PAID,12137.00,2689.65,,,2024-11-10 00:00:00+00:00,REF-20241110-2892,True,2424
2856,178,2024-11-01,2024-11-15,13339.00,2086.65,0.00,15425.65,PAID,13339.00,2086.65,,,2024-11-18 00:00:00+00:00,REF-20241118-2856,True,2388
2820,177,2024-11-01,2024-11-05,8325.00,1350.00,0.00,9675.00,PAID,8325.00,1350.00,,,2024-11-09 00:00:00+00:00,REF-20241109-2820,True,2352
2784,176,2024-11-01,2024-11-15,10789.00,1805.40,0.00,12594.40,PAID,10789.00,1805.40,,,2024-11-15 00:00:00+00:00,REF-20241115-2784,True,2316
2748,175,2024-11-01,2024-11-15,11675.00,2194.20,0.00,13869.20,PAID,11675.00,2194.20,,,2024-11-15 00:00:00+00:00,REF-20241115-2748,True,2280
2712,174,2024-11-01,2024-11-10,15982.00,2032.20,0.00,18014.20,PAID,15982.00,2032.20,,,2024-11-15 00:00:00+00:00,REF-20241115-2712,True,2244
2676,173,2024-11-01,2024-11-05,24361.00,2545.20,0.00,26906.20,PAID,24361.00,2545.20,,,2024-11-05 00:00:00+00:00,REF-20241105-2676,True,2208
2640,172,2024-11-01,2024-11-15,14372.00,1350.00,0.00,15722.00,PAID,14372.00,1350.00,,,2024-11-15 00:00:00+00:00,REF-20241115-2640,True,2172
2604,171,2024-11-01,2024-11-05,9680.00,2407.05,0.00,12087.05,PAID,9680.00,2407.05,,,2024-11-05 00:00:00+00:00,REF-20241105-2604,True,2136
2568,170,2024-11-01,2024-11-10,21005.00,2981.70,0.00,23986.70,PAID,21005.00,2981.70,,,2024-11-10 00:00:00+00:00,REF-20241110-2568,True,2100
2532,169,2024-11-01,2024-11-15,12907.00,2007.90,0.00,14914.90,PAID,12907.00,2007.90,,,2024-11-23 00:00:00+00:00,REF-20241123-2532,True,2064
2496,168,2024-11-01,2024-11-10,8811.00,2233.35,0.00,11044.35,PAID,8811.00,2233.35,,,2024-11-10 00:00:00+00:00,REF-20241110-2496,True,2028
2460,167,2024-11-01,2024-11-15,20093.00,1804.05,0.00,21897.05,PAID,20093.00,1804.05,,,2024-11-21 00:00:00+00:00,REF-20241121-2460,True,1992
2424,166,2024-11-01,2024-11-10,15261.00,2900.25,0.00,18161.25,PAID,15261.00,2900.25,,,2024-11-10 00:00:00+00:00,REF-20241110-2424,True,1956
2388,165,2024-11-01,2024-11-10,18241.00,2809.80,0.00,21050.80,PAID,18241.00,2809.80,,,2024-11-10 00:00:00+00:00,REF-20241110-2388,True,1920
2316,163,2024-11-01,2024-11-15,15487.00,2508.75,0.00,17995.75,PAID,15487.00,2508.75,,,2024-11-19 00:00:00+00:00,REF-20241119-2316,True,1848
2280,162,2024-11-01,2024-11-05,19048.00,2382.75,0.00,21430.75,PAID,19048.00,2382.75,,,2024-11-05 00:00:00+00:00,REF-20241105-2280,True,1812
2244,161,2024-11-01,2024-11-10,8100.00,3710.70,0.00,11810.70,PAID,8100.00,3710.70,,,2024-11-10 00:00:00+00:00,REF-20241110-2244,True,1776
2208,160,2024-11-01,2024-11-05,13039.00,1648.35,0.00,14687.35,PAID,13039.00,1648.35,,,2024-11-05 00:00:00+00:00,REF-20241105-2208,True,1740
2172,159,2024-11-01,2024-11-05,22110.00,2495.25,0.00,24605.25,PAID,22110.00,2495.25,,,2024-11-05 00:00:00+00:00,REF-20241105-2172,True,1704
2136,158,2024-11-01,2024-11-15,18790.00,1703.25,0.00,20493.25,PAID,18790.00,1703.25,,,2024-11-15 00:00:00+00:00,REF-20241115-2136,True,1668
2100,157,2024-11-01,2024-11-10,16615.00,2190.15,0.00,18805.15,PAID,16615.00,2190.15,,,2024-11-17 00:00:00+00:00,REF-20241117-2100,True,1632
2064,156,2024-11-01,2024-11-15,16423.00,2575.80,0.00,18998.80,PAID,16423.00,2575.80,,,2024-11-15 00:00:00+00:00,REF-20241115-2064,True,1596
2028,155,2024-11-01,2024-11-15,20483.00,1651.95,0.00,22134.95,PAID,20483.00,1651.95,,,2024-12-29 00:00:00+00:00,REF-20241229-2028,True,1560
1992,154,2024-11-01,2024-11-10,15421.00,2568.15,0.00,17989.15,PAID,15421.00,2568.15,,,2024-11-27 00:00:00+00:00,REF-20241127-1992,True,1524
1956,153,2024-11-01,2024-11-05,8589.00,2272.05,0.00,10861.05,PAID,8589.00,2272.05,,,2024-11-05 00:00:00+00:00,REF-20241105-1956,True,1488
1920,152,2024-11-01,2024-11-10,8991.00,1870.20,0.00,10861.20,PAID,8991.00,1870.20,,,2024-11-17 00:00:00+00:00,REF-20241117-1920,True,1452
1884,151,2024-11-01,2024-11-10,22061.00,3009.15,0.00,25070.15,PAID,22061.00,3009.15,,,2024-11-10 00:00:00+00:00,REF-20241110-1884,True,1416
1848,150,2024-11-01,2024-11-05,12073.00,2362.50,0.00,14435.50,PAID,12073.00,2362.50,,,2024-11-05 00:00:00+00:00,REF-20241105-1848,True,1380
1812,149,2024-11-01,2024-11-10,12918.00,1379.25,0.00,14297.25,PAID,12918.00,1379.25,,,2024-11-10 00:00:00+00:00,REF-20241110-1812,True,1344
1776,148,2024-11-01,2024-11-10,12762.00,1755.00,0.00,14517.00,PAID,12762.00,1755.00,,,2024-11-10 00:00:00+00:00,REF-20241110-1776,True,1308
1740,147,2024-11-01,2024-11-15,13413.00,2137.05,0.00,15550.05,PAID,13413.00,2137.05,,,2024-11-15 00:00:00+00:00,REF-20241115-1740,True,1272
1704,146,2024-11-01,2024-11-10,12967.00,2208.60,0.00,15175.60,PAID,12967.00,2208.60,,,2024-11-10 00:00:00+00:00,REF-20241110-1704,True,1236
1668,145,2024-11-01,2024-11-10,24585.00,2363.40,0.00,26948.40,PAID,24585.00,2363.40,,,2024-11-10 00:00:00+00:00,REF-20241110-1668,True,1200
2352,164,2024-11-01,2024-11-10,9196.00,2784.60,0.00,11980.60,PAID,9196.00,2784.60,,,2024-11-10 00:00:00+00:00,REF-20241110-2352,True,1884
1991,154,2024-10-01,2024-10-10,15421.00,1350.00,0.00,16771.00,PAID,15421.00,1350.00,,,2024-10-10 00:00:00+00:00,REF-20241010-1991,True,1523
2891,179,2024-10-01,2024-10-10,12137.00,2612.70,0.00,14749.70,PAID,12137.00,2612.70,,,2024-10-10 00:00:00+00:00,REF-20241010-2891,True,2423
1883,151,2024-10-01,2024-10-10,22061.00,1774.80,0.00,23835.80,PAID,22061.00,1774.80,,,2024-10-10 00:00:00+00:00,REF-20241010-1883,True,1415
2747,175,2024-10-01,2024-10-15,11675.00,2190.60,0.00,13865.60,PAID,11675.00,2190.60,,,2024-10-15 00:00:00+00:00,REF-20241015-2747,True,2279
2207,160,2024-10-01,2024-10-05,13039.00,2262.15,0.00,15301.15,PAID,13039.00,2262.15,,,2024-11-15 00:00:00+00:00,REF-20241115-2207,True,1739
2351,164,2024-10-01,2024-10-10,9196.00,2796.75,0.00,11992.75,PAID,9196.00,2796.75,,,2024-10-10 00:00:00+00:00,REF-20241010-2351,True,1883
2279,162,2024-10-01,2024-10-05,19048.00,2385.00,0.00,21433.00,PAID,19048.00,2385.00,,,2024-10-05 00:00:00+00:00,REF-20241005-2279,True,1811
1739,147,2024-10-01,2024-10-15,13413.00,1893.60,0.00,15306.60,PAID,13413.00,1893.60,,,2024-10-16 00:00:00+00:00,REF-20241016-1739,True,1271
2315,163,2024-10-01,2024-10-15,15487.00,2340.00,0.00,17827.00,PAID,15487.00,2340.00,,,2024-10-15 00:00:00+00:00,REF-20241015-2315,True,1847
2639,172,2024-10-01,2024-10-15,14372.00,1945.35,0.00,16317.35,PAID,14372.00,1945.35,,,2024-10-17 00:00:00+00:00,REF-20241017-2639,True,2171
1955,153,2024-10-01,2024-10-05,8589.00,2400.30,0.00,10989.30,PAID,8589.00,2400.30,,,2024-10-05 00:00:00+00:00,REF-20241005-1955,True,1487
2819,177,2024-10-01,2024-10-05,8325.00,2058.30,0.00,10383.30,PAID,8325.00,2058.30,,,2024-10-05 00:00:00+00:00,REF-20241005-2819,True,2351
2171,159,2024-10-01,2024-10-05,22110.00,2599.20,0.00,24709.20,PAID,22110.00,2599.20,,,2024-10-05 00:00:00+00:00,REF-20241005-2171,True,1703
3035,183,2024-10-01,2024-10-10,17289.00,1999.80,0.00,19288.80,PAID,17289.00,1999.80,,,2024-10-10 00:00:00+00:00,REF-20241010-3035,True,2567
2567,170,2024-10-01,2024-10-10,21005.00,1797.75,0.00,22802.75,PAID,21005.00,1797.75,,,2024-10-16 00:00:00+00:00,REF-20241016-2567,True,2099
2135,158,2024-10-01,2024-10-15,18790.00,2537.55,0.00,21327.55,PAID,18790.00,2537.55,,,2024-10-15 00:00:00+00:00,REF-20241015-2135,True,1667
2243,161,2024-10-01,2024-10-10,8100.00,1936.80,0.00,10036.80,PAID,8100.00,1936.80,,,2024-11-05 00:00:00+00:00,REF-20241105-2243,True,1775
2675,173,2024-10-01,2024-10-05,24361.00,2862.90,0.00,27223.90,PAID,24361.00,2862.90,,,2024-10-05 00:00:00+00:00,REF-20241005-2675,True,2207
1667,145,2024-10-01,2024-10-10,24585.00,2209.05,0.00,26794.05,PAID,24585.00,2209.05,,,2024-10-10 00:00:00+00:00,REF-20241010-1667,True,1199
2423,166,2024-10-01,2024-10-10,15261.00,2570.40,0.00,17831.40,PAID,15261.00,2570.40,,,2024-10-16 00:00:00+00:00,REF-20241016-2423,True,1955
2027,155,2024-10-01,2024-10-15,20483.00,1746.45,0.00,22229.45,PAID,20483.00,1746.45,,,2024-10-15 00:00:00+00:00,REF-20241015-2027,True,1559
2531,169,2024-10-01,2024-10-15,12907.00,2467.80,0.00,15374.80,PAID,12907.00,2467.80,,,2024-10-15 00:00:00+00:00,REF-20241015-2531,True,2063
2963,181,2024-10-01,2024-10-10,10986.00,2857.50,0.00,13843.50,PAID,10986.00,2857.50,,,2024-11-06 00:00:00+00:00,REF-20241106-2963,True,2495
2711,174,2024-10-01,2024-10-10,15982.00,2333.25,0.00,18315.25,PAID,15982.00,2333.25,,,2024-10-14 00:00:00+00:00,REF-20241014-2711,True,2243
2927,180,2024-10-01,2024-10-15,18152.00,1440.90,0.00,19592.90,PAID,18152.00,1440.90,,,2024-10-15 00:00:00+00:00,REF-20241015-2927,True,2459
2459,167,2024-10-01,2024-10-15,20093.00,2098.35,0.00,22191.35,PAID,20093.00,2098.35,,,2024-10-15 00:00:00+00:00,REF-20241015-2459,True,1991
2999,182,2024-10-01,2024-10-15,15393.00,2820.15,0.00,18213.15,PAID,15393.00,2820.15,,,2024-10-19 00:00:00+00:00,REF-20241019-2999,True,2531
1703,146,2024-10-01,2024-10-10,12967.00,2908.35,0.00,15875.35,PAID,12967.00,2908.35,,,2024-10-10 00:00:00+00:00,REF-20241010-1703,True,1235
1847,150,2024-10-01,2024-10-05,12073.00,2493.90,0.00,14566.90,PAID,12073.00,2493.90,,,2024-10-05 00:00:00+00:00,REF-20241005-1847,True,1379
1775,148,2024-10-01,2024-10-10,12762.00,2601.45,0.00,15363.45,PAID,12762.00,2601.45,,,2024-10-10 00:00:00+00:00,REF-20241010-1775,True,1307
2855,178,2024-10-01,2024-10-15,13339.00,2631.15,0.00,15970.15,PAID,13339.00,2631.15,,,2024-10-18 00:00:00+00:00,REF-20241018-2855,True,2387
2603,171,2024-10-01,2024-10-05,9680.00,2160.00,0.00,11840.00,PAID,9680.00,2160.00,,,2024-10-05 00:00:00+00:00,REF-20241005-2603,True,2135
1919,152,2024-10-01,2024-10-10,8991.00,1694.70,0.00,10685.70,PAID,8991.00,1694.70,,,2024-10-10 00:00:00+00:00,REF-20241010-1919,True,1451
2387,165,2024-10-01,2024-10-10,18241.00,1866.15,0.00,20107.15,PAID,18241.00,1866.15,,,2024-10-10 00:00:00+00:00,REF-20241010-2387,True,1919
2783,176,2024-10-01,2024-10-15,10789.00,2252.70,0.00,13041.70,PAID,10789.00,2252.70,,,2024-10-15 00:00:00+00:00,REF-20241015-2783,True,2315
2495,168,2024-10-01,2024-10-10,8811.00,2043.90,0.00,10854.90,PAID,8811.00,2043.90,,,2024-10-10 00:00:00+00:00,REF-20241010-2495,True,2027
1811,149,2024-10-01,2024-10-10,12918.00,2708.55,0.00,15626.55,PAID,12918.00,2708.55,,,2024-10-10 00:00:00+00:00,REF-20241010-1811,True,1343
2099,157,2024-10-01,2024-10-10,16615.00,1710.90,0.00,18325.90,PAID,16615.00,1710.90,,,2024-10-10 00:00:00+00:00,REF-20241010-2099,True,1631
2063,156,2024-10-01,2024-10-15,16423.00,1716.30,0.00,18139.30,PAID,16423.00,1716.30,,,2024-10-15 00:00:00+00:00,REF-20241015-2063,True,1595
2566,170,2024-09-01,2024-09-10,21005.00,1951.20,0.00,22956.20,PAID,21005.00,1951.20,,,2024-09-10 00:00:00+00:00,REF-20240910-2566,True,2098
2350,164,2024-09-01,2024-09-10,9196.00,2623.05,0.00,11819.05,PAID,9196.00,2623.05,,,2024-09-10 00:00:00+00:00,REF-20240910-2350,True,1882
1738,147,2024-09-01,2024-09-15,13413.00,1766.25,0.00,15179.25,PAID,13413.00,1766.25,,,2024-09-15 00:00:00+00:00,REF-20240915-1738,True,1270
2962,181,2024-09-01,2024-09-10,10986.00,2220.75,0.00,13206.75,PAID,10986.00,2220.75,,,2024-09-10 00:00:00+00:00,REF-20240910-2962,True,2494
1954,153,2024-09-01,2024-09-05,8589.00,1760.40,0.00,10349.40,PAID,8589.00,1760.40,,,2024-09-10 00:00:00+00:00,REF-20240910-1954,True,1486
2062,156,2024-09-01,2024-09-15,16423.00,2514.60,0.00,18937.60,PAID,16423.00,2514.60,,,2024-09-15 00:00:00+00:00,REF-20240915-2062,True,1594
1666,145,2024-09-01,2024-09-10,24585.00,3046.95,0.00,27631.95,PAID,24585.00,3046.95,,,2024-09-10 00:00:00+00:00,REF-20240910-1666,True,1198
2170,159,2024-09-01,2024-09-05,22110.00,2079.45,0.00,24189.45,PAID,22110.00,2079.45,,,2024-09-05 00:00:00+00:00,REF-20240905-2170,True,1702
2098,157,2024-09-01,2024-09-10,16615.00,2122.65,0.00,18737.65,PAID,16615.00,2122.65,,,2024-09-10 00:00:00+00:00,REF-20240910-2098,True,1630
2494,168,2024-09-01,2024-09-10,8811.00,2301.30,0.00,11112.30,PAID,8811.00,2301.30,,,2024-09-10 00:00:00+00:00,REF-20240910-2494,True,2026
2854,178,2024-09-01,2024-09-15,13339.00,1350.00,0.00,14689.00,PAID,13339.00,1350.00,,,2024-09-15 00:00:00+00:00,REF-20240915-2854,True,2386
1774,148,2024-09-01,2024-09-10,12762.00,2701.35,0.00,15463.35,PAID,12762.00,2701.35,,,2024-09-12 00:00:00+00:00,REF-20240912-1774,True,1306
1846,150,2024-09-01,2024-09-05,12073.00,2492.55,0.00,14565.55,PAID,12073.00,2492.55,,,2024-09-05 00:00:00+00:00,REF-20240905-1846,True,1378
2422,166,2024-09-01,2024-09-10,15261.00,2158.65,0.00,17419.65,PAID,15261.00,2158.65,,,2024-09-10 00:00:00+00:00,REF-20240910-2422,True,1954
2242,161,2024-09-01,2024-09-10,8100.00,2693.70,0.00,10793.70,PAID,8100.00,2693.70,,,2024-09-10 00:00:00+00:00,REF-20240910-2242,True,1774
2026,155,2024-09-01,2024-09-15,20483.00,1910.70,0.00,22393.70,PAID,20483.00,1910.70,,,2024-09-15 00:00:00+00:00,REF-20240915-2026,True,1558
2530,169,2024-09-01,2024-09-15,12907.00,2704.50,0.00,15611.50,PAID,12907.00,2704.50,,,2024-09-15 00:00:00+00:00,REF-20240915-2530,True,2062
2314,163,2024-09-01,2024-09-15,15487.00,2811.60,0.00,18298.60,PAID,15487.00,2811.60,,,2024-09-15 00:00:00+00:00,REF-20240915-2314,True,1846
2890,179,2024-09-01,2024-09-10,12137.00,2499.30,0.00,14636.30,PAID,12137.00,2499.30,,,2024-09-10 00:00:00+00:00,REF-20240910-2890,True,2422
2674,173,2024-09-01,2024-09-05,24361.00,2185.20,0.00,26546.20,PAID,24361.00,2185.20,,,2024-09-05 00:00:00+00:00,REF-20240905-2674,True,2206
2782,176,2024-09-01,2024-09-15,10789.00,2723.85,0.00,13512.85,PAID,10789.00,2723.85,,,2024-09-15 00:00:00+00:00,REF-20240915-2782,True,2314
1810,149,2024-09-01,2024-09-10,12918.00,1791.45,0.00,14709.45,PAID,12918.00,1791.45,,,2024-09-17 00:00:00+00:00,REF-20240917-1810,True,1342
2710,174,2024-09-01,2024-09-10,15982.00,2047.50,0.00,18029.50,PAID,15982.00,2047.50,,,2024-09-10 00:00:00+00:00,REF-20240910-2710,True,2242
1702,146,2024-09-01,2024-09-10,12967.00,1967.40,0.00,14934.40,PAID,12967.00,1967.40,,,2024-09-10 00:00:00+00:00,REF-20240910-1702,True,1234
2998,182,2024-09-01,2024-09-15,15393.00,2528.55,0.00,17921.55,PAID,15393.00,2528.55,,,2024-09-18 00:00:00+00:00,REF-20240918-2998,True,2530
2602,171,2024-09-01,2024-09-05,9680.00,2342.70,0.00,12022.70,PAID,9680.00,2342.70,,,2024-09-05 00:00:00+00:00,REF-20240905-2602,True,2134
2926,180,2024-09-01,2024-09-15,18152.00,1725.30,0.00,19877.30,PAID,18152.00,1725.30,,,2024-09-15 00:00:00+00:00,REF-20240915-2926,True,2458
1918,152,2024-09-01,2024-09-10,8991.00,1506.60,0.00,10497.60,PAID,8991.00,1506.60,,,2024-09-21 00:00:00+00:00,REF-20240921-1918,True,1450
3034,183,2024-09-01,2024-09-10,17289.00,1950.75,0.00,19239.75,PAID,17289.00,1950.75,,,2024-09-10 00:00:00+00:00,REF-20240910-3034,True,2566
1882,151,2024-09-01,2024-09-10,22061.00,2389.50,0.00,24450.50,PAID,22061.00,2389.50,,,2024-09-10 00:00:00+00:00,REF-20240910-1882,True,1414
2134,158,2024-09-01,2024-09-15,18790.00,2880.00,0.00,21670.00,PAID,18790.00,2880.00,,,2024-09-15 00:00:00+00:00,REF-20240915-2134,True,1666
2386,165,2024-09-01,2024-09-10,18241.00,1620.90,0.00,19861.90,PAID,18241.00,1620.90,,,2024-09-10 00:00:00+00:00,REF-20240910-2386,True,1918
2746,175,2024-09-01,2024-09-15,11675.00,3049.20,0.00,14724.20,PAID,11675.00,3049.20,,,2024-09-15 00:00:00+00:00,REF-20240915-2746,True,2278
2818,177,2024-09-01,2024-09-05,8325.00,3060.00,0.00,11385.00,PAID,8325.00,3060.00,,,2024-09-19 00:00:00+00:00,REF-20240919-2818,True,2350
1990,154,2024-09-01,2024-09-10,15421.00,1517.85,0.00,16938.85,PAID,15421.00,1517.85,,,2024-09-10 00:00:00+00:00,REF-20240910-1990,True,1522
2458,167,2024-09-01,2024-09-15,20093.00,2960.10,0.00,23053.10,PAID,20093.00,2960.10,,,2024-09-15 00:00:00+00:00,REF-20240915-2458,True,1990
2638,172,2024-09-01,2024-09-15,14372.00,1696.05,0.00,16068.05,PAID,14372.00,1696.05,,,2024-09-15 00:00:00+00:00,REF-20240915-2638,True,2170
2278,162,2024-09-01,2024-09-05,19048.00,3514.05,0.00,22562.05,PAID,19048.00,3514.05,,,2024-09-05 00:00:00+00:00,REF-20240905-2278,True,1810
2206,160,2024-09-01,2024-09-05,13039.00,2363.40,0.00,15402.40,PAID,13039.00,2363.40,,,2024-09-07 00:00:00+00:00,REF-20240907-2206,True,1738
2925,180,2024-08-01,2024-08-15,18152.00,1404.45,0.00,19556.45,PAID,18152.00,1404.45,,,2024-08-15 00:00:00+00:00,REF-20240815-2925,True,2457
2025,155,2024-08-01,2024-08-15,20483.00,2686.05,0.00,23169.05,PAID,20483.00,2686.05,,,2024-08-15 00:00:00+00:00,REF-20240815-2025,True,1557
2205,160,2024-08-01,2024-08-05,13039.00,1350.00,0.00,14389.00,PAID,13039.00,1350.00,,,2024-08-05 00:00:00+00:00,REF-20240805-2205,True,1737
1809,149,2024-08-01,2024-08-10,12918.00,1991.70,0.00,14909.70,PAID,12918.00,1991.70,,,2024-09-04 00:00:00+00:00,REF-20240904-1809,True,1341
2709,174,2024-08-01,2024-08-10,15982.00,1523.25,0.00,17505.25,PAID,15982.00,1523.25,,,2024-08-10 00:00:00+00:00,REF-20240810-2709,True,2241
2745,175,2024-08-01,2024-08-15,11675.00,2162.70,0.00,13837.70,PAID,11675.00,2162.70,,,2024-08-19 00:00:00+00:00,REF-20240819-2745,True,2277
3033,183,2024-08-01,2024-08-10,17289.00,2349.90,0.00,19638.90,PAID,17289.00,2349.90,,,2024-08-10 00:00:00+00:00,REF-20240810-3033,True,2565
2637,172,2024-08-01,2024-08-15,14372.00,2247.30,0.00,16619.30,PAID,14372.00,2247.30,,,2024-09-16 00:00:00+00:00,REF-20240916-2637,True,2169
2097,157,2024-08-01,2024-08-10,16615.00,3210.75,0.00,19825.75,PAID,16615.00,3210.75,,,2024-08-10 00:00:00+00:00,REF-20240810-2097,True,1629
2673,173,2024-08-01,2024-08-05,24361.00,1791.00,0.00,26152.00,PAID,24361.00,1791.00,,,2024-08-05 00:00:00+00:00,REF-20240805-2673,True,2205
2421,166,2024-08-01,2024-08-10,15261.00,1835.55,0.00,17096.55,PAID,15261.00,1835.55,,,2024-08-10 00:00:00+00:00,REF-20240810-2421,True,1953
2313,163,2024-08-01,2024-08-15,15487.00,2348.55,0.00,17835.55,PAID,15487.00,2348.55,,,2024-08-15 00:00:00+00:00,REF-20240815-2313,True,1845
2781,176,2024-08-01,2024-08-15,10789.00,2808.45,0.00,13597.45,PAID,10789.00,2808.45,,,2024-08-15 00:00:00+00:00,REF-20240815-2781,True,2313
2349,164,2024-08-01,2024-08-10,9196.00,1466.55,0.00,10662.55,PAID,9196.00,1466.55,,,2024-08-10 00:00:00+00:00,REF-20240810-2349,True,1881
1701,146,2024-08-01,2024-08-10,12967.00,1350.00,0.00,14317.00,PAID,12967.00,1350.00,,,2024-08-10 00:00:00+00:00,REF-20240810-1701,True,1233
2997,182,2024-08-01,2024-08-15,15393.00,2363.40,0.00,17756.40,PAID,15393.00,2363.40,,,2024-08-15 00:00:00+00:00,REF-20240815-2997,True,2529
2601,171,2024-08-01,2024-08-05,9680.00,2691.90,0.00,12371.90,PAID,9680.00,2691.90,,,2024-08-20 00:00:00+00:00,REF-20240820-2601,True,2133
1917,152,2024-08-01,2024-08-10,8991.00,1961.10,0.00,10952.10,PAID,8991.00,1961.10,,,2024-08-10 00:00:00+00:00,REF-20240810-1917,True,1449
2385,165,2024-08-01,2024-08-10,18241.00,2129.85,0.00,20370.85,PAID,18241.00,2129.85,,,2024-08-10 00:00:00+00:00,REF-20240810-2385,True,1917
2133,158,2024-08-01,2024-08-15,18790.00,2093.40,0.00,20883.40,PAID,18790.00,2093.40,,,2024-08-15 00:00:00+00:00,REF-20240815-2133,True,1665
2817,177,2024-08-01,2024-08-05,8325.00,1809.00,0.00,10134.00,PAID,8325.00,1809.00,,,2024-08-05 00:00:00+00:00,REF-20240805-2817,True,2349
2457,167,2024-08-01,2024-08-15,20093.00,3499.20,0.00,23592.20,PAID,20093.00,3499.20,,,2024-08-15 00:00:00+00:00,REF-20240815-2457,True,1989
1989,154,2024-08-01,2024-08-10,15421.00,1832.40,0.00,17253.40,PAID,15421.00,1832.40,,,2024-08-10 00:00:00+00:00,REF-20240810-1989,True,1521
2277,162,2024-08-01,2024-08-05,19048.00,3240.45,0.00,22288.45,PAID,19048.00,3240.45,,,2024-08-05 00:00:00+00:00,REF-20240805-2277,True,1809
2061,156,2024-08-01,2024-08-15,16423.00,1350.00,0.00,17773.00,PAID,16423.00,1350.00,,,2024-08-15 00:00:00+00:00,REF-20240815-2061,True,1593
1881,151,2024-08-01,2024-08-10,22061.00,2812.05,0.00,24873.05,PAID,22061.00,2812.05,,,2024-08-10 00:00:00+00:00,REF-20240810-1881,True,1413
1737,147,2024-08-01,2024-08-15,13413.00,2166.30,0.00,15579.30,PAID,13413.00,2166.30,,,2024-08-15 00:00:00+00:00,REF-20240815-1737,True,1269
2961,181,2024-08-01,2024-08-10,10986.00,1479.60,0.00,12465.60,PAID,10986.00,1479.60,,,2024-08-10 00:00:00+00:00,REF-20240810-2961,True,2493
2565,170,2024-08-01,2024-08-10,21005.00,1472.85,0.00,22477.85,PAID,21005.00,1472.85,,,2024-08-10 00:00:00+00:00,REF-20240810-2565,True,2097
2169,159,2024-08-01,2024-08-05,22110.00,1549.80,0.00,23659.80,PAID,22110.00,1549.80,,,2024-08-30 00:00:00+00:00,REF-20240830-2169,True,1701
1665,145,2024-08-01,2024-08-10,24585.00,2104.65,0.00,26689.65,PAID,24585.00,2104.65,,,2024-08-12 00:00:00+00:00,REF-20240812-1665,True,1197
2853,178,2024-08-01,2024-08-15,13339.00,2376.90,0.00,15715.90,PAID,13339.00,2376.90,,,2024-08-15 00:00:00+00:00,REF-20240815-2853,True,2385
1773,148,2024-08-01,2024-08-10,12762.00,2154.60,0.00,14916.60,PAID,12762.00,2154.60,,,2024-08-10 00:00:00+00:00,REF-20240810-1773,True,1305
1845,150,2024-08-01,2024-08-05,12073.00,2094.75,0.00,14167.75,PAID,12073.00,2094.75,,,2024-08-31 00:00:00+00:00,REF-20240831-1845,True,1377
2493,168,2024-08-01,2024-08-10,8811.00,2287.35,0.00,11098.35,PAID,8811.00,2287.35,,,2024-08-16 00:00:00+00:00,REF-20240816-2493,True,2025
2241,161,2024-08-01,2024-08-10,8100.00,3109.50,0.00,11209.50,PAID,8100.00,3109.50,,,2024-08-15 00:00:00+00:00,REF-20240815-2241,True,1773
2529,169,2024-08-01,2024-08-15,12907.00,2385.90,0.00,15292.90,PAID,12907.00,2385.90,,,2024-08-15 00:00:00+00:00,REF-20240815-2529,True,2061
2889,179,2024-08-01,2024-08-10,12137.00,2868.75,0.00,15005.75,PAID,12137.00,2868.75,,,2024-08-10 00:00:00+00:00,REF-20240810-2889,True,2421
1953,153,2024-08-01,2024-08-05,8589.00,2439.90,0.00,11028.90,PAID,8589.00,2439.90,,,2024-08-05 00:00:00+00:00,REF-20240805-1953,True,1485
2708,174,2024-07-01,2024-07-10,15982.00,3210.30,0.00,19192.30,PAID,15982.00,3210.30,,,2024-07-10 00:00:00+00:00,REF-20240710-2708,True,2240
2024,155,2024-07-01,2024-07-15,20483.00,2557.35,0.00,23040.35,PAID,20483.00,2557.35,,,2024-07-15 00:00:00+00:00,REF-20240715-2024,True,1556
3032,183,2024-07-01,2024-07-10,17289.00,2591.55,0.00,19880.55,PAID,17289.00,2591.55,,,2024-07-10 00:00:00+00:00,REF-20240710-3032,True,2564
2420,166,2024-07-01,2024-07-10,15261.00,3035.25,0.00,18296.25,PAID,15261.00,3035.25,,,2024-07-27 00:00:00+00:00,REF-20240727-2420,True,1952
1700,146,2024-07-01,2024-07-10,12967.00,1350.00,0.00,14317.00,PAID,12967.00,1350.00,,,2024-07-10 00:00:00+00:00,REF-20240710-1700,True,1232
2996,182,2024-07-01,2024-07-15,15393.00,2917.35,0.00,18310.35,PAID,15393.00,2917.35,,,2024-07-17 00:00:00+00:00,REF-20240717-2996,True,2528
2348,164,2024-07-01,2024-07-10,9196.00,2479.50,0.00,11675.50,PAID,9196.00,2479.50,,,2024-07-21 00:00:00+00:00,REF-20240721-2348,True,1880
2456,167,2024-07-01,2024-07-15,20093.00,1656.45,0.00,21749.45,PAID,20093.00,1656.45,,,2024-07-15 00:00:00+00:00,REF-20240715-2456,True,1988
1736,147,2024-07-01,2024-07-15,13413.00,1956.15,0.00,15369.15,PAID,13413.00,1956.15,,,2024-07-16 00:00:00+00:00,REF-20240716-1736,True,1268
2276,162,2024-07-01,2024-07-05,19048.00,1878.30,0.00,20926.30,PAID,19048.00,1878.30,,,2024-09-01 00:00:00+00:00,REF-20240901-2276,True,1808
2960,181,2024-07-01,2024-07-10,10986.00,2126.70,0.00,13112.70,PAID,10986.00,2126.70,,,2024-07-10 00:00:00+00:00,REF-20240710-2960,True,2492
1772,148,2024-07-01,2024-07-10,12762.00,2057.85,0.00,14819.85,PAID,12762.00,2057.85,,,2024-07-10 00:00:00+00:00,REF-20240710-1772,True,1304
2492,168,2024-07-01,2024-07-10,8811.00,1350.00,0.00,10161.00,PAID,8811.00,1350.00,,,2024-07-10 00:00:00+00:00,REF-20240710-2492,True,2024
2240,161,2024-07-01,2024-07-10,8100.00,2352.15,0.00,10452.15,PAID,8100.00,2352.15,,,2024-07-10 00:00:00+00:00,REF-20240710-2240,True,1772
2924,180,2024-07-01,2024-07-15,18152.00,2338.65,0.00,20490.65,PAID,18152.00,2338.65,,,2024-07-15 00:00:00+00:00,REF-20240715-2924,True,2456
1808,149,2024-07-01,2024-07-10,12918.00,1453.95,0.00,14371.95,PAID,12918.00,1453.95,,,2024-07-18 00:00:00+00:00,REF-20240718-1808,True,1340
2528,169,2024-07-01,2024-07-15,12907.00,2300.40,0.00,15207.40,PAID,12907.00,2300.40,,,2024-07-22 00:00:00+00:00,REF-20240722-2528,True,2060
2204,160,2024-07-01,2024-07-05,13039.00,2313.45,0.00,15352.45,PAID,13039.00,2313.45,,,2024-07-05 00:00:00+00:00,REF-20240705-2204,True,1736
2888,179,2024-07-01,2024-07-10,12137.00,1898.10,0.00,14035.10,PAID,12137.00,1898.10,,,2024-07-10 00:00:00+00:00,REF-20240710-2888,True,2420
1844,150,2024-07-01,2024-07-05,12073.00,2388.15,0.00,14461.15,PAID,12073.00,2388.15,,,2024-07-05 00:00:00+00:00,REF-20240705-1844,True,1376
2852,178,2024-07-01,2024-07-15,13339.00,3099.15,0.00,16438.15,PAID,13339.00,3099.15,,,2024-07-18 00:00:00+00:00,REF-20240718-2852,True,2384
2168,159,2024-07-01,2024-07-05,22110.00,3481.65,0.00,25591.65,PAID,22110.00,3481.65,,,2024-07-05 00:00:00+00:00,REF-20240705-2168,True,1700
1880,151,2024-07-01,2024-07-10,22061.00,1742.85,0.00,23803.85,PAID,22061.00,1742.85,,,2024-07-10 00:00:00+00:00,REF-20240710-1880,True,1412
2564,170,2024-07-01,2024-07-10,21005.00,1866.60,0.00,22871.60,PAID,21005.00,1866.60,,,2024-07-10 00:00:00+00:00,REF-20240710-2564,True,2096
2816,177,2024-07-01,2024-07-05,8325.00,2347.20,0.00,10672.20,PAID,8325.00,2347.20,,,2024-07-05 00:00:00+00:00,REF-20240705-2816,True,2348
1664,145,2024-07-01,2024-07-10,24585.00,2573.10,0.00,27158.10,PAID,24585.00,2573.10,,,2024-07-10 00:00:00+00:00,REF-20240710-1664,True,1196
2132,158,2024-07-01,2024-07-15,18790.00,1992.15,0.00,20782.15,PAID,18790.00,1992.15,,,2024-07-15 00:00:00+00:00,REF-20240715-2132,True,1664
1916,152,2024-07-01,2024-07-10,8991.00,2231.55,0.00,11222.55,PAID,8991.00,2231.55,,,2024-07-10 00:00:00+00:00,REF-20240710-1916,True,1448
2600,171,2024-07-01,2024-07-05,9680.00,2418.30,0.00,12098.30,PAID,9680.00,2418.30,,,2024-07-08 00:00:00+00:00,REF-20240708-2600,True,2132
2780,176,2024-07-01,2024-07-15,10789.00,2743.20,0.00,13532.20,PAID,10789.00,2743.20,,,2024-07-15 00:00:00+00:00,REF-20240715-2780,True,2312
2384,165,2024-07-01,2024-07-10,18241.00,2024.10,0.00,20265.10,PAID,18241.00,2024.10,,,2024-07-10 00:00:00+00:00,REF-20240710-2384,True,1916
2096,157,2024-07-01,2024-07-10,16615.00,1947.60,0.00,18562.60,PAID,16615.00,1947.60,,,2024-07-14 00:00:00+00:00,REF-20240714-2096,True,1628
1952,153,2024-07-01,2024-07-05,8589.00,2452.50,0.00,11041.50,PAID,8589.00,2452.50,,,2024-07-08 00:00:00+00:00,REF-20240708-1952,True,1484
2636,172,2024-07-01,2024-07-15,14372.00,2060.10,0.00,16432.10,PAID,14372.00,2060.10,,,2024-07-15 00:00:00+00:00,REF-20240715-2636,True,2168
2744,175,2024-07-01,2024-07-15,11675.00,1865.25,0.00,13540.25,PAID,11675.00,1865.25,,,2024-07-15 00:00:00+00:00,REF-20240715-2744,True,2276
2060,156,2024-07-01,2024-07-15,16423.00,2492.55,0.00,18915.55,PAID,16423.00,2492.55,,,2024-07-15 00:00:00+00:00,REF-20240715-2060,True,1592
1988,154,2024-07-01,2024-07-10,15421.00,2622.15,0.00,18043.15,PAID,15421.00,2622.15,,,2024-07-16 00:00:00+00:00,REF-20240716-1988,True,1520
2672,173,2024-07-01,2024-07-05,24361.00,1599.75,0.00,25960.75,PAID,24361.00,1599.75,,,2024-07-05 00:00:00+00:00,REF-20240705-2672,True,2204
2312,163,2024-07-01,2024-07-15,15487.00,2861.10,0.00,18348.10,PAID,15487.00,2861.10,,,2024-07-15 00:00:00+00:00,REF-20240715-2312,True,1844
2995,182,2024-06-01,2024-06-15,15393.00,1829.25,0.00,17222.25,PAID,15393.00,1829.25,,,2024-06-15 00:00:00+00:00,REF-20240615-2995,True,2527
1699,146,2024-06-01,2024-06-10,12967.00,2574.00,0.00,15541.00,PAID,12967.00,2574.00,,,2024-06-10 00:00:00+00:00,REF-20240610-1699,True,1231
2923,180,2024-06-01,2024-06-15,18152.00,1350.00,0.00,19502.00,PAID,18152.00,1350.00,,,2024-06-15 00:00:00+00:00,REF-20240615-2923,True,2455
1951,153,2024-06-01,2024-06-05,8589.00,2087.10,0.00,10676.10,PAID,8589.00,2087.10,,,2024-06-07 00:00:00+00:00,REF-20240607-1951,True,1483
2779,176,2024-06-01,2024-06-15,10789.00,1480.50,0.00,12269.50,PAID,10789.00,1480.50,,,2024-06-15 00:00:00+00:00,REF-20240615-2779,True,2311
2383,165,2024-06-01,2024-06-10,18241.00,3420.90,0.00,21661.90,PAID,18241.00,3420.90,,,2024-06-10 00:00:00+00:00,REF-20240610-2383,True,1915
1663,145,2024-06-01,2024-06-10,24585.00,3329.55,0.00,27914.55,PAID,24585.00,3329.55,,,2024-06-10 00:00:00+00:00,REF-20240610-1663,True,1195
2311,163,2024-06-01,2024-06-15,15487.00,1668.15,0.00,17155.15,PAID,15487.00,1668.15,,,2024-06-21 00:00:00+00:00,REF-20240621-2311,True,1843
2419,166,2024-06-01,2024-06-10,15261.00,2773.80,0.00,18034.80,PAID,15261.00,2773.80,,,2024-06-10 00:00:00+00:00,REF-20240610-2419,True,1951
2563,170,2024-06-01,2024-06-10,21005.00,1571.85,0.00,22576.85,PAID,21005.00,1571.85,,,2024-07-04 00:00:00+00:00,REF-20240704-2563,True,2095
2095,157,2024-06-01,2024-06-10,16615.00,1955.25,0.00,18570.25,PAID,16615.00,1955.25,,,2024-06-14 00:00:00+00:00,REF-20240614-2095,True,1627
2203,160,2024-06-01,2024-06-05,13039.00,2626.20,0.00,15665.20,PAID,13039.00,2626.20,,,2024-06-05 00:00:00+00:00,REF-20240605-2203,True,1735
2527,169,2024-06-01,2024-06-15,12907.00,2465.55,0.00,15372.55,PAID,12907.00,2465.55,,,2024-06-15 00:00:00+00:00,REF-20240615-2527,True,2059
2167,159,2024-06-01,2024-06-05,22110.00,1549.80,0.00,23659.80,PAID,22110.00,1549.80,,,2024-06-11 00:00:00+00:00,REF-20240611-2167,True,1699
2239,161,2024-06-01,2024-06-10,8100.00,2263.05,0.00,10363.05,PAID,8100.00,2263.05,,,2024-06-10 00:00:00+00:00,REF-20240610-2239,True,1771
2851,178,2024-06-01,2024-06-15,13339.00,2791.35,0.00,16130.35,PAID,13339.00,2791.35,,,2024-06-15 00:00:00+00:00,REF-20240615-2851,True,2383
2491,168,2024-06-01,2024-06-10,8811.00,2851.65,0.00,11662.65,PAID,8811.00,2851.65,,,2024-06-10 00:00:00+00:00,REF-20240610-2491,True,2023
1807,149,2024-06-01,2024-06-10,12918.00,2938.50,0.00,15856.50,PAID,12918.00,2938.50,,,2024-06-10 00:00:00+00:00,REF-20240610-1807,True,1339
2671,173,2024-06-01,2024-06-05,24361.00,2040.30,0.00,26401.30,PAID,24361.00,2040.30,,,2024-06-12 00:00:00+00:00,REF-20240612-2671,True,2203
1879,151,2024-06-01,2024-06-10,22061.00,2441.70,0.00,24502.70,PAID,22061.00,2441.70,,,2024-06-10 00:00:00+00:00,REF-20240610-1879,True,1411
2959,181,2024-06-01,2024-06-10,10986.00,3361.50,0.00,14347.50,PAID,10986.00,3361.50,,,2024-06-10 00:00:00+00:00,REF-20240610-2959,True,2491
2347,164,2024-06-01,2024-06-10,9196.00,2575.35,0.00,11771.35,PAID,9196.00,2575.35,,,2024-06-10 00:00:00+00:00,REF-20240610-2347,True,1879
1843,150,2024-06-01,2024-06-05,12073.00,2267.10,0.00,14340.10,PAID,12073.00,2267.10,,,2024-06-05 00:00:00+00:00,REF-20240605-1843,True,1375
2275,162,2024-06-01,2024-06-05,19048.00,2937.15,0.00,21985.15,PAID,19048.00,2937.15,,,2024-06-05 00:00:00+00:00,REF-20240605-2275,True,1807
2455,167,2024-06-01,2024-06-15,20093.00,2115.45,0.00,22208.45,PAID,20093.00,2115.45,,,2024-06-15 00:00:00+00:00,REF-20240615-2455,True,1987
2059,156,2024-06-01,2024-06-15,16423.00,3173.85,0.00,19596.85,PAID,16423.00,3173.85,,,2024-06-22 00:00:00+00:00,REF-20240622-2059,True,1591
2815,177,2024-06-01,2024-06-05,8325.00,2550.60,0.00,10875.60,PAID,8325.00,2550.60,,,2024-06-05 00:00:00+00:00,REF-20240605-2815,True,2347
2743,175,2024-06-01,2024-06-15,11675.00,2151.90,0.00,13826.90,PAID,11675.00,2151.90,,,2024-06-15 00:00:00+00:00,REF-20240615-2743,True,2275
1987,154,2024-06-01,2024-06-10,15421.00,2543.85,0.00,17964.85,PAID,15421.00,2543.85,,,2024-06-10 00:00:00+00:00,REF-20240610-1987,True,1519
1735,147,2024-06-01,2024-06-15,13413.00,2217.15,0.00,15630.15,PAID,13413.00,2217.15,,,2024-06-15 00:00:00+00:00,REF-20240615-1735,True,1267
2887,179,2024-06-01,2024-06-10,12137.00,1710.90,0.00,13847.90,PAID,12137.00,1710.90,,,2024-06-10 00:00:00+00:00,REF-20240610-2887,True,2419
2707,174,2024-06-01,2024-06-10,15982.00,2425.05,0.00,18407.05,PAID,15982.00,2425.05,,,2024-06-10 00:00:00+00:00,REF-20240610-2707,True,2239
2131,158,2024-06-01,2024-06-15,18790.00,1577.70,0.00,20367.70,PAID,18790.00,1577.70,,,2024-06-15 00:00:00+00:00,REF-20240615-2131,True,1663
2023,155,2024-06-01,2024-06-15,20483.00,2130.30,0.00,22613.30,PAID,20483.00,2130.30,,,2024-06-15 00:00:00+00:00,REF-20240615-2023,True,1555
3031,183,2024-06-01,2024-06-10,17289.00,2177.10,0.00,19466.10,PAID,17289.00,2177.10,,,2024-06-10 00:00:00+00:00,REF-20240610-3031,True,2563
1771,148,2024-06-01,2024-06-10,12762.00,2542.95,0.00,15304.95,PAID,12762.00,2542.95,,,2024-06-10 00:00:00+00:00,REF-20240610-1771,True,1303
1915,152,2024-06-01,2024-06-10,8991.00,2369.25,0.00,11360.25,PAID,8991.00,2369.25,,,2024-06-30 00:00:00+00:00,REF-20240630-1915,True,1447
2635,172,2024-06-01,2024-06-15,14372.00,2091.15,0.00,16463.15,PAID,14372.00,2091.15,,,2024-06-15 00:00:00+00:00,REF-20240615-2635,True,2167
2599,171,2024-06-01,2024-06-05,9680.00,2200.95,0.00,11880.95,PAID,9680.00,2200.95,,,2024-06-05 00:00:00+00:00,REF-20240605-2599,True,2131
2058,156,2024-05-01,2024-05-15,16423.00,2194.65,0.00,18617.65,PAID,16423.00,2194.65,,,2024-05-15 00:00:00+00:00,REF-20240515-2058,True,1590
2634,172,2024-05-01,2024-05-15,14372.00,2706.75,0.00,17078.75,PAID,14372.00,2706.75,,,2024-05-15 00:00:00+00:00,REF-20240515-2634,True,2166
2994,182,2024-05-01,2024-05-15,15393.00,1681.65,0.00,17074.65,PAID,15393.00,1681.65,,,2024-07-03 00:00:00+00:00,REF-20240703-2994,True,2526
1878,151,2024-05-01,2024-05-10,22061.00,2097.00,0.00,24158.00,PAID,22061.00,2097.00,,,2024-05-10 00:00:00+00:00,REF-20240510-1878,True,1410
2598,171,2024-05-01,2024-05-05,9680.00,2535.30,0.00,12215.30,PAID,9680.00,2535.30,,,2024-05-07 00:00:00+00:00,REF-20240507-2598,True,2130
1698,146,2024-05-01,2024-05-10,12967.00,3173.85,0.00,16140.85,PAID,12967.00,3173.85,,,2024-05-13 00:00:00+00:00,REF-20240513-1698,True,1230
2706,174,2024-05-01,2024-05-10,15982.00,1593.90,0.00,17575.90,PAID,15982.00,1593.90,,,2024-05-10 00:00:00+00:00,REF-20240510-2706,True,2238
1662,145,2024-05-01,2024-05-10,24585.00,2036.70,0.00,26621.70,PAID,24585.00,2036.70,,,2024-05-10 00:00:00+00:00,REF-20240510-1662,True,1194
2310,163,2024-05-01,2024-05-15,15487.00,2814.30,0.00,18301.30,PAID,15487.00,2814.30,,,2024-05-15 00:00:00+00:00,REF-20240515-2310,True,1842
1842,150,2024-05-01,2024-05-05,12073.00,1794.60,0.00,13867.60,PAID,12073.00,1794.60,,,2024-05-05 00:00:00+00:00,REF-20240505-1842,True,1374
2670,173,2024-05-01,2024-05-05,24361.00,1350.00,0.00,25711.00,PAID,24361.00,1350.00,,,2024-05-05 00:00:00+00:00,REF-20240505-2670,True,2202
2778,176,2024-05-01,2024-05-15,10789.00,1375.65,0.00,12164.65,PAID,10789.00,1375.65,,,2024-05-15 00:00:00+00:00,REF-20240515-2778,True,2310
2202,160,2024-05-01,2024-05-05,13039.00,3002.40,0.00,16041.40,PAID,13039.00,3002.40,,,2024-05-05 00:00:00+00:00,REF-20240505-2202,True,1734
1950,153,2024-05-01,2024-05-05,8589.00,1733.85,0.00,10322.85,PAID,8589.00,1733.85,,,2024-05-05 00:00:00+00:00,REF-20240505-1950,True,1482
1770,148,2024-05-01,2024-05-10,12762.00,1978.20,0.00,14740.20,PAID,12762.00,1978.20,,,2024-05-10 00:00:00+00:00,REF-20240510-1770,True,1302
2094,157,2024-05-01,2024-05-10,16615.00,3381.75,0.00,19996.75,PAID,16615.00,3381.75,,,2024-05-10 00:00:00+00:00,REF-20240510-2094,True,1626
2562,170,2024-05-01,2024-05-10,21005.00,1843.20,0.00,22848.20,PAID,21005.00,1843.20,,,2024-05-10 00:00:00+00:00,REF-20240510-2562,True,2094
2382,165,2024-05-01,2024-05-10,18241.00,1535.40,0.00,19776.40,PAID,18241.00,1535.40,,,2024-05-10 00:00:00+00:00,REF-20240510-2382,True,1914
1734,147,2024-05-01,2024-05-15,13413.00,2168.55,0.00,15581.55,PAID,13413.00,2168.55,,,2024-05-15 00:00:00+00:00,REF-20240515-1734,True,1266
2274,162,2024-05-01,2024-05-05,19048.00,1350.00,0.00,20398.00,PAID,19048.00,1350.00,,,2024-05-05 00:00:00+00:00,REF-20240505-2274,True,1806
2418,166,2024-05-01,2024-05-10,15261.00,1521.00,0.00,16782.00,PAID,15261.00,1521.00,,,2024-05-10 00:00:00+00:00,REF-20240510-2418,True,1950
2346,164,2024-05-01,2024-05-10,9196.00,1548.90,0.00,10744.90,PAID,9196.00,1548.90,,,2024-05-10 00:00:00+00:00,REF-20240510-2346,True,1878
1914,152,2024-05-01,2024-05-10,8991.00,1622.70,0.00,10613.70,PAID,8991.00,1622.70,,,2024-05-10 00:00:00+00:00,REF-20240510-1914,True,1446
2454,167,2024-05-01,2024-05-15,20093.00,2182.95,0.00,22275.95,PAID,20093.00,2182.95,,,2024-05-18 00:00:00+00:00,REF-20240518-2454,True,1986
2922,180,2024-05-01,2024-05-15,18152.00,2273.40,0.00,20425.40,PAID,18152.00,2273.40,,,2024-05-15 00:00:00+00:00,REF-20240515-2922,True,2454
3030,183,2024-05-01,2024-05-10,17289.00,2618.10,0.00,19907.10,PAID,17289.00,2618.10,,,2024-05-10 00:00:00+00:00,REF-20240510-3030,True,2562
2886,179,2024-05-01,2024-05-10,12137.00,1350.00,0.00,13487.00,PAID,12137.00,1350.00,,,2024-05-10 00:00:00+00:00,REF-20240510-2886,True,2418
2238,161,2024-05-01,2024-05-10,8100.00,3275.10,0.00,11375.10,PAID,8100.00,3275.10,,,2024-05-10 00:00:00+00:00,REF-20240510-2238,True,1770
1986,154,2024-05-01,2024-05-10,15421.00,2511.90,0.00,17932.90,PAID,15421.00,2511.90,,,2024-06-04 00:00:00+00:00,REF-20240604-1986,True,1518
2166,159,2024-05-01,2024-05-05,22110.00,1626.30,0.00,23736.30,PAID,22110.00,1626.30,,,2024-05-10 00:00:00+00:00,REF-20240510-2166,True,1698
2130,158,2024-05-01,2024-05-15,18790.00,2772.45,0.00,21562.45,PAID,18790.00,2772.45,,,2024-05-15 00:00:00+00:00,REF-20240515-2130,True,1662
2526,169,2024-05-01,2024-05-15,12907.00,3015.90,0.00,15922.90,PAID,12907.00,3015.90,,,2024-05-15 00:00:00+00:00,REF-20240515-2526,True,2058
2958,181,2024-05-01,2024-05-10,10986.00,2323.35,0.00,13309.35,PAID,10986.00,2323.35,,,2024-05-10 00:00:00+00:00,REF-20240510-2958,True,2490
2814,177,2024-05-01,2024-05-05,8325.00,3264.75,0.00,11589.75,PAID,8325.00,3264.75,,,2024-05-19 00:00:00+00:00,REF-20240519-2814,True,2346
2850,178,2024-05-01,2024-05-15,13339.00,1882.80,0.00,15221.80,PAID,13339.00,1882.80,,,2024-05-15 00:00:00+00:00,REF-20240515-2850,True,2382
2742,175,2024-05-01,2024-05-15,11675.00,2303.10,0.00,13978.10,PAID,11675.00,2303.10,,,2024-05-15 00:00:00+00:00,REF-20240515-2742,True,2274
1806,149,2024-05-01,2024-05-10,12918.00,1867.50,0.00,14785.50,PAID,12918.00,1867.50,,,2024-05-17 00:00:00+00:00,REF-20240517-1806,True,1338
2022,155,2024-05-01,2024-05-15,20483.00,3040.65,0.00,23523.65,PAID,20483.00,3040.65,,,2024-05-15 00:00:00+00:00,REF-20240515-2022,True,1554
2490,168,2024-05-01,2024-05-10,8811.00,2857.05,0.00,11668.05,PAID,8811.00,2857.05,,,2024-05-10 00:00:00+00:00,REF-20240510-2490,True,2022
2885,179,2024-04-01,2024-04-10,12137.00,1477.80,0.00,13614.80,PAID,12137.00,1477.80,,,2024-04-10 00:00:00+00:00,REF-20240410-2885,True,2417
1841,150,2024-04-01,2024-04-05,12073.00,1759.05,0.00,13832.05,PAID,12073.00,1759.05,,,2024-04-09 00:00:00+00:00,REF-20240409-1841,True,1373
2489,168,2024-04-01,2024-04-10,8811.00,3219.75,0.00,12030.75,PAID,8811.00,3219.75,,,2024-04-10 00:00:00+00:00,REF-20240410-2489,True,2021
2561,170,2024-04-01,2024-04-10,21005.00,1910.70,0.00,22915.70,PAID,21005.00,1910.70,,,2024-04-10 00:00:00+00:00,REF-20240410-2561,True,2093
1769,148,2024-04-01,2024-04-10,12762.00,2751.30,0.00,15513.30,PAID,12762.00,2751.30,,,2024-04-10 00:00:00+00:00,REF-20240410-1769,True,1301
2957,181,2024-04-01,2024-04-10,10986.00,2897.55,0.00,13883.55,PAID,10986.00,2897.55,,,2024-04-10 00:00:00+00:00,REF-20240410-2957,True,2489
2057,156,2024-04-01,2024-04-15,16423.00,2493.90,0.00,18916.90,PAID,16423.00,2493.90,,,2024-04-15 00:00:00+00:00,REF-20240415-2057,True,1589
2165,159,2024-04-01,2024-04-05,22110.00,1705.05,0.00,23815.05,PAID,22110.00,1705.05,,,2024-04-05 00:00:00+00:00,REF-20240405-2165,True,1697
2849,178,2024-04-01,2024-04-15,13339.00,1350.00,0.00,14689.00,PAID,13339.00,1350.00,,,2024-04-15 00:00:00+00:00,REF-20240415-2849,True,2381
2381,165,2024-04-01,2024-04-10,18241.00,2110.05,0.00,20351.05,PAID,18241.00,2110.05,,,2024-04-10 00:00:00+00:00,REF-20240410-2381,True,1913
2273,162,2024-04-01,2024-04-05,19048.00,2541.15,0.00,21589.15,PAID,19048.00,2541.15,,,2024-04-05 00:00:00+00:00,REF-20240405-2273,True,1805
2453,167,2024-04-01,2024-04-15,20093.00,1785.60,0.00,21878.60,PAID,20093.00,1785.60,,,2024-04-22 00:00:00+00:00,REF-20240422-2453,True,1985
2597,171,2024-04-01,2024-04-05,9680.00,1800.00,0.00,11480.00,PAID,9680.00,1800.00,,,2024-04-05 00:00:00+00:00,REF-20240405-2597,True,2129
1733,147,2024-04-01,2024-04-15,13413.00,2193.75,0.00,15606.75,PAID,13413.00,2193.75,,,2024-04-15 00:00:00+00:00,REF-20240415-1733,True,1265
2129,158,2024-04-01,2024-04-15,18790.00,3030.30,0.00,21820.30,PAID,18790.00,3030.30,,,2024-04-15 00:00:00+00:00,REF-20240415-2129,True,1661
2813,177,2024-04-01,2024-04-05,8325.00,2434.50,0.00,10759.50,PAID,8325.00,2434.50,,,2024-04-05 00:00:00+00:00,REF-20240405-2813,True,2345
1913,152,2024-04-01,2024-04-10,8991.00,2790.00,0.00,11781.00,PAID,8991.00,2790.00,,,2024-04-10 00:00:00+00:00,REF-20240410-1913,True,1445
2021,155,2024-04-01,2024-04-15,20483.00,2789.10,0.00,23272.10,PAID,20483.00,2789.10,,,2024-04-15 00:00:00+00:00,REF-20240415-2021,True,1553
2993,182,2024-04-01,2024-04-15,15393.00,2457.45,0.00,17850.45,PAID,15393.00,2457.45,,,2024-04-25 00:00:00+00:00,REF-20240425-2993,True,2525
2309,163,2024-04-01,2024-04-15,15487.00,2538.90,0.00,18025.90,PAID,15487.00,2538.90,,,2024-04-15 00:00:00+00:00,REF-20240415-2309,True,1841
2777,176,2024-04-01,2024-04-15,10789.00,2131.65,0.00,12920.65,PAID,10789.00,2131.65,,,2024-04-15 00:00:00+00:00,REF-20240415-2777,True,2309
2633,172,2024-04-01,2024-04-15,14372.00,2521.80,0.00,16893.80,PAID,14372.00,2521.80,,,2024-04-15 00:00:00+00:00,REF-20240415-2633,True,2165
2705,174,2024-04-01,2024-04-10,15982.00,3450.15,0.00,19432.15,PAID,15982.00,3450.15,,,2024-04-10 00:00:00+00:00,REF-20240410-2705,True,2237
2093,157,2024-04-01,2024-04-10,16615.00,2321.55,0.00,18936.55,PAID,16615.00,2321.55,,,2024-04-17 00:00:00+00:00,REF-20240417-2093,True,1625
1949,153,2024-04-01,2024-04-05,8589.00,3002.40,0.00,11591.40,PAID,8589.00,3002.40,,,2024-04-05 00:00:00+00:00,REF-20240405-1949,True,1481
2417,166,2024-04-01,2024-04-10,15261.00,2662.20,0.00,17923.20,PAID,15261.00,2662.20,,,2024-04-10 00:00:00+00:00,REF-20240410-2417,True,1949
1697,146,2024-04-01,2024-04-10,12967.00,1420.65,0.00,14387.65,PAID,12967.00,1420.65,,,2024-04-11 00:00:00+00:00,REF-20240411-1697,True,1229
2669,173,2024-04-01,2024-04-05,24361.00,2042.10,0.00,26403.10,PAID,24361.00,2042.10,,,2024-04-05 00:00:00+00:00,REF-20240405-2669,True,2201
3029,183,2024-04-01,2024-04-10,17289.00,1822.50,0.00,19111.50,PAID,17289.00,1822.50,,,2024-04-13 00:00:00+00:00,REF-20240413-3029,True,2561
2741,175,2024-04-01,2024-04-15,11675.00,1696.50,0.00,13371.50,PAID,11675.00,1696.50,,,2024-04-16 00:00:00+00:00,REF-20240416-2741,True,2273
1985,154,2024-04-01,2024-04-10,15421.00,2982.15,0.00,18403.15,PAID,15421.00,2982.15,,,2024-04-10 00:00:00+00:00,REF-20240410-1985,True,1517
1661,145,2024-04-01,2024-04-10,24585.00,1843.65,0.00,26428.65,PAID,24585.00,1843.65,,,2024-04-10 00:00:00+00:00,REF-20240410-1661,True,1193
1805,149,2024-04-01,2024-04-10,12918.00,2155.95,0.00,15073.95,PAID,12918.00,2155.95,,,2024-04-10 00:00:00+00:00,REF-20240410-1805,True,1337
2525,169,2024-04-01,2024-04-15,12907.00,2314.80,0.00,15221.80,PAID,12907.00,2314.80,,,2024-04-15 00:00:00+00:00,REF-20240415-2525,True,2057
2921,180,2024-04-01,2024-04-15,18152.00,2331.45,0.00,20483.45,PAID,18152.00,2331.45,,,2024-04-18 00:00:00+00:00,REF-20240418-2921,True,2453
2201,160,2024-04-01,2024-04-05,13039.00,1600.65,0.00,14639.65,PAID,13039.00,1600.65,,,2024-04-05 00:00:00+00:00,REF-20240405-2201,True,1733
2345,164,2024-04-01,2024-04-10,9196.00,2849.85,0.00,12045.85,PAID,9196.00,2849.85,,,2024-04-10 00:00:00+00:00,REF-20240410-2345,True,1877
2237,161,2024-04-01,2024-04-10,8100.00,2485.80,0.00,10585.80,PAID,8100.00,2485.80,,,2024-04-10 00:00:00+00:00,REF-20240410-2237,True,1769
1877,151,2024-04-01,2024-04-10,22061.00,2559.15,0.00,24620.15,PAID,22061.00,2559.15,,,2024-04-10 00:00:00+00:00,REF-20240410-1877,True,1409
3028,183,2024-03-01,2024-03-10,17289.00,2689.65,0.00,19978.65,PAID,17289.00,2689.65,,,2024-03-10 00:00:00+00:00,REF-20240310-3028,True,2560
1768,148,2024-03-01,2024-03-10,12762.00,1350.00,0.00,14112.00,PAID,12762.00,1350.00,,,2024-03-10 00:00:00+00:00,REF-20240310-1768,True,1300
1912,152,2024-03-01,2024-03-10,8991.00,2126.70,0.00,11117.70,PAID,8991.00,2126.70,,,2024-03-10 00:00:00+00:00,REF-20240310-1912,True,1444
2812,177,2024-03-01,2024-03-05,8325.00,1892.70,0.00,10217.70,PAID,8325.00,1892.70,,,2024-03-05 00:00:00+00:00,REF-20240305-2812,True,2344
1732,147,2024-03-01,2024-03-15,13413.00,2169.90,0.00,15582.90,PAID,13413.00,2169.90,,,2024-03-15 00:00:00+00:00,REF-20240315-1732,True,1264
2128,158,2024-03-01,2024-03-15,18790.00,2617.65,0.00,21407.65,PAID,18790.00,2617.65,,,2024-03-15 00:00:00+00:00,REF-20240315-2128,True,1660
2596,171,2024-03-01,2024-03-05,9680.00,2366.55,0.00,12046.55,PAID,9680.00,2366.55,,,2024-03-12 00:00:00+00:00,REF-20240312-2596,True,2128
2452,167,2024-03-01,2024-03-15,20093.00,2978.55,0.00,23071.55,PAID,20093.00,2978.55,,,2024-03-15 00:00:00+00:00,REF-20240315-2452,True,1984
2560,170,2024-03-01,2024-03-10,21005.00,2511.90,0.00,23516.90,PAID,21005.00,2511.90,,,2024-03-10 00:00:00+00:00,REF-20240310-2560,True,2092
2740,175,2024-03-01,2024-03-15,11675.00,2587.50,0.00,14262.50,PAID,11675.00,2587.50,,,2024-03-15 00:00:00+00:00,REF-20240315-2740,True,2272
1984,154,2024-03-01,2024-03-10,15421.00,2280.60,0.00,17701.60,PAID,15421.00,2280.60,,,2024-03-10 00:00:00+00:00,REF-20240310-1984,True,1516
2488,168,2024-03-01,2024-03-10,8811.00,2569.05,0.00,11380.05,PAID,8811.00,2569.05,,,2024-03-10 00:00:00+00:00,REF-20240310-2488,True,2020
2272,162,2024-03-01,2024-03-05,19048.00,2847.60,0.00,21895.60,PAID,19048.00,2847.60,,,2024-03-12 00:00:00+00:00,REF-20240312-2272,True,1804
2668,173,2024-03-01,2024-03-05,24361.00,2165.40,0.00,26526.40,PAID,24361.00,2165.40,,,2024-03-08 00:00:00+00:00,REF-20240308-2668,True,2200
2056,156,2024-03-01,2024-03-15,16423.00,1354.05,0.00,17777.05,PAID,16423.00,1354.05,,,2024-03-15 00:00:00+00:00,REF-20240315-2056,True,1588
1840,150,2024-03-01,2024-03-05,12073.00,1467.45,0.00,13540.45,PAID,12073.00,1467.45,,,2024-05-01 00:00:00+00:00,REF-20240501-1840,True,1372
1876,151,2024-03-01,2024-03-10,22061.00,1350.00,0.00,23411.00,PAID,22061.00,1350.00,,,2024-03-10 00:00:00+00:00,REF-20240310-1876,True,1408
2848,178,2024-03-01,2024-03-15,13339.00,1901.70,0.00,15240.70,PAID,13339.00,1901.70,,,2024-03-15 00:00:00+00:00,REF-20240315-2848,True,2380
2884,179,2024-03-01,2024-03-10,12137.00,1764.90,0.00,13901.90,PAID,12137.00,1764.90,,,2024-03-10 00:00:00+00:00,REF-20240310-2884,True,2416
1804,149,2024-03-01,2024-03-10,12918.00,2083.05,0.00,15001.05,PAID,12918.00,2083.05,,,2024-03-10 00:00:00+00:00,REF-20240310-1804,True,1336
2344,164,2024-03-01,2024-03-10,9196.00,2245.50,0.00,11441.50,PAID,9196.00,2245.50,,,2024-03-10 00:00:00+00:00,REF-20240310-2344,True,1876
2524,169,2024-03-01,2024-03-15,12907.00,2267.55,0.00,15174.55,PAID,12907.00,2267.55,,,2024-03-15 00:00:00+00:00,REF-20240315-2524,True,2056
2236,161,2024-03-01,2024-03-10,8100.00,2558.25,0.00,10658.25,PAID,8100.00,2558.25,,,2024-03-12 00:00:00+00:00,REF-20240312-2236,True,1768
2632,172,2024-03-01,2024-03-15,14372.00,2146.50,0.00,16518.50,PAID,14372.00,2146.50,,,2024-03-15 00:00:00+00:00,REF-20240315-2632,True,2164
2164,159,2024-03-01,2024-03-05,22110.00,1561.50,0.00,23671.50,PAID,22110.00,1561.50,,,2024-03-05 00:00:00+00:00,REF-20240305-2164,True,1696
2092,157,2024-03-01,2024-03-10,16615.00,2917.80,0.00,19532.80,PAID,16615.00,2917.80,,,2024-05-01 00:00:00+00:00,REF-20240501-2092,True,1624
1660,145,2024-03-01,2024-03-10,24585.00,2162.70,0.00,26747.70,PAID,24585.00,2162.70,,,2024-03-10 00:00:00+00:00,REF-20240310-1660,True,1192
1948,153,2024-03-01,2024-03-05,8589.00,1778.40,0.00,10367.40,PAID,8589.00,1778.40,,,2024-03-05 00:00:00+00:00,REF-20240305-1948,True,1480
2956,181,2024-03-01,2024-03-10,10986.00,2454.75,0.00,13440.75,PAID,10986.00,2454.75,,,2024-03-10 00:00:00+00:00,REF-20240310-2956,True,2488
2776,176,2024-03-01,2024-03-15,10789.00,2486.70,0.00,13275.70,PAID,10789.00,2486.70,,,2024-03-15 00:00:00+00:00,REF-20240315-2776,True,2308
2704,174,2024-03-01,2024-03-10,15982.00,2251.80,0.00,18233.80,PAID,15982.00,2251.80,,,2024-03-10 00:00:00+00:00,REF-20240310-2704,True,2236
2308,163,2024-03-01,2024-03-15,15487.00,2457.00,0.00,17944.00,PAID,15487.00,2457.00,,,2024-03-15 00:00:00+00:00,REF-20240315-2308,True,1840
2380,165,2024-03-01,2024-03-10,18241.00,1578.60,0.00,19819.60,PAID,18241.00,1578.60,,,2024-03-10 00:00:00+00:00,REF-20240310-2380,True,1912
2416,166,2024-03-01,2024-03-10,15261.00,2288.25,0.00,17549.25,PAID,15261.00,2288.25,,,2024-03-10 00:00:00+00:00,REF-20240310-2416,True,1948
2920,180,2024-03-01,2024-03-15,18152.00,2079.90,0.00,20231.90,PAID,18152.00,2079.90,,,2024-03-15 00:00:00+00:00,REF-20240315-2920,True,2452
1696,146,2024-03-01,2024-03-10,12967.00,2033.55,0.00,15000.55,PAID,12967.00,2033.55,,,2024-03-10 00:00:00+00:00,REF-20240310-1696,True,1228
2020,155,2024-03-01,2024-03-15,20483.00,2082.15,0.00,22565.15,PAID,20483.00,2082.15,,,2024-03-15 00:00:00+00:00,REF-20240315-2020,True,1552
2992,182,2024-03-01,2024-03-15,15393.00,2885.85,0.00,18278.85,PAID,15393.00,2885.85,,,2024-03-15 00:00:00+00:00,REF-20240315-2992,True,2524
2200,160,2024-03-01,2024-03-05,13039.00,2581.20,0.00,15620.20,PAID,13039.00,2581.20,,,2024-03-09 00:00:00+00:00,REF-20240309-2200,True,1732
2343,164,2024-02-01,2024-02-10,9196.00,3171.15,0.00,12367.15,PAID,9196.00,3171.15,,,2024-02-10 00:00:00+00:00,REF-20240210-2343,True,1875
2415,166,2024-02-01,2024-02-10,15261.00,3375.00,0.00,18636.00,PAID,15261.00,3375.00,,,2024-02-12 00:00:00+00:00,REF-20240212-2415,True,1947
2307,163,2024-02-01,2024-02-15,15487.00,2771.10,0.00,18258.10,PAID,15487.00,2771.10,,,2024-02-20 00:00:00+00:00,REF-20240220-2307,True,1839
2451,167,2024-02-01,2024-02-15,20093.00,2926.35,0.00,23019.35,PAID,20093.00,2926.35,,,2024-02-15 00:00:00+00:00,REF-20240215-2451,True,1983
2271,162,2024-02-01,2024-02-05,19048.00,2164.50,0.00,21212.50,PAID,19048.00,2164.50,,,2024-02-08 00:00:00+00:00,REF-20240208-2271,True,1803
2487,168,2024-02-01,2024-02-10,8811.00,1841.40,0.00,10652.40,PAID,8811.00,1841.40,,,2024-02-10 00:00:00+00:00,REF-20240210-2487,True,2019
2235,161,2024-02-01,2024-02-10,8100.00,1743.75,0.00,9843.75,PAID,8100.00,1743.75,,,2024-02-10 00:00:00+00:00,REF-20240210-2235,True,1767
2523,169,2024-02-01,2024-02-15,12907.00,1456.65,0.00,14363.65,PAID,12907.00,1456.65,,,2024-02-15 00:00:00+00:00,REF-20240215-2523,True,2055
2199,160,2024-02-01,2024-02-05,13039.00,1350.00,0.00,14389.00,PAID,13039.00,1350.00,,,2024-02-05 00:00:00+00:00,REF-20240205-2199,True,1731
2163,159,2024-02-01,2024-02-05,22110.00,1350.00,0.00,23460.00,PAID,22110.00,1350.00,,,2024-02-07 00:00:00+00:00,REF-20240207-2163,True,1695
2595,171,2024-02-01,2024-02-05,9680.00,1984.05,0.00,11664.05,PAID,9680.00,1984.05,,,2024-02-05 00:00:00+00:00,REF-20240205-2595,True,2127
2127,158,2024-02-01,2024-02-15,18790.00,1437.75,0.00,20227.75,PAID,18790.00,1437.75,,,2024-02-15 00:00:00+00:00,REF-20240215-2127,True,1659
2631,172,2024-02-01,2024-02-15,14372.00,1880.55,0.00,16252.55,PAID,14372.00,1880.55,,,2024-02-15 00:00:00+00:00,REF-20240215-2631,True,2163
2091,157,2024-02-01,2024-02-10,16615.00,2969.10,0.00,19584.10,PAID,16615.00,2969.10,,,2024-02-10 00:00:00+00:00,REF-20240210-2091,True,1623
2667,173,2024-02-01,2024-02-05,24361.00,2187.90,0.00,26548.90,PAID,24361.00,2187.90,,,2024-02-05 00:00:00+00:00,REF-20240205-2667,True,2199
2055,156,2024-02-01,2024-02-15,16423.00,2389.95,0.00,18812.95,PAID,16423.00,2389.95,,,2024-02-15 00:00:00+00:00,REF-20240215-2055,True,1587
2703,174,2024-02-01,2024-02-10,15982.00,3095.10,0.00,19077.10,PAID,15982.00,3095.10,,,2024-02-17 00:00:00+00:00,REF-20240217-2703,True,2235
2019,155,2024-02-01,2024-02-15,20483.00,2118.15,0.00,22601.15,PAID,20483.00,2118.15,,,2024-03-20 00:00:00+00:00,REF-20240320-2019,True,1551
1983,154,2024-02-01,2024-02-10,15421.00,2401.65,0.00,17822.65,PAID,15421.00,2401.65,,,2024-02-14 00:00:00+00:00,REF-20240214-1983,True,1515
2739,175,2024-02-01,2024-02-15,11675.00,2874.60,0.00,14549.60,PAID,11675.00,2874.60,,,2024-02-15 00:00:00+00:00,REF-20240215-2739,True,2271
1659,145,2024-02-01,2024-02-10,24585.00,1660.95,0.00,26245.95,PAID,24585.00,1660.95,,,2024-02-10 00:00:00+00:00,REF-20240210-1659,True,1191
1947,153,2024-02-01,2024-02-05,8589.00,2707.20,0.00,11296.20,PAID,8589.00,2707.20,,,2024-02-05 00:00:00+00:00,REF-20240205-1947,True,1479
2775,176,2024-02-01,2024-02-15,10789.00,2391.75,0.00,13180.75,PAID,10789.00,2391.75,,,2024-04-06 00:00:00+00:00,REF-20240406-2775,True,2307
1911,152,2024-02-01,2024-02-10,8991.00,2579.40,0.00,11570.40,PAID,8991.00,2579.40,,,2024-02-10 00:00:00+00:00,REF-20240210-1911,True,1443
2811,177,2024-02-01,2024-02-05,8325.00,2254.05,0.00,10579.05,PAID,8325.00,2254.05,,,2024-02-05 00:00:00+00:00,REF-20240205-2811,True,2343
1875,151,2024-02-01,2024-02-10,22061.00,2378.25,0.00,24439.25,PAID,22061.00,2378.25,,,2024-02-10 00:00:00+00:00,REF-20240210-1875,True,1407
2847,178,2024-02-01,2024-02-15,13339.00,1970.55,0.00,15309.55,PAID,13339.00,1970.55,,,2024-02-22 00:00:00+00:00,REF-20240222-2847,True,2379
1839,150,2024-02-01,2024-02-05,12073.00,2163.60,0.00,14236.60,PAID,12073.00,2163.60,,,2024-02-07 00:00:00+00:00,REF-20240207-1839,True,1371
2883,179,2024-02-01,2024-02-10,12137.00,2938.05,0.00,15075.05,PAID,12137.00,2938.05,,,2024-02-17 00:00:00+00:00,REF-20240217-2883,True,2415
1803,149,2024-02-01,2024-02-10,12918.00,3101.40,0.00,16019.40,PAID,12918.00,3101.40,,,2024-02-10 00:00:00+00:00,REF-20240210-1803,True,1335
2919,180,2024-02-01,2024-02-15,18152.00,3271.05,0.00,21423.05,PAID,18152.00,3271.05,,,2024-02-15 00:00:00+00:00,REF-20240215-2919,True,2451
1767,148,2024-02-01,2024-02-10,12762.00,2239.20,0.00,15001.20,PAID,12762.00,2239.20,,,2024-02-10 00:00:00+00:00,REF-20240210-1767,True,1299
2955,181,2024-02-01,2024-02-10,10986.00,2332.80,0.00,13318.80,PAID,10986.00,2332.80,,,2024-02-10 00:00:00+00:00,REF-20240210-2955,True,2487
1731,147,2024-02-01,2024-02-15,13413.00,1350.00,0.00,14763.00,PAID,13413.00,1350.00,,,2024-02-15 00:00:00+00:00,REF-20240215-1731,True,1263
2991,182,2024-02-01,2024-02-15,15393.00,2277.45,0.00,17670.45,PAID,15393.00,2277.45,,,2024-02-15 00:00:00+00:00,REF-20240215-2991,True,2523
1695,146,2024-02-01,2024-02-10,12967.00,2967.30,0.00,15934.30,PAID,12967.00,2967.30,,,2024-02-10 00:00:00+00:00,REF-20240210-1695,True,1227
3027,183,2024-02-01,2024-02-10,17289.00,2562.75,0.00,19851.75,PAID,17289.00,2562.75,,,2024-02-10 00:00:00+00:00,REF-20240210-3027,True,2559
2379,165,2024-02-01,2024-02-10,18241.00,2787.75,0.00,21028.75,PAID,18241.00,2787.75,,,2024-02-10 00:00:00+00:00,REF-20240210-2379,True,1911
2559,170,2024-02-01,2024-02-10,21005.00,2560.50,0.00,23565.50,PAID,21005.00,2560.50,,,2024-02-10 00:00:00+00:00,REF-20240210-2559,True,2091
1802,149,2024-01-01,2024-01-10,12918.00,2844.00,0.00,15762.00,PAID,12918.00,2844.00,,,2024-01-10 00:00:00+00:00,REF-20240110-1802,True,1334
2882,179,2024-01-01,2024-01-10,12137.00,1991.70,0.00,14128.70,PAID,12137.00,1991.70,,,2024-01-10 00:00:00+00:00,REF-20240110-2882,True,2414
2306,163,2024-01-01,2024-01-15,15487.00,2494.80,0.00,17981.80,PAID,15487.00,2494.80,,,2024-01-15 00:00:00+00:00,REF-20240115-2306,True,1838
1982,154,2024-01-01,2024-01-10,15421.00,1545.30,0.00,16966.30,PAID,15421.00,1545.30,,,2024-01-10 00:00:00+00:00,REF-20240110-1982,True,1514
1694,146,2024-01-01,2024-01-10,12967.00,1350.00,0.00,14317.00,PAID,12967.00,1350.00,,,2024-01-10 00:00:00+00:00,REF-20240110-1694,True,1226
2054,156,2024-01-01,2024-01-15,16423.00,2829.15,0.00,19252.15,PAID,16423.00,2829.15,,,2024-01-15 00:00:00+00:00,REF-20240115-2054,True,1586
2702,174,2024-01-01,2024-01-10,15982.00,2685.60,0.00,18667.60,PAID,15982.00,2685.60,,,2024-01-10 00:00:00+00:00,REF-20240110-2702,True,2234
2342,164,2024-01-01,2024-01-10,9196.00,1851.75,0.00,11047.75,PAID,9196.00,1851.75,,,2024-01-10 00:00:00+00:00,REF-20240110-2342,True,1874
2198,160,2024-01-01,2024-01-05,13039.00,3436.65,0.00,16475.65,PAID,13039.00,3436.65,,,2024-01-05 00:00:00+00:00,REF-20240105-2198,True,1730
2630,172,2024-01-01,2024-01-15,14372.00,2643.75,0.00,17015.75,PAID,14372.00,2643.75,,,2024-01-15 00:00:00+00:00,REF-20240115-2630,True,2162
2234,161,2024-01-01,2024-01-10,8100.00,1924.65,0.00,10024.65,PAID,8100.00,1924.65,,,2024-01-10 00:00:00+00:00,REF-20240110-2234,True,1766
2522,169,2024-01-01,2024-01-15,12907.00,1778.85,0.00,14685.85,PAID,12907.00,1778.85,,,2024-01-15 00:00:00+00:00,REF-20240115-2522,True,2054
2558,170,2024-01-01,2024-01-10,21005.00,2239.20,0.00,23244.20,PAID,21005.00,2239.20,,,2024-01-10 00:00:00+00:00,REF-20240110-2558,True,2090
2090,157,2024-01-01,2024-01-10,16615.00,2541.15,0.00,19156.15,PAID,16615.00,2541.15,,,2024-01-10 00:00:00+00:00,REF-20240110-2090,True,1622
2126,158,2024-01-01,2024-01-15,18790.00,1983.15,0.00,20773.15,PAID,18790.00,1983.15,,,2024-01-15 00:00:00+00:00,REF-20240115-2126,True,1658
1946,153,2024-01-01,2024-01-05,8589.00,2545.20,0.00,11134.20,PAID,8589.00,2545.20,,,2024-01-05 00:00:00+00:00,REF-20240105-1946,True,1478
2414,166,2024-01-01,2024-01-10,15261.00,1410.30,0.00,16671.30,PAID,15261.00,1410.30,,,2024-01-15 00:00:00+00:00,REF-20240115-2414,True,1946
2774,176,2024-01-01,2024-01-15,10789.00,3180.60,0.00,13969.60,PAID,10789.00,3180.60,,,2024-01-15 00:00:00+00:00,REF-20240115-2774,True,2306
2846,178,2024-01-01,2024-01-15,13339.00,2617.65,0.00,15956.65,PAID,13339.00,2617.65,,,2024-01-15 00:00:00+00:00,REF-20240115-2846,True,2378
2450,167,2024-01-01,2024-01-15,20093.00,1869.30,0.00,21962.30,PAID,20093.00,1869.30,,,2024-01-19 00:00:00+00:00,REF-20240119-2450,True,1982
2810,177,2024-01-01,2024-01-05,8325.00,2056.05,0.00,10381.05,PAID,8325.00,2056.05,,,2024-01-12 00:00:00+00:00,REF-20240112-2810,True,2342
2738,175,2024-01-01,2024-01-15,11675.00,2422.35,0.00,14097.35,PAID,11675.00,2422.35,,,2024-01-16 00:00:00+00:00,REF-20240116-2738,True,2270
1766,148,2024-01-01,2024-01-10,12762.00,2591.10,0.00,15353.10,PAID,12762.00,2591.10,,,2024-01-16 00:00:00+00:00,REF-20240116-1766,True,1298
2990,182,2024-01-01,2024-01-15,15393.00,2586.15,0.00,17979.15,PAID,15393.00,2586.15,,,2024-01-15 00:00:00+00:00,REF-20240115-2990,True,2522
2270,162,2024-01-01,2024-01-05,19048.00,1868.40,0.00,20916.40,PAID,19048.00,1868.40,,,2024-01-05 00:00:00+00:00,REF-20240105-2270,True,1802
1874,151,2024-01-01,2024-01-10,22061.00,2593.35,0.00,24654.35,PAID,22061.00,2593.35,,,2024-01-10 00:00:00+00:00,REF-20240110-1874,True,1406
2666,173,2024-01-01,2024-01-05,24361.00,1685.25,0.00,26046.25,PAID,24361.00,1685.25,,,2024-01-05 00:00:00+00:00,REF-20240105-2666,True,2198
2378,165,2024-01-01,2024-01-10,18241.00,2812.05,0.00,21053.05,PAID,18241.00,2812.05,,,2024-01-10 00:00:00+00:00,REF-20240110-2378,True,1910
1838,150,2024-01-01,2024-01-05,12073.00,1350.00,0.00,13423.00,PAID,12073.00,1350.00,,,2024-01-05 00:00:00+00:00,REF-20240105-1838,True,1370
2594,171,2024-01-01,2024-01-05,9680.00,2628.00,0.00,12308.00,PAID,9680.00,2628.00,,,2024-01-05 00:00:00+00:00,REF-20240105-2594,True,2126
1910,152,2024-01-01,2024-01-10,8991.00,1950.75,0.00,10941.75,PAID,8991.00,1950.75,,,2024-01-12 00:00:00+00:00,REF-20240112-1910,True,1442
2954,181,2024-01-01,2024-01-10,10986.00,3645.00,0.00,14631.00,PAID,10986.00,3645.00,,,2024-01-10 00:00:00+00:00,REF-20240110-2954,True,2486
2918,180,2024-01-01,2024-01-15,18152.00,1439.55,0.00,19591.55,PAID,18152.00,1439.55,,,2024-01-15 00:00:00+00:00,REF-20240115-2918,True,2450
2486,168,2024-01-01,2024-01-10,8811.00,1766.25,0.00,10577.25,PAID,8811.00,1766.25,,,2024-01-10 00:00:00+00:00,REF-20240110-2486,True,2018
3026,183,2024-01-01,2024-01-10,17289.00,2043.45,0.00,19332.45,PAID,17289.00,2043.45,,,2024-01-10 00:00:00+00:00,REF-20240110-3026,True,2558
2162,159,2024-01-01,2024-01-05,22110.00,2646.45,0.00,24756.45,PAID,22110.00,2646.45,,,2024-01-08 00:00:00+00:00,REF-20240108-2162,True,1694
2018,155,2024-01-01,2024-01-15,20483.00,2330.55,0.00,22813.55,PAID,20483.00,2330.55,,,2024-01-27 00:00:00+00:00,REF-20240127-2018,True,1550
1658,145,2024-01-01,2024-01-10,24585.00,3158.55,0.00,27743.55,PAID,24585.00,3158.55,,,2024-01-10 00:00:00+00:00,REF-20240110-1658,True,1190
1730,147,2024-01-01,2024-01-15,13413.00,2560.95,0.00,15973.95,PAID,13413.00,2560.95,,,2024-01-15 00:00:00+00:00,REF-20240115-1730,True,1262
1657,145,2023-12-01,2023-12-10,24585.00,2553.75,0.00,27138.75,PAID,24585.00,2553.75,,,2023-12-10 00:00:00+00:00,REF-20231210-1657,True,1189
2557,170,2023-12-01,2023-12-10,21005.00,2742.75,0.00,23747.75,PAID,21005.00,2742.75,,,2023-12-11 00:00:00+00:00,REF-20231211-2557,True,2089
1693,146,2023-12-01,2023-12-10,12967.00,2113.20,0.00,15080.20,PAID,12967.00,2113.20,,,2023-12-10 00:00:00+00:00,REF-20231210-1693,True,1225
1873,151,2023-12-01,2023-12-10,22061.00,1608.30,0.00,23669.30,PAID,22061.00,1608.30,,,2023-12-10 00:00:00+00:00,REF-20231210-1873,True,1405
2161,159,2023-12-01,2023-12-05,22110.00,2648.70,0.00,24758.70,PAID,22110.00,2648.70,,,2023-12-05 00:00:00+00:00,REF-20231205-2161,True,1693
2341,164,2023-12-01,2023-12-10,9196.00,2500.65,0.00,11696.65,PAID,9196.00,2500.65,,,2023-12-10 00:00:00+00:00,REF-20231210-2341,True,1873
2413,166,2023-12-01,2023-12-10,15261.00,2843.10,0.00,18104.10,PAID,15261.00,2843.10,,,2023-12-10 00:00:00+00:00,REF-20231210-2413,True,1945
2845,178,2023-12-01,2023-12-15,13339.00,3219.30,0.00,16558.30,PAID,13339.00,3219.30,,,2023-12-15 00:00:00+00:00,REF-20231215-2845,True,2377
2377,165,2023-12-01,2023-12-10,18241.00,2494.35,0.00,20735.35,PAID,18241.00,2494.35,,,2023-12-10 00:00:00+00:00,REF-20231210-2377,True,1909
2269,162,2023-12-01,2023-12-05,19048.00,2003.85,0.00,21051.85,PAID,19048.00,2003.85,,,2023-12-05 00:00:00+00:00,REF-20231205-2269,True,1801
2917,180,2023-12-01,2023-12-15,18152.00,2920.50,0.00,21072.50,PAID,18152.00,2920.50,,,2023-12-15 00:00:00+00:00,REF-20231215-2917,True,2449
2485,168,2023-12-01,2023-12-10,8811.00,1898.10,0.00,10709.10,PAID,8811.00,1898.10,,,2023-12-25 00:00:00+00:00,REF-20231225-2485,True,2017
1801,149,2023-12-01,2023-12-10,12918.00,2673.90,0.00,15591.90,PAID,12918.00,2673.90,,,2023-12-10 00:00:00+00:00,REF-20231210-1801,True,1333
2017,155,2023-12-01,2023-12-15,20483.00,1697.85,0.00,22180.85,PAID,20483.00,1697.85,,,2023-12-15 00:00:00+00:00,REF-20231215-2017,True,1549
1765,148,2023-12-01,2023-12-10,12762.00,2191.05,0.00,14953.05,PAID,12762.00,2191.05,,,2023-12-10 00:00:00+00:00,REF-20231210-1765,True,1297
2773,176,2023-12-01,2023-12-15,10789.00,2045.70,0.00,12834.70,PAID,10789.00,2045.70,,,2023-12-15 00:00:00+00:00,REF-20231215-2773,True,2305
2701,174,2023-12-01,2023-12-10,15982.00,2933.10,0.00,18915.10,PAID,15982.00,2933.10,,,2023-12-10 00:00:00+00:00,REF-20231210-2701,True,2233
2089,157,2023-12-01,2023-12-10,16615.00,1973.25,0.00,18588.25,PAID,16615.00,1973.25,,,2023-12-10 00:00:00+00:00,REF-20231210-2089,True,1621
2737,175,2023-12-01,2023-12-15,11675.00,1989.00,0.00,13664.00,PAID,11675.00,1989.00,,,2023-12-15 00:00:00+00:00,REF-20231215-2737,True,2269
1945,153,2023-12-01,2023-12-05,8589.00,1916.55,0.00,10505.55,PAID,8589.00,1916.55,,,2023-12-12 00:00:00+00:00,REF-20231212-1945,True,1477
1729,147,2023-12-01,2023-12-15,13413.00,2401.20,0.00,15814.20,PAID,13413.00,2401.20,,,2023-12-16 00:00:00+00:00,REF-20231216-1729,True,1261
2521,169,2023-12-01,2023-12-15,12907.00,2284.65,0.00,15191.65,PAID,12907.00,2284.65,,,2023-12-15 00:00:00+00:00,REF-20231215-2521,True,2053
1981,154,2023-12-01,2023-12-10,15421.00,1574.55,0.00,16995.55,PAID,15421.00,1574.55,,,2023-12-10 00:00:00+00:00,REF-20231210-1981,True,1513
2989,182,2023-12-01,2023-12-15,15393.00,2904.30,0.00,18297.30,PAID,15393.00,2904.30,,,2023-12-15 00:00:00+00:00,REF-20231215-2989,True,2521
2629,172,2023-12-01,2023-12-15,14372.00,2515.95,0.00,16887.95,PAID,14372.00,2515.95,,,2023-12-20 00:00:00+00:00,REF-20231220-2629,True,2161
2197,160,2023-12-01,2023-12-05,13039.00,3058.20,0.00,16097.20,PAID,13039.00,3058.20,,,2023-12-06 00:00:00+00:00,REF-20231206-2197,True,1729
2953,181,2023-12-01,2023-12-10,10986.00,2440.80,0.00,13426.80,PAID,10986.00,2440.80,,,2023-12-10 00:00:00+00:00,REF-20231210-2953,True,2485
3025,183,2023-12-01,2023-12-10,17289.00,1350.00,0.00,18639.00,PAID,17289.00,1350.00,,,2024-01-04 00:00:00+00:00,REF-20240104-3025,True,2557
2881,179,2023-12-01,2023-12-10,12137.00,2463.30,0.00,14600.30,PAID,12137.00,2463.30,,,2023-12-27 00:00:00+00:00,REF-20231227-2881,True,2413
1837,150,2023-12-01,2023-12-05,12073.00,2420.10,0.00,14493.10,PAID,12073.00,2420.10,,,2023-12-05 00:00:00+00:00,REF-20231205-1837,True,1369
1909,152,2023-12-01,2023-12-10,8991.00,2155.50,0.00,11146.50,PAID,8991.00,2155.50,,,2023-12-16 00:00:00+00:00,REF-20231216-1909,True,1441
2809,177,2023-12-01,2023-12-05,8325.00,3046.95,0.00,11371.95,PAID,8325.00,3046.95,,,2023-12-05 00:00:00+00:00,REF-20231205-2809,True,2341
2449,167,2023-12-01,2023-12-15,20093.00,1905.75,0.00,21998.75,PAID,20093.00,1905.75,,,2023-12-15 00:00:00+00:00,REF-20231215-2449,True,1981
2125,158,2023-12-01,2023-12-15,18790.00,2562.30,0.00,21352.30,PAID,18790.00,2562.30,,,2023-12-15 00:00:00+00:00,REF-20231215-2125,True,1657
2593,171,2023-12-01,2023-12-05,9680.00,3825.00,0.00,13505.00,PAID,9680.00,3825.00,,,2023-12-10 00:00:00+00:00,REF-20231210-2593,True,2125
2665,173,2023-12-01,2023-12-05,24361.00,1882.35,0.00,26243.35,PAID,24361.00,1882.35,,,2023-12-08 00:00:00+00:00,REF-20231208-2665,True,2197
2305,163,2023-12-01,2023-12-15,15487.00,1589.85,0.00,17076.85,PAID,15487.00,1589.85,,,2023-12-15 00:00:00+00:00,REF-20231215-2305,True,1837
2233,161,2023-12-01,2023-12-10,8100.00,2446.20,0.00,10546.20,PAID,8100.00,2446.20,,,2023-12-10 00:00:00+00:00,REF-20231210-2233,True,1765
2053,156,2023-12-01,2023-12-15,16423.00,2530.35,0.00,18953.35,PAID,16423.00,2530.35,,,2023-12-15 00:00:00+00:00,REF-20231215-2053,True,1585
1872,151,2023-11-01,2023-11-10,22061.00,2589.75,0.00,24650.75,PAID,22061.00,2589.75,,,2023-11-14 00:00:00+00:00,REF-20231114-1872,True,1404
2808,177,2023-11-01,2023-11-05,8325.00,1498.05,0.00,9823.05,PAID,8325.00,1498.05,,,2023-11-05 00:00:00+00:00,REF-20231105-2808,True,2340
2700,174,2023-11-01,2023-11-10,15982.00,1790.55,0.00,17772.55,PAID,15982.00,1790.55,,,2023-11-10 00:00:00+00:00,REF-20231110-2700,True,2232
2016,155,2023-11-01,2023-11-15,20483.00,2349.00,0.00,22832.00,PAID,20483.00,2349.00,,,2023-11-15 00:00:00+00:00,REF-20231115-2016,True,1548
2052,156,2023-11-01,2023-11-15,16423.00,2554.65,0.00,18977.65,PAID,16423.00,2554.65,,,2023-12-25 00:00:00+00:00,REF-20231225-2052,True,1584
3024,183,2023-11-01,2023-11-10,17289.00,3138.30,0.00,20427.30,PAID,17289.00,3138.30,,,2023-11-10 00:00:00+00:00,REF-20231110-3024,True,2556
2592,171,2023-11-01,2023-11-05,9680.00,2248.65,0.00,11928.65,PAID,9680.00,2248.65,,,2023-11-05 00:00:00+00:00,REF-20231105-2592,True,2124
2880,179,2023-11-01,2023-11-10,12137.00,2989.35,0.00,15126.35,PAID,12137.00,2989.35,,,2023-11-10 00:00:00+00:00,REF-20231110-2880,True,2412
1836,150,2023-11-01,2023-11-05,12073.00,2299.05,0.00,14372.05,PAID,12073.00,2299.05,,,2023-11-05 00:00:00+00:00,REF-20231105-1836,True,1368
1800,149,2023-11-01,2023-11-10,12918.00,2411.10,0.00,15329.10,PAID,12918.00,2411.10,,,2023-11-10 00:00:00+00:00,REF-20231110-1800,True,1332
2124,158,2023-11-01,2023-11-15,18790.00,2565.45,0.00,21355.45,PAID,18790.00,2565.45,,,2023-11-20 00:00:00+00:00,REF-20231120-2124,True,1656
2376,165,2023-11-01,2023-11-10,18241.00,2351.70,0.00,20592.70,PAID,18241.00,2351.70,,,2023-11-16 00:00:00+00:00,REF-20231116-2376,True,1908
2916,180,2023-11-01,2023-11-15,18152.00,2192.40,0.00,20344.40,PAID,18152.00,2192.40,,,2023-11-15 00:00:00+00:00,REF-20231115-2916,True,2448
2232,161,2023-11-01,2023-11-10,8100.00,1388.25,0.00,9488.25,PAID,8100.00,1388.25,,,2023-11-10 00:00:00+00:00,REF-20231110-2232,True,1764
1908,152,2023-11-01,2023-11-10,8991.00,1795.50,0.00,10786.50,PAID,8991.00,1795.50,,,2023-11-10 00:00:00+00:00,REF-20231110-1908,True,1440
1728,147,2023-11-01,2023-11-15,13413.00,2186.55,0.00,15599.55,PAID,13413.00,2186.55,,,2023-11-15 00:00:00+00:00,REF-20231115-1728,True,1260
2664,173,2023-11-01,2023-11-05,24361.00,2724.30,0.00,27085.30,PAID,24361.00,2724.30,,,2023-11-05 00:00:00+00:00,REF-20231105-2664,True,2196
2268,162,2023-11-01,2023-11-05,19048.00,2190.60,0.00,21238.60,PAID,19048.00,2190.60,,,2023-11-05 00:00:00+00:00,REF-20231105-2268,True,1800
2160,159,2023-11-01,2023-11-05,22110.00,1642.95,0.00,23752.95,PAID,22110.00,1642.95,,,2023-11-05 00:00:00+00:00,REF-20231105-2160,True,1692
2448,167,2023-11-01,2023-11-15,20093.00,2180.70,0.00,22273.70,PAID,20093.00,2180.70,,,2023-11-15 00:00:00+00:00,REF-20231115-2448,True,1980
2304,163,2023-11-01,2023-11-15,15487.00,1729.35,0.00,17216.35,PAID,15487.00,1729.35,,,2023-11-15 00:00:00+00:00,REF-20231115-2304,True,1836
1656,145,2023-11-01,2023-11-10,24585.00,2229.75,0.00,26814.75,PAID,24585.00,2229.75,,,2023-11-10 00:00:00+00:00,REF-20231110-1656,True,1188
2484,168,2023-11-01,2023-11-10,8811.00,2122.20,0.00,10933.20,PAID,8811.00,2122.20,,,2023-11-15 00:00:00+00:00,REF-20231115-2484,True,2016
1692,146,2023-11-01,2023-11-10,12967.00,2858.40,0.00,15825.40,PAID,12967.00,2858.40,,,2023-11-13 00:00:00+00:00,REF-20231113-1692,True,1224
1944,153,2023-11-01,2023-11-05,8589.00,2034.45,0.00,10623.45,PAID,8589.00,2034.45,,,2023-11-05 00:00:00+00:00,REF-20231105-1944,True,1476
2088,157,2023-11-01,2023-11-10,16615.00,2681.10,0.00,19296.10,PAID,16615.00,2681.10,,,2023-11-10 00:00:00+00:00,REF-20231110-2088,True,1620
2520,169,2023-11-01,2023-11-15,12907.00,2595.60,0.00,15502.60,PAID,12907.00,2595.60,,,2023-11-15 00:00:00+00:00,REF-20231115-2520,True,2052
2556,170,2023-11-01,2023-11-10,21005.00,1643.85,0.00,22648.85,PAID,21005.00,1643.85,,,2023-11-10 00:00:00+00:00,REF-20231110-2556,True,2088
2628,172,2023-11-01,2023-11-15,14372.00,2675.25,0.00,17047.25,PAID,14372.00,2675.25,,,2023-11-15 00:00:00+00:00,REF-20231115-2628,True,2160
1764,148,2023-11-01,2023-11-10,12762.00,1504.35,0.00,14266.35,PAID,12762.00,1504.35,,,2023-11-10 00:00:00+00:00,REF-20231110-1764,True,1296
1980,154,2023-11-01,2023-11-10,15421.00,2586.15,0.00,18007.15,PAID,15421.00,2586.15,,,2023-11-10 00:00:00+00:00,REF-20231110-1980,True,1512
2844,178,2023-11-01,2023-11-15,13339.00,1819.35,0.00,15158.35,PAID,13339.00,1819.35,,,2023-11-15 00:00:00+00:00,REF-20231115-2844,True,2376
2196,160,2023-11-01,2023-11-05,13039.00,2796.75,0.00,15835.75,PAID,13039.00,2796.75,,,2023-11-05 00:00:00+00:00,REF-20231105-2196,True,1728
2952,181,2023-11-01,2023-11-10,10986.00,2933.55,0.00,13919.55,PAID,10986.00,2933.55,,,2023-11-10 00:00:00+00:00,REF-20231110-2952,True,2484
2412,166,2023-11-01,2023-11-10,15261.00,2565.00,0.00,17826.00,PAID,15261.00,2565.00,,,2023-11-10 00:00:00+00:00,REF-20231110-2412,True,1944
2736,175,2023-11-01,2023-11-15,11675.00,2839.50,0.00,14514.50,PAID,11675.00,2839.50,,,2023-11-15 00:00:00+00:00,REF-20231115-2736,True,2268
2772,176,2023-11-01,2023-11-15,10789.00,2550.60,0.00,13339.60,PAID,10789.00,2550.60,,,2023-11-15 00:00:00+00:00,REF-20231115-2772,True,2304
2340,164,2023-11-01,2023-11-10,9196.00,2794.95,0.00,11990.95,PAID,9196.00,2794.95,,,2023-11-10 00:00:00+00:00,REF-20231110-2340,True,1872
2988,182,2023-11-01,2023-11-15,15393.00,3239.10,0.00,18632.10,PAID,15393.00,3239.10,,,2023-11-15 00:00:00+00:00,REF-20231115-2988,True,2520
1763,148,2023-10-01,2023-10-10,12762.00,2911.95,0.00,15673.95,PAID,12762.00,2911.95,,,2023-10-10 00:00:00+00:00,REF-20231010-1763,True,1295
2339,164,2023-10-01,2023-10-10,9196.00,2128.50,0.00,11324.50,PAID,9196.00,2128.50,,,2023-10-17 00:00:00+00:00,REF-20231017-2339,True,1871
2951,181,2023-10-01,2023-10-10,10986.00,2878.20,0.00,13864.20,PAID,10986.00,2878.20,,,2023-10-13 00:00:00+00:00,REF-20231013-2951,True,2483
2447,167,2023-10-01,2023-10-15,20093.00,2151.00,0.00,22244.00,PAID,20093.00,2151.00,,,2023-10-15 00:00:00+00:00,REF-20231015-2447,True,1979
2267,162,2023-10-01,2023-10-05,19048.00,2310.30,0.00,21358.30,PAID,19048.00,2310.30,,,2023-10-05 00:00:00+00:00,REF-20231005-2267,True,1799
2663,173,2023-10-01,2023-10-05,24361.00,2934.45,0.00,27295.45,PAID,24361.00,2934.45,,,2023-10-05 00:00:00+00:00,REF-20231005-2663,True,2195
2015,155,2023-10-01,2023-10-15,20483.00,3308.40,0.00,23791.40,PAID,20483.00,3308.40,,,2023-10-15 00:00:00+00:00,REF-20231015-2015,True,1547
2735,175,2023-10-01,2023-10-15,11675.00,3179.70,0.00,14854.70,PAID,11675.00,3179.70,,,2023-10-15 00:00:00+00:00,REF-20231015-2735,True,2267
2771,176,2023-10-01,2023-10-15,10789.00,1350.00,0.00,12139.00,PAID,10789.00,1350.00,,,2023-10-15 00:00:00+00:00,REF-20231015-2771,True,2303
2087,157,2023-10-01,2023-10-10,16615.00,2550.15,0.00,19165.15,PAID,16615.00,2550.15,,,2023-10-14 00:00:00+00:00,REF-20231014-2087,True,1619
1943,153,2023-10-01,2023-10-05,8589.00,2840.40,0.00,11429.40,PAID,8589.00,2840.40,,,2023-10-25 00:00:00+00:00,REF-20231025-1943,True,1475
2627,172,2023-10-01,2023-10-15,14372.00,2871.00,0.00,17243.00,PAID,14372.00,2871.00,,,2023-10-15 00:00:00+00:00,REF-20231015-2627,True,2159
2411,166,2023-10-01,2023-10-10,15261.00,2094.30,0.00,17355.30,PAID,15261.00,2094.30,,,2023-10-10 00:00:00+00:00,REF-20231010-2411,True,1943
2807,177,2023-10-01,2023-10-05,8325.00,2024.10,0.00,10349.10,PAID,8325.00,2024.10,,,2023-10-25 00:00:00+00:00,REF-20231025-2807,True,2339
2123,158,2023-10-01,2023-10-15,18790.00,2005.65,0.00,20795.65,PAID,18790.00,2005.65,,,2023-11-03 00:00:00+00:00,REF-20231103-2123,True,1655
1907,152,2023-10-01,2023-10-10,8991.00,3022.65,0.00,12013.65,PAID,8991.00,3022.65,,,2023-10-10 00:00:00+00:00,REF-20231010-1907,True,1439
2051,156,2023-10-01,2023-10-15,16423.00,1824.75,0.00,18247.75,PAID,16423.00,1824.75,,,2023-10-15 00:00:00+00:00,REF-20231015-2051,True,1583
3023,183,2023-10-01,2023-10-10,17289.00,1510.65,0.00,18799.65,PAID,17289.00,1510.65,,,2023-10-10 00:00:00+00:00,REF-20231010-3023,True,2555
2375,165,2023-10-01,2023-10-10,18241.00,2624.85,0.00,20865.85,PAID,18241.00,2624.85,,,2023-10-10 00:00:00+00:00,REF-20231010-2375,True,1907
2591,171,2023-10-01,2023-10-05,9680.00,1953.90,0.00,11633.90,PAID,9680.00,1953.90,,,2023-10-05 00:00:00+00:00,REF-20231005-2591,True,2123
2843,178,2023-10-01,2023-10-15,13339.00,2503.35,0.00,15842.35,PAID,13339.00,2503.35,,,2023-10-15 00:00:00+00:00,REF-20231015-2843,True,2375
1691,146,2023-10-01,2023-10-10,12967.00,1350.00,0.00,14317.00,PAID,12967.00,1350.00,,,2023-10-10 00:00:00+00:00,REF-20231010-1691,True,1223
1871,151,2023-10-01,2023-10-10,22061.00,2306.70,0.00,24367.70,PAID,22061.00,2306.70,,,2023-10-10 00:00:00+00:00,REF-20231010-1871,True,1403
2159,159,2023-10-01,2023-10-05,22110.00,2395.35,0.00,24505.35,PAID,22110.00,2395.35,,,2023-10-05 00:00:00+00:00,REF-20231005-2159,True,1691
2555,170,2023-10-01,2023-10-10,21005.00,2254.05,0.00,23259.05,PAID,21005.00,2254.05,,,2023-10-10 00:00:00+00:00,REF-20231010-2555,True,2087
2303,163,2023-10-01,2023-10-15,15487.00,2641.05,0.00,18128.05,PAID,15487.00,2641.05,,,2023-10-18 00:00:00+00:00,REF-20231018-2303,True,1835
1835,150,2023-10-01,2023-10-05,12073.00,2226.60,0.00,14299.60,PAID,12073.00,2226.60,,,2023-10-05 00:00:00+00:00,REF-20231005-1835,True,1367
2879,179,2023-10-01,2023-10-10,12137.00,2005.20,0.00,14142.20,PAID,12137.00,2005.20,,,2023-10-10 00:00:00+00:00,REF-20231010-2879,True,2411
2195,160,2023-10-01,2023-10-05,13039.00,2561.40,0.00,15600.40,PAID,13039.00,2561.40,,,2023-10-05 00:00:00+00:00,REF-20231005-2195,True,1727
1655,145,2023-10-01,2023-10-10,24585.00,2498.85,0.00,27083.85,PAID,24585.00,2498.85,,,2023-10-10 00:00:00+00:00,REF-20231010-1655,True,1187
2519,169,2023-10-01,2023-10-15,12907.00,2756.25,0.00,15663.25,PAID,12907.00,2756.25,,,2023-10-24 00:00:00+00:00,REF-20231024-2519,True,2051
2987,182,2023-10-01,2023-10-15,15393.00,2379.60,0.00,17772.60,PAID,15393.00,2379.60,,,2023-10-15 00:00:00+00:00,REF-20231015-2987,True,2519
1799,149,2023-10-01,2023-10-10,12918.00,1754.55,0.00,14672.55,PAID,12918.00,1754.55,,,2023-11-01 00:00:00+00:00,REF-20231101-1799,True,1331
2915,180,2023-10-01,2023-10-15,18152.00,2186.10,0.00,20338.10,PAID,18152.00,2186.10,,,2023-10-15 00:00:00+00:00,REF-20231015-2915,True,2447
1727,147,2023-10-01,2023-10-15,13413.00,1804.05,0.00,15217.05,PAID,13413.00,1804.05,,,2023-10-22 00:00:00+00:00,REF-20231022-1727,True,1259
2231,161,2023-10-01,2023-10-10,8100.00,2853.90,0.00,10953.90,PAID,8100.00,2853.90,,,2023-10-10 00:00:00+00:00,REF-20231010-2231,True,1763
2483,168,2023-10-01,2023-10-10,8811.00,3104.55,0.00,11915.55,PAID,8811.00,3104.55,,,2023-10-10 00:00:00+00:00,REF-20231010-2483,True,2015
2699,174,2023-10-01,2023-10-10,15982.00,2034.00,0.00,18016.00,PAID,15982.00,2034.00,,,2023-11-17 00:00:00+00:00,REF-20231117-2699,True,2231
1979,154,2023-10-01,2023-10-10,15421.00,1794.60,0.00,17215.60,PAID,15421.00,1794.60,,,2023-10-10 00:00:00+00:00,REF-20231010-1979,True,1511
2770,176,2023-09-01,2023-09-15,10789.00,1671.75,0.00,12460.75,PAID,10789.00,1671.75,,,2023-09-15 00:00:00+00:00,REF-20230915-2770,True,2302
2806,177,2023-09-01,2023-09-05,8325.00,2236.50,0.00,10561.50,PAID,8325.00,2236.50,,,2023-09-05 00:00:00+00:00,REF-20230905-2806,True,2338
2986,182,2023-09-01,2023-09-15,15393.00,2659.05,0.00,18052.05,PAID,15393.00,2659.05,,,2023-09-15 00:00:00+00:00,REF-20230915-2986,True,2518
3022,183,2023-09-01,2023-09-10,17289.00,2045.70,0.00,19334.70,PAID,17289.00,2045.70,,,2023-09-10 00:00:00+00:00,REF-20230910-3022,True,2554
2734,175,2023-09-01,2023-09-15,11675.00,2310.30,0.00,13985.30,PAID,11675.00,2310.30,,,2023-09-15 00:00:00+00:00,REF-20230915-2734,True,2266
1906,152,2023-09-01,2023-09-10,8991.00,2454.30,0.00,11445.30,PAID,8991.00,2454.30,,,2023-09-12 00:00:00+00:00,REF-20230912-1906,True,1438
2374,165,2023-09-01,2023-09-10,18241.00,2100.60,0.00,20341.60,PAID,18241.00,2100.60,,,2023-09-10 00:00:00+00:00,REF-20230910-2374,True,1906
1798,149,2023-09-01,2023-09-10,12918.00,2290.50,0.00,15208.50,PAID,12918.00,2290.50,,,2023-09-10 00:00:00+00:00,REF-20230910-1798,True,1330
2194,160,2023-09-01,2023-09-05,13039.00,2080.35,0.00,15119.35,PAID,13039.00,2080.35,,,2023-09-05 00:00:00+00:00,REF-20230905-2194,True,1726
2122,158,2023-09-01,2023-09-15,18790.00,2396.25,0.00,21186.25,PAID,18790.00,2396.25,,,2023-09-15 00:00:00+00:00,REF-20230915-2122,True,1654
2338,164,2023-09-01,2023-09-10,9196.00,2365.65,0.00,11561.65,PAID,9196.00,2365.65,,,2023-09-10 00:00:00+00:00,REF-20230910-2338,True,1870
1834,150,2023-09-01,2023-09-05,12073.00,1350.00,0.00,13423.00,PAID,12073.00,1350.00,,,2023-09-05 00:00:00+00:00,REF-20230905-1834,True,1366
2914,180,2023-09-01,2023-09-15,18152.00,1500.75,0.00,19652.75,PAID,18152.00,1500.75,,,2023-10-06 00:00:00+00:00,REF-20231006-2914,True,2446
1762,148,2023-09-01,2023-09-10,12762.00,2049.30,0.00,14811.30,PAID,12762.00,2049.30,,,2023-09-10 00:00:00+00:00,REF-20230910-1762,True,1294
2662,173,2023-09-01,2023-09-05,24361.00,1550.70,0.00,25911.70,PAID,24361.00,1550.70,,,2023-09-05 00:00:00+00:00,REF-20230905-2662,True,2194
2626,172,2023-09-01,2023-09-15,14372.00,3208.05,0.00,17580.05,PAID,14372.00,3208.05,,,2023-09-22 00:00:00+00:00,REF-20230922-2626,True,2158
2266,162,2023-09-01,2023-09-05,19048.00,2656.35,0.00,21704.35,PAID,19048.00,2656.35,,,2023-09-05 00:00:00+00:00,REF-20230905-2266,True,1798
1978,154,2023-09-01,2023-09-10,15421.00,1990.35,0.00,17411.35,PAID,15421.00,1990.35,,,2023-09-10 00:00:00+00:00,REF-20230910-1978,True,1510
1726,147,2023-09-01,2023-09-15,13413.00,3123.90,0.00,16536.90,PAID,13413.00,3123.90,,,2023-09-15 00:00:00+00:00,REF-20230915-1726,True,1258
2014,155,2023-09-01,2023-09-15,20483.00,2739.15,0.00,23222.15,PAID,20483.00,2739.15,,,2023-09-15 00:00:00+00:00,REF-20230915-2014,True,1546
2410,166,2023-09-01,2023-09-10,15261.00,2491.65,0.00,17752.65,PAID,15261.00,2491.65,,,2023-09-10 00:00:00+00:00,REF-20230910-2410,True,1942
2698,174,2023-09-01,2023-09-10,15982.00,3324.60,0.00,19306.60,PAID,15982.00,3324.60,,,2023-09-19 00:00:00+00:00,REF-20230919-2698,True,2230
2230,161,2023-09-01,2023-09-10,8100.00,2185.65,0.00,10285.65,PAID,8100.00,2185.65,,,2023-09-10 00:00:00+00:00,REF-20230910-2230,True,1762
2482,168,2023-09-01,2023-09-10,8811.00,2538.00,0.00,11349.00,PAID,8811.00,2538.00,,,2023-09-10 00:00:00+00:00,REF-20230910-2482,True,2014
2302,163,2023-09-01,2023-09-15,15487.00,2448.00,0.00,17935.00,PAID,15487.00,2448.00,,,2023-09-15 00:00:00+00:00,REF-20230915-2302,True,1834
1870,151,2023-09-01,2023-09-10,22061.00,2162.25,0.00,24223.25,PAID,22061.00,2162.25,,,2023-09-10 00:00:00+00:00,REF-20230910-1870,True,1402
2158,159,2023-09-01,2023-09-05,22110.00,1785.60,0.00,23895.60,PAID,22110.00,1785.60,,,2023-09-05 00:00:00+00:00,REF-20230905-2158,True,1690
2446,167,2023-09-01,2023-09-15,20093.00,1350.00,0.00,21443.00,PAID,20093.00,1350.00,,,2023-09-15 00:00:00+00:00,REF-20230915-2446,True,1978
1690,146,2023-09-01,2023-09-10,12967.00,2825.10,0.00,15792.10,PAID,12967.00,2825.10,,,2023-09-10 00:00:00+00:00,REF-20230910-1690,True,1222
2842,178,2023-09-01,2023-09-15,13339.00,1434.60,0.00,14773.60,PAID,13339.00,1434.60,,,2023-09-15 00:00:00+00:00,REF-20230915-2842,True,2374
1654,145,2023-09-01,2023-09-10,24585.00,1548.90,0.00,26133.90,PAID,24585.00,1548.90,,,2023-09-10 00:00:00+00:00,REF-20230910-1654,True,1186
1942,153,2023-09-01,2023-09-05,8589.00,1869.75,0.00,10458.75,PAID,8589.00,1869.75,,,2023-09-06 00:00:00+00:00,REF-20230906-1942,True,1474
2086,157,2023-09-01,2023-09-10,16615.00,2119.05,0.00,18734.05,PAID,16615.00,2119.05,,,2023-09-13 00:00:00+00:00,REF-20230913-2086,True,1618
2950,181,2023-09-01,2023-09-10,10986.00,1657.80,0.00,12643.80,PAID,10986.00,1657.80,,,2023-09-10 00:00:00+00:00,REF-20230910-2950,True,2482
2878,179,2023-09-01,2023-09-10,12137.00,2601.90,0.00,14738.90,PAID,12137.00,2601.90,,,2023-09-10 00:00:00+00:00,REF-20230910-2878,True,2410
2518,169,2023-09-01,2023-09-15,12907.00,2670.30,0.00,15577.30,PAID,12907.00,2670.30,,,2023-09-20 00:00:00+00:00,REF-20230920-2518,True,2050
2590,171,2023-09-01,2023-09-05,9680.00,2593.80,0.00,12273.80,PAID,9680.00,2593.80,,,2023-09-09 00:00:00+00:00,REF-20230909-2590,True,2122
2554,170,2023-09-01,2023-09-10,21005.00,2335.95,0.00,23340.95,PAID,21005.00,2335.95,,,2023-10-25 00:00:00+00:00,REF-20231025-2554,True,2086
2050,156,2023-09-01,2023-09-15,16423.00,2006.10,0.00,18429.10,PAID,16423.00,2006.10,,,2023-09-15 00:00:00+00:00,REF-20230915-2050,True,1582
2301,163,2023-08-01,2023-08-15,15487.00,2429.10,0.00,17916.10,PAID,15487.00,2429.10,,,2023-08-15 00:00:00+00:00,REF-20230815-2301,True,1833
1905,152,2023-08-01,2023-08-10,8991.00,2938.95,0.00,11929.95,PAID,8991.00,2938.95,,,2023-08-14 00:00:00+00:00,REF-20230814-1905,True,1437
1833,150,2023-08-01,2023-08-05,12073.00,1866.15,0.00,13939.15,PAID,12073.00,1866.15,,,2023-08-08 00:00:00+00:00,REF-20230808-1833,True,1365
2445,167,2023-08-01,2023-08-15,20093.00,1850.85,0.00,21943.85,PAID,20093.00,1850.85,,,2023-08-17 00:00:00+00:00,REF-20230817-2445,True,1977
2121,158,2023-08-01,2023-08-15,18790.00,2452.50,0.00,21242.50,PAID,18790.00,2452.50,,,2023-08-15 00:00:00+00:00,REF-20230815-2121,True,1653
2805,177,2023-08-01,2023-08-05,8325.00,1407.15,0.00,9732.15,PAID,8325.00,1407.15,,,2023-08-05 00:00:00+00:00,REF-20230805-2805,True,2337
2049,156,2023-08-01,2023-08-15,16423.00,2430.45,0.00,18853.45,PAID,16423.00,2430.45,,,2023-08-15 00:00:00+00:00,REF-20230815-2049,True,1581
2193,160,2023-08-01,2023-08-05,13039.00,2299.05,0.00,15338.05,PAID,13039.00,2299.05,,,2023-08-05 00:00:00+00:00,REF-20230805-2193,True,1725
2733,175,2023-08-01,2023-08-15,11675.00,2600.55,0.00,14275.55,PAID,11675.00,2600.55,,,2023-08-15 00:00:00+00:00,REF-20230815-2733,True,2265
2697,174,2023-08-01,2023-08-10,15982.00,1557.00,0.00,17539.00,PAID,15982.00,1557.00,,,2023-08-10 00:00:00+00:00,REF-20230810-2697,True,2229
2625,172,2023-08-01,2023-08-15,14372.00,2268.45,0.00,16640.45,PAID,14372.00,2268.45,,,2023-08-15 00:00:00+00:00,REF-20230815-2625,True,2157
2373,165,2023-08-01,2023-08-10,18241.00,2044.35,0.00,20285.35,PAID,18241.00,2044.35,,,2023-08-10 00:00:00+00:00,REF-20230810-2373,True,1905
2409,166,2023-08-01,2023-08-10,15261.00,2253.60,0.00,17514.60,PAID,15261.00,2253.60,,,2023-09-18 00:00:00+00:00,REF-20230918-2409,True,1941
1941,153,2023-08-01,2023-08-05,8589.00,2570.85,0.00,11159.85,PAID,8589.00,2570.85,,,2023-08-05 00:00:00+00:00,REF-20230805-1941,True,1473
2913,180,2023-08-01,2023-08-15,18152.00,1842.30,0.00,19994.30,PAID,18152.00,1842.30,,,2023-08-15 00:00:00+00:00,REF-20230815-2913,True,2445
2949,181,2023-08-01,2023-08-10,10986.00,2339.55,0.00,13325.55,PAID,10986.00,2339.55,,,2023-08-13 00:00:00+00:00,REF-20230813-2949,True,2481
2517,169,2023-08-01,2023-08-15,12907.00,2151.90,0.00,15058.90,PAID,12907.00,2151.90,,,2023-08-15 00:00:00+00:00,REF-20230815-2517,True,2049
2085,157,2023-08-01,2023-08-10,16615.00,2248.20,0.00,18863.20,PAID,16615.00,2248.20,,,2023-08-10 00:00:00+00:00,REF-20230810-2085,True,1617
2013,155,2023-08-01,2023-08-15,20483.00,2220.30,0.00,22703.30,PAID,20483.00,2220.30,,,2023-08-15 00:00:00+00:00,REF-20230815-2013,True,1545
2769,176,2023-08-01,2023-08-15,10789.00,2338.65,0.00,13127.65,PAID,10789.00,2338.65,,,2023-08-15 00:00:00+00:00,REF-20230815-2769,True,2301
2661,173,2023-08-01,2023-08-05,24361.00,2589.30,0.00,26950.30,PAID,24361.00,2589.30,,,2023-08-06 00:00:00+00:00,REF-20230806-2661,True,2193
1761,148,2023-08-01,2023-08-10,12762.00,1350.00,0.00,14112.00,PAID,12762.00,1350.00,,,2023-08-10 00:00:00+00:00,REF-20230810-1761,True,1293
1797,149,2023-08-01,2023-08-10,12918.00,2312.55,0.00,15230.55,PAID,12918.00,2312.55,,,2023-08-10 00:00:00+00:00,REF-20230810-1797,True,1329
2337,164,2023-08-01,2023-08-10,9196.00,2353.50,0.00,11549.50,PAID,9196.00,2353.50,,,2023-08-10 00:00:00+00:00,REF-20230810-2337,True,1869
2985,182,2023-08-01,2023-08-15,15393.00,1683.00,0.00,17076.00,PAID,15393.00,1683.00,,,2023-08-15 00:00:00+00:00,REF-20230815-2985,True,2517
1725,147,2023-08-01,2023-08-15,13413.00,2323.80,0.00,15736.80,PAID,13413.00,2323.80,,,2023-08-15 00:00:00+00:00,REF-20230815-1725,True,1257
1653,145,2023-08-01,2023-08-10,24585.00,2717.10,0.00,27302.10,PAID,24585.00,2717.10,,,2023-08-10 00:00:00+00:00,REF-20230810-1653,True,1185
2481,168,2023-08-01,2023-08-10,8811.00,2951.10,0.00,11762.10,PAID,8811.00,2951.10,,,2023-08-10 00:00:00+00:00,REF-20230810-2481,True,2013
1977,154,2023-08-01,2023-08-10,15421.00,1624.05,0.00,17045.05,PAID,15421.00,1624.05,,,2023-08-10 00:00:00+00:00,REF-20230810-1977,True,1509
2229,161,2023-08-01,2023-08-10,8100.00,1724.40,0.00,9824.40,PAID,8100.00,1724.40,,,2023-08-10 00:00:00+00:00,REF-20230810-2229,True,1761
1869,151,2023-08-01,2023-08-10,22061.00,3197.25,0.00,25258.25,PAID,22061.00,3197.25,,,2023-08-14 00:00:00+00:00,REF-20230814-1869,True,1401
2157,159,2023-08-01,2023-08-05,22110.00,2413.35,0.00,24523.35,PAID,22110.00,2413.35,,,2023-08-05 00:00:00+00:00,REF-20230805-2157,True,1689
2841,178,2023-08-01,2023-08-15,13339.00,2498.85,0.00,15837.85,PAID,13339.00,2498.85,,,2023-08-15 00:00:00+00:00,REF-20230815-2841,True,2373
1689,146,2023-08-01,2023-08-10,12967.00,2587.95,0.00,15554.95,PAID,12967.00,2587.95,,,2023-08-10 00:00:00+00:00,REF-20230810-1689,True,1221
3021,183,2023-08-01,2023-08-10,17289.00,2599.65,0.00,19888.65,PAID,17289.00,2599.65,,,2023-08-10 00:00:00+00:00,REF-20230810-3021,True,2553
2877,179,2023-08-01,2023-08-10,12137.00,2010.15,0.00,14147.15,PAID,12137.00,2010.15,,,2023-08-15 00:00:00+00:00,REF-20230815-2877,True,2409
2589,171,2023-08-01,2023-08-05,9680.00,1810.80,0.00,11490.80,PAID,9680.00,1810.80,,,2023-08-05 00:00:00+00:00,REF-20230805-2589,True,2121
2265,162,2023-08-01,2023-08-05,19048.00,2327.85,0.00,21375.85,PAID,19048.00,2327.85,,,2023-08-05 00:00:00+00:00,REF-20230805-2265,True,1797
2553,170,2023-08-01,2023-08-10,21005.00,1350.00,0.00,22355.00,PAID,21005.00,1350.00,,,2023-08-10 00:00:00+00:00,REF-20230810-2553,True,2085
2732,175,2023-07-01,2023-07-15,11675.00,3125.70,0.00,14800.70,PAID,11675.00,3125.70,,,2023-08-10 00:00:00+00:00,REF-20230810-2732,True,2264
2048,156,2023-07-01,2023-07-15,16423.00,3476.70,0.00,19899.70,PAID,16423.00,3476.70,,,2023-07-15 00:00:00+00:00,REF-20230715-2048,True,1580
1976,154,2023-07-01,2023-07-10,15421.00,2870.10,0.00,18291.10,PAID,15421.00,2870.10,,,2023-07-10 00:00:00+00:00,REF-20230710-1976,True,1508
2660,173,2023-07-01,2023-07-05,24361.00,3092.40,0.00,27453.40,PAID,24361.00,3092.40,,,2023-07-05 00:00:00+00:00,REF-20230705-2660,True,2192
2768,176,2023-07-01,2023-07-15,10789.00,2800.80,0.00,13589.80,PAID,10789.00,2800.80,,,2023-07-17 00:00:00+00:00,REF-20230717-2768,True,2300
2084,157,2023-07-01,2023-07-10,16615.00,2417.85,0.00,19032.85,PAID,16615.00,2417.85,,,2023-07-10 00:00:00+00:00,REF-20230710-2084,True,1616
2372,165,2023-07-01,2023-07-10,18241.00,2229.30,0.00,20470.30,PAID,18241.00,2229.30,,,2023-07-10 00:00:00+00:00,REF-20230710-2372,True,1904
1940,153,2023-07-01,2023-07-05,8589.00,2885.40,0.00,11474.40,PAID,8589.00,2885.40,,,2023-07-05 00:00:00+00:00,REF-20230705-1940,True,1472
2624,172,2023-07-01,2023-07-15,14372.00,1861.65,0.00,16233.65,PAID,14372.00,1861.65,,,2023-07-15 00:00:00+00:00,REF-20230715-2624,True,2156
2804,177,2023-07-01,2023-07-05,8325.00,2085.30,0.00,10410.30,PAID,8325.00,2085.30,,,2023-07-05 00:00:00+00:00,REF-20230705-2804,True,2336
2120,158,2023-07-01,2023-07-15,18790.00,2212.65,0.00,21002.65,PAID,18790.00,2212.65,,,2023-07-15 00:00:00+00:00,REF-20230715-2120,True,1652
1904,152,2023-07-01,2023-07-10,8991.00,1582.65,0.00,10573.65,PAID,8991.00,1582.65,,,2023-07-10 00:00:00+00:00,REF-20230710-1904,True,1436
2840,178,2023-07-01,2023-07-15,13339.00,1350.00,0.00,14689.00,PAID,13339.00,1350.00,,,2023-07-15 00:00:00+00:00,REF-20230715-2840,True,2372
2588,171,2023-07-01,2023-07-05,9680.00,1803.60,0.00,11483.60,PAID,9680.00,1803.60,,,2023-07-05 00:00:00+00:00,REF-20230705-2588,True,2120
2156,159,2023-07-01,2023-07-05,22110.00,1949.40,0.00,24059.40,PAID,22110.00,1949.40,,,2023-07-05 00:00:00+00:00,REF-20230705-2156,True,1688
2876,179,2023-07-01,2023-07-10,12137.00,1970.10,0.00,14107.10,PAID,12137.00,1970.10,,,2023-07-10 00:00:00+00:00,REF-20230710-2876,True,2408
2552,170,2023-07-01,2023-07-10,21005.00,2637.45,0.00,23642.45,PAID,21005.00,2637.45,,,2023-07-10 00:00:00+00:00,REF-20230710-2552,True,2084
1832,150,2023-07-01,2023-07-05,12073.00,2435.85,0.00,14508.85,PAID,12073.00,2435.85,,,2023-07-05 00:00:00+00:00,REF-20230705-1832,True,1364
2192,160,2023-07-01,2023-07-05,13039.00,2234.25,0.00,15273.25,PAID,13039.00,2234.25,,,2023-07-05 00:00:00+00:00,REF-20230705-2192,True,1724
2912,180,2023-07-01,2023-07-15,18152.00,1815.30,0.00,19967.30,PAID,18152.00,1815.30,,,2023-07-20 00:00:00+00:00,REF-20230720-2912,True,2444
2516,169,2023-07-01,2023-07-15,12907.00,2327.40,0.00,15234.40,PAID,12907.00,2327.40,,,2023-07-17 00:00:00+00:00,REF-20230717-2516,True,2048
1796,149,2023-07-01,2023-07-10,12918.00,1771.65,0.00,14689.65,PAID,12918.00,1771.65,,,2023-07-10 00:00:00+00:00,REF-20230710-1796,True,1328
2336,164,2023-07-01,2023-07-10,9196.00,2531.70,0.00,11727.70,PAID,9196.00,2531.70,,,2023-07-20 00:00:00+00:00,REF-20230720-2336,True,1868
2228,161,2023-07-01,2023-07-10,8100.00,1777.95,0.00,9877.95,PAID,8100.00,1777.95,,,2023-07-10 00:00:00+00:00,REF-20230710-2228,True,1760
2948,181,2023-07-01,2023-07-10,10986.00,1462.50,0.00,12448.50,PAID,10986.00,1462.50,,,2023-07-10 00:00:00+00:00,REF-20230710-2948,True,2480
2480,168,2023-07-01,2023-07-10,8811.00,2289.15,0.00,11100.15,PAID,8811.00,2289.15,,,2023-07-10 00:00:00+00:00,REF-20230710-2480,True,2012
1760,148,2023-07-01,2023-07-10,12762.00,2035.35,0.00,14797.35,PAID,12762.00,2035.35,,,2023-07-31 00:00:00+00:00,REF-20230731-1760,True,1292
2264,162,2023-07-01,2023-07-05,19048.00,2629.35,0.00,21677.35,PAID,19048.00,2629.35,,,2023-07-05 00:00:00+00:00,REF-20230705-2264,True,1796
1724,147,2023-07-01,2023-07-15,13413.00,2823.30,0.00,16236.30,PAID,13413.00,2823.30,,,2023-07-15 00:00:00+00:00,REF-20230715-1724,True,1256
2984,182,2023-07-01,2023-07-15,15393.00,2925.90,0.00,18318.90,PAID,15393.00,2925.90,,,2023-07-15 00:00:00+00:00,REF-20230715-2984,True,2516
2444,167,2023-07-01,2023-07-15,20093.00,1350.00,0.00,21443.00,PAID,20093.00,1350.00,,,2023-07-15 00:00:00+00:00,REF-20230715-2444,True,1976
2300,163,2023-07-01,2023-07-15,15487.00,3399.30,0.00,18886.30,PAID,15487.00,3399.30,,,2023-07-15 00:00:00+00:00,REF-20230715-2300,True,1832
1652,145,2023-07-01,2023-07-10,24585.00,1350.00,0.00,25935.00,PAID,24585.00,1350.00,,,2023-07-10 00:00:00+00:00,REF-20230710-1652,True,1184
1688,146,2023-07-01,2023-07-10,12967.00,2725.20,0.00,15692.20,PAID,12967.00,2725.20,,,2023-07-10 00:00:00+00:00,REF-20230710-1688,True,1220
3020,183,2023-07-01,2023-07-10,17289.00,2696.40,0.00,19985.40,PAID,17289.00,2696.40,,,2023-07-10 00:00:00+00:00,REF-20230710-3020,True,2552
2408,166,2023-07-01,2023-07-10,15261.00,2601.00,0.00,17862.00,PAID,15261.00,2601.00,,,2023-07-10 00:00:00+00:00,REF-20230710-2408,True,1940
2012,155,2023-07-01,2023-07-15,20483.00,1990.35,0.00,22473.35,PAID,20483.00,1990.35,,,2023-08-02 00:00:00+00:00,REF-20230802-2012,True,1544
2696,174,2023-07-01,2023-07-10,15982.00,3020.85,0.00,19002.85,PAID,15982.00,3020.85,,,2023-07-10 00:00:00+00:00,REF-20230710-2696,True,2228
1868,151,2023-07-01,2023-07-10,22061.00,2474.55,0.00,24535.55,PAID,22061.00,2474.55,,,2023-07-10 00:00:00+00:00,REF-20230710-1868,True,1400
2047,156,2023-06-01,2023-06-15,16423.00,2079.90,0.00,18502.90,PAID,16423.00,2079.90,,,2023-06-15 00:00:00+00:00,REF-20230615-2047,True,1579
1687,146,2023-06-01,2023-06-10,12967.00,2546.55,0.00,15513.55,PAID,12967.00,2546.55,,,2023-06-10 00:00:00+00:00,REF-20230610-1687,True,1219
2299,163,2023-06-01,2023-06-15,15487.00,1944.45,0.00,17431.45,PAID,15487.00,1944.45,,,2023-06-15 00:00:00+00:00,REF-20230615-2299,True,1831
3019,183,2023-06-01,2023-06-10,17289.00,2157.30,0.00,19446.30,PAID,17289.00,2157.30,,,2023-06-10 00:00:00+00:00,REF-20230610-3019,True,2551
2695,174,2023-06-01,2023-06-10,15982.00,1817.55,0.00,17799.55,PAID,15982.00,1817.55,,,2023-06-14 00:00:00+00:00,REF-20230614-2695,True,2227
2515,169,2023-06-01,2023-06-15,12907.00,2653.65,0.00,15560.65,PAID,12907.00,2653.65,,,2023-06-20 00:00:00+00:00,REF-20230620-2515,True,2047
2911,180,2023-06-01,2023-06-15,18152.00,2010.15,0.00,20162.15,PAID,18152.00,2010.15,,,2023-06-15 00:00:00+00:00,REF-20230615-2911,True,2443
1903,152,2023-06-01,2023-06-10,8991.00,2093.85,0.00,11084.85,PAID,8991.00,2093.85,,,2023-06-10 00:00:00+00:00,REF-20230610-1903,True,1435
2119,158,2023-06-01,2023-06-15,18790.00,2156.85,0.00,20946.85,PAID,18790.00,2156.85,,,2023-06-15 00:00:00+00:00,REF-20230615-2119,True,1651
2731,175,2023-06-01,2023-06-15,11675.00,1846.80,0.00,13521.80,PAID,11675.00,1846.80,,,2023-06-15 00:00:00+00:00,REF-20230615-2731,True,2263
2191,160,2023-06-01,2023-06-05,13039.00,2524.50,0.00,15563.50,PAID,13039.00,2524.50,,,2023-06-05 00:00:00+00:00,REF-20230605-2191,True,1723
2803,177,2023-06-01,2023-06-05,8325.00,2378.70,0.00,10703.70,PAID,8325.00,2378.70,,,2023-06-05 00:00:00+00:00,REF-20230605-2803,True,2335
2227,161,2023-06-01,2023-06-10,8100.00,2347.20,0.00,10447.20,PAID,8100.00,2347.20,,,2023-06-10 00:00:00+00:00,REF-20230610-2227,True,1759
2623,172,2023-06-01,2023-06-15,14372.00,2328.75,0.00,16700.75,PAID,14372.00,2328.75,,,2023-06-15 00:00:00+00:00,REF-20230615-2623,True,2155
2011,155,2023-06-01,2023-06-15,20483.00,2873.25,0.00,23356.25,PAID,20483.00,2873.25,,,2023-06-15 00:00:00+00:00,REF-20230615-2011,True,1543
1939,153,2023-06-01,2023-06-05,8589.00,2538.45,0.00,11127.45,PAID,8589.00,2538.45,,,2023-06-05 00:00:00+00:00,REF-20230605-1939,True,1471
2551,170,2023-06-01,2023-06-10,21005.00,2825.10,0.00,23830.10,PAID,21005.00,2825.10,,,2023-06-10 00:00:00+00:00,REF-20230610-2551,True,2083
2083,157,2023-06-01,2023-06-10,16615.00,3021.30,0.00,19636.30,PAID,16615.00,3021.30,,,2023-06-13 00:00:00+00:00,REF-20230613-2083,True,1615
2875,179,2023-06-01,2023-06-10,12137.00,2077.20,0.00,14214.20,PAID,12137.00,2077.20,,,2023-06-11 00:00:00+00:00,REF-20230611-2875,True,2407
2767,176,2023-06-01,2023-06-15,10789.00,1430.55,0.00,12219.55,PAID,10789.00,1430.55,,,2023-06-15 00:00:00+00:00,REF-20230615-2767,True,2299
2407,166,2023-06-01,2023-06-10,15261.00,2242.80,0.00,17503.80,PAID,15261.00,2242.80,,,2023-06-18 00:00:00+00:00,REF-20230618-2407,True,1939
1795,149,2023-06-01,2023-06-10,12918.00,2255.40,0.00,15173.40,PAID,12918.00,2255.40,,,2023-06-10 00:00:00+00:00,REF-20230610-1795,True,1327
1831,150,2023-06-01,2023-06-05,12073.00,2557.35,0.00,14630.35,PAID,12073.00,2557.35,,,2023-06-05 00:00:00+00:00,REF-20230605-1831,True,1363
1975,154,2023-06-01,2023-06-10,15421.00,2582.10,0.00,18003.10,PAID,15421.00,2582.10,,,2023-06-10 00:00:00+00:00,REF-20230610-1975,True,1507
2659,173,2023-06-01,2023-06-05,24361.00,3104.55,0.00,27465.55,PAID,24361.00,3104.55,,,2023-06-05 00:00:00+00:00,REF-20230605-2659,True,2191
2371,165,2023-06-01,2023-06-10,18241.00,2113.65,0.00,20354.65,PAID,18241.00,2113.65,,,2023-06-10 00:00:00+00:00,REF-20230610-2371,True,1903
1867,151,2023-06-01,2023-06-10,22061.00,3342.60,0.00,25403.60,PAID,22061.00,3342.60,,,2023-06-12 00:00:00+00:00,REF-20230612-1867,True,1399
2443,167,2023-06-01,2023-06-15,20093.00,1674.00,0.00,21767.00,PAID,20093.00,1674.00,,,2023-06-15 00:00:00+00:00,REF-20230615-2443,True,1975
2983,182,2023-06-01,2023-06-15,15393.00,2268.45,0.00,17661.45,PAID,15393.00,2268.45,,,2023-06-15 00:00:00+00:00,REF-20230615-2983,True,2515
2155,159,2023-06-01,2023-06-05,22110.00,2084.40,0.00,24194.40,PAID,22110.00,2084.40,,,2023-06-05 00:00:00+00:00,REF-20230605-2155,True,1687
1651,145,2023-06-01,2023-06-10,24585.00,1908.00,0.00,26493.00,PAID,24585.00,1908.00,,,2023-06-19 00:00:00+00:00,REF-20230619-1651,True,1183
2263,162,2023-06-01,2023-06-05,19048.00,2739.15,0.00,21787.15,PAID,19048.00,2739.15,,,2023-06-05 00:00:00+00:00,REF-20230605-2263,True,1795
2335,164,2023-06-01,2023-06-10,9196.00,2325.60,0.00,11521.60,PAID,9196.00,2325.60,,,2023-06-10 00:00:00+00:00,REF-20230610-2335,True,1867
1723,147,2023-06-01,2023-06-15,13413.00,2880.90,0.00,16293.90,PAID,13413.00,2880.90,,,2023-06-15 00:00:00+00:00,REF-20230615-1723,True,1255
2479,168,2023-06-01,2023-06-10,8811.00,2458.80,0.00,11269.80,PAID,8811.00,2458.80,,,2023-06-10 00:00:00+00:00,REF-20230610-2479,True,2011
2587,171,2023-06-01,2023-06-05,9680.00,2795.40,0.00,12475.40,PAID,9680.00,2795.40,,,2023-06-05 00:00:00+00:00,REF-20230605-2587,True,2119
1759,148,2023-06-01,2023-06-10,12762.00,2404.80,0.00,15166.80,PAID,12762.00,2404.80,,,2023-06-10 00:00:00+00:00,REF-20230610-1759,True,1291
2947,181,2023-06-01,2023-06-10,10986.00,1855.80,0.00,12841.80,PAID,10986.00,1855.80,,,2023-06-10 00:00:00+00:00,REF-20230610-2947,True,2479
2839,178,2023-06-01,2023-06-15,13339.00,1841.40,0.00,15180.40,PAID,13339.00,1841.40,,,2023-06-15 00:00:00+00:00,REF-20230615-2839,True,2371
2226,161,2023-05-01,2023-05-10,8100.00,0.00,0.00,8100.00,PAID,8100.00,0.00,,,2023-06-01 00:00:00+00:00,REF-20230601-2226,True,1758
1794,149,2023-05-01,2023-05-10,12918.00,0.00,0.00,12918.00,PAID,12918.00,0.00,,,2023-05-14 00:00:00+00:00,REF-20230514-1794,True,1326
1722,147,2023-05-01,2023-05-15,13413.00,0.00,0.00,13413.00,PAID,13413.00,0.00,,,2023-05-15 00:00:00+00:00,REF-20230515-1722,True,1254
2010,155,2023-05-01,2023-05-15,20483.00,0.00,0.00,20483.00,PAID,20483.00,0.00,,,2023-05-20 00:00:00+00:00,REF-20230520-2010,True,1542
2514,169,2023-05-01,2023-05-15,12907.00,0.00,0.00,12907.00,PAID,12907.00,0.00,,,2023-05-20 00:00:00+00:00,REF-20230520-2514,True,2046
2910,180,2023-05-01,2023-05-15,18152.00,0.00,0.00,18152.00,PAID,18152.00,0.00,,,2023-05-25 00:00:00+00:00,REF-20230525-2910,True,2442
2406,166,2023-05-01,2023-05-10,15261.00,0.00,0.00,15261.00,PAID,15261.00,0.00,,,2023-05-10 00:00:00+00:00,REF-20230510-2406,True,1938
1830,150,2023-05-01,2023-05-05,12073.00,0.00,0.00,12073.00,PAID,12073.00,0.00,,,2023-05-05 00:00:00+00:00,REF-20230505-1830,True,1362
2442,167,2023-05-01,2023-05-15,20093.00,0.00,0.00,20093.00,PAID,20093.00,0.00,,,2023-05-15 00:00:00+00:00,REF-20230515-2442,True,1974
2298,163,2023-05-01,2023-05-15,15487.00,0.00,0.00,15487.00,PAID,15487.00,0.00,,,2023-05-15 00:00:00+00:00,REF-20230515-2298,True,1830
2334,164,2023-05-01,2023-05-10,9196.00,0.00,0.00,9196.00,PAID,9196.00,0.00,,,2023-05-16 00:00:00+00:00,REF-20230516-2334,True,1866
3018,183,2023-05-01,2023-05-10,17289.00,0.00,0.00,17289.00,PAID,17289.00,0.00,,,2023-05-10 00:00:00+00:00,REF-20230510-3018,True,2550
2190,160,2023-05-01,2023-05-05,13039.00,0.00,0.00,13039.00,PAID,13039.00,0.00,,,2023-05-05 00:00:00+00:00,REF-20230505-2190,True,1722
2550,170,2023-05-01,2023-05-10,21005.00,0.00,0.00,21005.00,PAID,21005.00,0.00,,,2023-05-10 00:00:00+00:00,REF-20230510-2550,True,2082
2874,179,2023-05-01,2023-05-10,12137.00,0.00,0.00,12137.00,PAID,12137.00,0.00,,,2023-05-13 00:00:00+00:00,REF-20230513-2874,True,2406
1650,145,2023-05-01,2023-05-10,24585.00,0.00,0.00,24585.00,PAID,24585.00,0.00,,,2023-05-10 00:00:00+00:00,REF-20230510-1650,True,1182
1866,151,2023-05-01,2023-05-10,22061.00,0.00,0.00,22061.00,PAID,22061.00,0.00,,,2023-05-10 00:00:00+00:00,REF-20230510-1866,True,1398
2730,175,2023-05-01,2023-05-15,11675.00,0.00,0.00,11675.00,PAID,11675.00,0.00,,,2023-05-20 00:00:00+00:00,REF-20230520-2730,True,2262
2154,159,2023-05-01,2023-05-05,22110.00,0.00,0.00,22110.00,PAID,22110.00,0.00,,,2023-05-05 00:00:00+00:00,REF-20230505-2154,True,1686
2586,171,2023-05-01,2023-05-05,9680.00,0.00,0.00,9680.00,PAID,9680.00,0.00,,,2023-05-05 00:00:00+00:00,REF-20230505-2586,True,2118
1686,146,2023-05-01,2023-05-10,12967.00,0.00,0.00,12967.00,PAID,12967.00,0.00,,,2023-05-10 00:00:00+00:00,REF-20230510-1686,True,1218
2838,178,2023-05-01,2023-05-15,13339.00,0.00,0.00,13339.00,PAID,13339.00,0.00,,,2023-05-22 00:00:00+00:00,REF-20230522-2838,True,2370
1902,152,2023-05-01,2023-05-10,8991.00,0.00,0.00,8991.00,PAID,8991.00,0.00,,,2023-05-10 00:00:00+00:00,REF-20230510-1902,True,1434
2118,158,2023-05-01,2023-05-15,18790.00,0.00,0.00,18790.00,PAID,18790.00,0.00,,,2023-05-17 00:00:00+00:00,REF-20230517-2118,True,1650
2622,172,2023-05-01,2023-05-15,14372.00,0.00,0.00,14372.00,PAID,14372.00,0.00,,,2023-05-15 00:00:00+00:00,REF-20230515-2622,True,2154
2802,177,2023-05-01,2023-05-05,8325.00,0.00,0.00,8325.00,PAID,8325.00,0.00,,,2023-05-05 00:00:00+00:00,REF-20230505-2802,True,2334
1938,153,2023-05-01,2023-05-05,8589.00,0.00,0.00,8589.00,PAID,8589.00,0.00,,,2023-05-09 00:00:00+00:00,REF-20230509-1938,True,1470
2694,174,2023-05-01,2023-05-10,15982.00,0.00,0.00,15982.00,PAID,15982.00,0.00,,,2023-05-10 00:00:00+00:00,REF-20230510-2694,True,2226
2370,165,2023-05-01,2023-05-10,18241.00,0.00,0.00,18241.00,PAID,18241.00,0.00,,,2023-05-10 00:00:00+00:00,REF-20230510-2370,True,1902
2766,176,2023-05-01,2023-05-15,10789.00,0.00,0.00,10789.00,PAID,10789.00,0.00,,,2023-05-15 00:00:00+00:00,REF-20230515-2766,True,2298
2082,157,2023-05-01,2023-05-10,16615.00,0.00,0.00,16615.00,PAID,16615.00,0.00,,,2023-05-15 00:00:00+00:00,REF-20230515-2082,True,1614
2658,173,2023-05-01,2023-05-05,24361.00,0.00,0.00,24361.00,PAID,24361.00,0.00,,,2023-05-05 00:00:00+00:00,REF-20230505-2658,True,2190
1974,154,2023-05-01,2023-05-10,15421.00,0.00,0.00,15421.00,PAID,15421.00,0.00,,,2023-05-10 00:00:00+00:00,REF-20230510-1974,True,1506
2046,156,2023-05-01,2023-05-15,16423.00,0.00,0.00,16423.00,PAID,16423.00,0.00,,,2023-05-15 00:00:00+00:00,REF-20230515-2046,True,1578
2982,182,2023-05-01,2023-05-15,15393.00,0.00,0.00,15393.00,PAID,15393.00,0.00,,,2023-07-03 00:00:00+00:00,REF-20230703-2982,True,2514
2262,162,2023-05-01,2023-05-05,19048.00,0.00,0.00,19048.00,PAID,19048.00,0.00,,,2023-05-11 00:00:00+00:00,REF-20230511-2262,True,1794
2478,168,2023-05-01,2023-05-10,8811.00,0.00,0.00,8811.00,PAID,8811.00,0.00,,,2023-05-10 00:00:00+00:00,REF-20230510-2478,True,2010
1758,148,2023-05-01,2023-05-10,12762.00,0.00,0.00,12762.00,PAID,12762.00,0.00,,,2023-05-10 00:00:00+00:00,REF-20230510-1758,True,1290
2946,181,2023-05-01,2023-05-10,10986.00,0.00,0.00,10986.00,PAID,10986.00,0.00,,,2023-05-12 00:00:00+00:00,REF-20230512-2946,True,2478
